Station Code,Station Name,Station Type,Agency Name,State,District,Tehsil,Data Acquisition,Block,Village,Latitude,Longitude,Data Available From,Latest  Data Available,Type of Well,Aquifer Type,Well Depth,Data Type Code,Data Type Description,Unit,Jan-00,May-00,Aug-00,Nov-00,Jan-01,May-01,Aug-01,Nov-01,Jan-02,May-02,Aug-02,Nov-02,Jan-03,May-03,Aug-03,Nov-03,Jan-04,May-04,Aug-04,Nov-04,Jan-05,May-05,Aug-05,Nov-05,Jan-06,May-06,Aug-06,Nov-06,Jan-07,May-07,Aug-07,Nov-07,Jan-08,May-08,Aug-08,Nov-08,Jan-09,May-09,Aug-09,Nov-09,Jan-10,May-10,Aug-10,Nov-10,Jan-11,May-11,Aug-11,Nov-11,Jan-12,May-12,Aug-12,Nov-12,Jan-13,May-13,Aug-13,Nov-13,Jan-14,May-14,Aug-14,Nov-14,Jan-15,May-15,Aug-15,Nov-15,Jan-16,May-16,Aug-16,Nov-16,Jan-17,May-17,Aug-17,Nov-17,Jan-18,May-18,Aug-18,Nov-18,Jan-19,May-19,Aug-19,Nov-19,Jan-20,May-20,Aug-20,Nov-20,Jan-21,May-21,Aug-21,Nov-21,Jan-22,May-22,Aug-22,Nov-22,Jan-23,May-23,Aug-23,Nov-23,Jan-24,May-24,Aug-24,Nov-24
1.3123E+14,Kanakammachatrm,Ground water,Cgwb,Tamil nadu,Tiruvallur,Tiruttani,Manual,Tiruttani,Kanakammachatrm,13.2083,79.75,1996-01-05,2025-01-30,Dug well,Unconfined,10.5,HGZ,MANUAL-Water Level,m,4.21999979,5.900000095,,5.920000076,4.880000114,6.420000076,9.149999619,5.849999905,,4.940000057,6.5,6.699999809,6.800000191,8.5,4.840000153,,,7.210000038,7.699999809,7.820000172,,7.53000021,8.149999619,6.699999809,1.840000033,3.619999886,4.5,3.400000095,1.75,3.599999905,4.380000114,1.870000005,1.0,2.599999905,3.839999914,3.920000076,1.799999952,3.799999952,5.099999905,5.0,,6.099999905,4.099999905,4.300000191,1.5,3.039999962,2.849999905,2.799999952,1.25,2.910000086,,2.769999981,1.799999952,3.450000048,3.900000095,0.479999989,1.730000019,3.890000105,3.950000048,,3.75,5.070000172,,4.400000095,,3.470000029,3.950000048,4.800000191,4.900000095,6.53000021,7.199999809,6.130000114,3.200000048,7.599999905,7.800000191,6.099999905,8.75,6.800000191,8.449999809,3.700000048,2.380000114,,4.599999905,3.49000001,1.0,,2.599999905,0.579999983,1.100000024,5.010000229,5.539999962,2.099999905,1.549999952,,0.800000012,,0.910000026,3.299999952,2.049999952,1.399999976
1.60315E+14,Amingad,Ground water,Cgwb,Karnataka,Bagalkote,Hungund,Manual,Hungund,Amingad,16.0542,75.9417,1996-01-05,2024-08-25,Dug well,Unconfined,14.02,HGZ,MANUAL-Water Level,m,4.88,7.35,6.35,4.84,5.89,10.6,11.2,8.5,8.9,10.15,8.92,9.6,10.37,12.95,11.91,12.65,12.81,13.0,12.79,11.38,12.51,12.8,11.2,10.44,10.8,,,11.3,11.47,12.52,6.2,5.42,2.6,3.1,4.8,2.6,2.3,3.7,2.6,0.9,0.85,2.2,1.1,1.1,1.4,1.92,1.18,3.5,1.73,2.54,,1.91,2.11,2.97,2.78,2.26,2.8,3.45,2.8,2.95,3.15,4.45,4.5,2.6,,2.88,2.7,2.8,3.42,4.68,4.8,1.3,1.3,2.08,1.87,2.3,1.95,4.41,1.85,1.14,2.1,,,0.92,0.94,,0.85,0.81,,1.05,0.81,0.9,1.99,2.18,1.83,2.78,2.74,,1.5,
1.622E+14,Malapur,Ground water,Cgwb,Karnataka,Bagalkote,Mudhol,Manual,Mudhol,Malapur,16.3667,75.275,1996-01-05,2024-08-25,Dug well,Unconfined,8.32,HGZ,MANUAL-Water Level,m,1.570000052,2.680000067,,1.090000033,1.059999943,2.539999962,1.389999986,1.090000033,0.99000001,4.039999962,1.320000052,1.49000001,0.839999974,5.239999771,3.619999886,2.829999924,1.409999967,1.929999948,1.230000019,1.450000048,1.190000057,3.839999914,1.24000001,1.110000014,,3.289999962,2.730000019,2.269999981,2.569999933,3.960000038,2.029999971,1.460000038,1.539999962,3.940000057,2.339999914,0.819999993,1.559999943,2.089999914,0.839999974,1.440000057,1.340000033,3.24000001,0.589999974,1.340000033,1.539999962,2.859999895,0.939999998,1.409999967,1.370000005,3.579999924,,1.850000024,3.359999895,3.299999952,1.720000029,1.940000057,1.940000057,4.670000076,,2.24000001,2.140000105,7.860000134,5.840000153,3.890000105,,7.860000134,7.860000134,4.889999866,5.070000172,6.690000057,5.639999866,4.539999962,5.099999905,7.860000134,3.039999962,5.239999771,6.980000019,,1.840000033,4.400000095,5.699999809,,,3.289999962,5.639999866,,4.639999866,4.989999771,,3.940000057,3.589999914,3.890000105,5.920000076,7.570000172,8.300000191,7.869999886,8.600000381,,3.390000105,
1.557E+14,Pattadakal,Ground water,Cgwb,Karnataka,Bagalkote,Badami,Manual,Badami,Pattadakal,15.95,75.8,1996-01-05,2024-08-25,Dug well,Unconfined,11.14,HGZ,MANUAL-Water Level,m,7.840000153,6.710000038,8.010000229,7.25,7.5,9.659999847,8.56000042,7.809999943,7.909999847,9.659999847,8.489999771,8.909999847,8.979999542,9.609999657,9.43999958,9.760000229,9.869999886,,9.619999886,9.329999924,9.159999847,9.899999619,9.159999847,8.619999886,8.859999657,9.659999847,9.359999657,7.480000019,7.929999828,9.43999958,6.010000229,6.159999847,6.429999828,7.659999847,7.210000038,6.480000019,7.960000038,8.359999657,9.260000229,5.360000134,6.360000134,7.460000038,7.659999847,7.360000134,6.960000038,7.639999866,7.909999847,7.619999886,7.510000229,7.760000229,,8.140000343,8.079999924,10.69999981,8.359999657,8.010000229,7.809999943,8.029999733,8.199999809,7.690000057,7.380000114,6.900000095,7.329999924,7.260000229,,,8.260000229,7.960000038,,7.880000114,8.520000458,8.119999886,7.739999771,7.440000057,7.800000191,7.559999943,7.210000038,8.090000153,5.309999943,4.809999943,7.099999905,,,5.460000038,6.570000172,,6.159999847,6.340000153,,6.409999847,5.559999943,5.260000229,7.440000057,8.300000191,8.119999886,10.31999969,8.449999809,,7.909999847,
1.601E+14,Tumba,Ground water,Cgwb,Karnataka,Bagalkote,Hungund,Manual,Hungund,Tumba,16.0167,76.1917,1996-01-05,2024-08-25,Dug well,Unconfined,8.5,HGZ,MANUAL-Water Level,m,4.610000134,4.190000057,4.159999847,4.0,4.300000191,5.199999809,5.400000095,4.150000095,4.400000095,4.650000095,,4.400000095,5.150000095,6.150000095,4.619999886,4.320000172,6.179999828,6.699999809,6.349999905,5.550000191,6.239999771,,,5.130000114,5.699999809,,6.260000229,5.360000134,5.900000095,7.710000038,5.849999905,5.340000153,5.590000153,4.900000095,4.309999943,3.220000029,5.599999905,5.0,4.5,3.700000048,4.0,4.699999809,4.400000095,4.400000095,4.599999905,5.050000191,4.449999809,4.690000057,4.949999809,5.75,,5.650000095,6.039999962,6.449999809,5.71999979,3.700000048,5.300000191,5.539999962,5.75,5.239999771,5.179999828,5.71999979,5.159999847,4.699999809,,5.369999886,5.46999979,5.349999905,5.650000095,6.159999847,6.190000057,5.119999886,5.210000038,5.579999924,5.71999979,6.0,6.079999924,,6.099999905,5.349999905,6.300000191,,,3.789999962,4.619999886,,4.639999866,4.300000191,,4.980000019,4.199999809,4.130000114,5.400000095,5.590000153,5.320000172,5.300000191,5.369999886,,4.449999809,
1.524E+14,Emmiganur,Ground water,Cgwb,Karnataka,Ballari,Bellary,Manual,Bellary,Emmiganur,15.4,76.7,1996-01-05,2024-08-06,Dug well,Unconfined,8.8,HGZ,MANUAL-Water Level,m,1.970000029,2.74000001,2.380000114,1.629999995,1.799999952,2.410000086,2.849999905,1.299999952,1.940000057,3.799999952,3.299999952,2.809999943,3.799999952,5.190000057,5.590000153,3.400000095,3.119999886,4.980000019,4.690000057,2.950000048,3.200000048,4.75,3.269999981,2.220000029,2.49000001,3.200000048,3.549999952,2.230000019,2.25,2.789999962,2.779999971,1.950000048,1.399999976,2.599999905,2.799999952,2.019999981,2.279999971,2.900000095,2.75,1.450000048,2.00999999,2.569999933,1.850000024,1.559999943,2.230000019,2.50999999,3.160000086,2.00999999,3.0,2.519999981,,1.590000033,2.400000095,2.700000048,2.299999952,1.600000024,2.430000067,2.700000048,2.670000076,1.409999967,2.799999952,2.940000057,4.869999886,2.450000048,,5.699999809,4.5,3.799999952,5.099999905,6.820000172,7.019999981,3.700000048,4.400000095,5.75,5.349999905,3.75,,6.849999905,5.400000095,1.450000048,3.769999981,,,3.599999905,4.199999809,,5.550000191,3.049999952,3.799999952,4.820000172,2.349999905,3.599999905,4.03000021,5.949999809,6.400000095,4.880000114,5.010000229,,7.619999886,
1.459E+14,Magala,Ground water,Cgwb,Karnataka,Ballari,Hadagalli,Manual,Hadagalli,Magala,14.9833,75.8,1996-01-05,2024-08-06,Dug well,Unconfined,12,HGZ,MANUAL-Water Level,m,6.400000095,5.869999886,5.199999809,3.299999952,4.320000172,4.989999771,5.150000095,4.099999905,4.920000076,6.949999809,7.119999886,5.409999847,8.420000076,6.03000021,,3.849999905,4.570000172,5.650000095,3.930000067,3.720000029,8.479999542,5.650000095,4.25,4.650000095,3.799999952,4.550000191,3.470000029,3.420000076,3.980000019,4.449999809,3.700000048,1.299999952,2.549999952,,3.099999905,3.099999905,3.109999895,3.849999905,3.460000038,1.909999967,2.799999952,3.5,3.059999943,1.850000024,2.200000048,3.420000076,3.700000048,3.74000001,4.829999924,3.910000086,,2.380000114,3.0,4.150000095,3.470000029,1.919999957,1.950000048,1.799999952,2.720000029,2.450000048,2.450000048,3.450000048,3.569999933,2.980000019,,3.950000048,3.029999971,3.329999924,4.150000095,5.050000191,4.179999828,2.25,2.710000038,3.710000038,2.680000067,2.730000019,2.869999886,4.559999943,1.700000048,0.930000007,2.529999971,,,0.75,1.649999976,,1.350000024,0.800000012,1.429999948,1.230000019,0.479999989,1.210000038,2.470000029,2.799999952,2.099999905,2.420000076,2.609999895,,1.5,
1.51145E+14,Toranagal,Ground water,Cgwb,Karnataka,Ballari,Sandur,Manual,Sandur,Toranagal,15.1958,76.675,1996-01-05,2024-08-06,Dug well,Unconfined,8.15,HGZ,MANUAL-Water Level,m,4.900000095,6.489999771,4.75,3.650000095,4.130000114,6.110000134,4.800000191,3.579999924,4.25,4.550000191,5.039999962,3.519999981,5.25,6.75,6.119999886,4.050000191,4.929999828,6.550000191,5.650000095,3.849999905,3.950000048,6.949999809,4.050000191,2.769999981,3.650000095,5.929999828,4.269999981,3.039999962,3.75999999,5.769999981,4.03000021,3.200000048,3.950000048,5.800000191,3.789999962,3.529999971,4.309999943,5.650000095,3.549999952,2.74000001,4.119999886,5.400000095,2.849999905,3.119999886,3.269999981,5.179999828,3.970000029,3.289999962,3.690000057,7.349999905,,2.970000029,3.5,5.849999905,3.680000067,3.200000048,3.670000076,5.150000095,3.549999952,2.400000095,3.450000048,5.070000172,3.930000067,2.849999905,,,3.650000095,3.25,4.199999809,6.550000191,6.300000191,1.350000024,4.369999886,3.519999981,3.819999933,,,6.0,4.920000076,2.630000114,5.050000191,,,3.25,5.110000134,,4.570000172,4.829999924,2.960000038,6.230000019,2.900000095,2.380000114,3.920000076,4.199999809,3.5,3.680000067,3.710000038,,2.680000067,
1.502E+14,Yeswanthanagar,Ground water,Cgwb,Karnataka,Ballari,Sandur,Manual,Sandur,Yeswanthanagar,15.0333,76.4833,1996-01-05,2024-08-06,Dug well,Unconfined,12.5,HGZ,MANUAL-Water Level,m,5.599999905,6.800000191,5.650000095,5.599999905,6.150000095,6.46999979,6.769999981,4.699999809,5.449999809,6.0,5.800000191,5.639999866,6.25,7.550000191,7.550000191,6.989999771,7.449999809,8.050000191,7.070000172,6.570000172,6.960000038,8.949999809,5.690000057,6.150000095,5.75,5.369999886,5.659999847,5.739999771,6.650000095,9.25,6.96999979,5.28000021,5.150000095,5.699999809,6.449999809,6.619999886,6.75,8.050000191,5.75,4.090000153,4.820000172,5.929999828,,3.599999905,3.819999933,5.25,4.980000019,5.079999924,5.650000095,6.599999905,,6.329999924,6.550000191,8.449999809,7.489999771,5.71999979,5.980000019,6.849999905,6.650000095,6.300000191,7.150000095,7.78000021,6.170000076,5.550000191,,7.800000191,7.170000076,7.400000095,8.329999924,10.05000019,10.09000015,5.199999809,8.050000191,9.449999809,8.800000191,8.75,,11.0,10.0,8.949999809,10.10000038,,,4.550000191,5.019999981,,5.070000172,4.730000019,6.090000153,6.920000076,4.309999943,3.119999886,5.800000191,6.829999924,6.800000191,7.300000191,7.21999979,,8.949999809,
1.3112E+14,Shivagange1,Ground water,Cgwb,Karnataka,Bangalore rural,Nelamangala,Manual,Nelamangala,Shivagange,13.1889,77.2278,1996-01-05,2024-08-25,Dug well,Unconfined,17,HGZ,MANUAL-Water Level,m,3.230000019,8.609999657,8.149999619,2.430000067,5.800000191,10.96000004,8.470000267,2.200000048,6.050000191,3.99000001,8.350000381,7.25,9.600000381,6.599999905,9.350000381,11.69999981,11.94999981,13.10000038,12.39999962,8.409999847,2.930000067,11.10999966,6.449999809,3.25,6.130000114,8.699999809,5.150000095,5.349999905,8.850000381,13.39999962,15.69999981,4.889999866,3.049999952,8.899999619,9.25,1.970000029,2.849999905,4.0,15.35000038,14.36999989,4.710000038,5.639999866,15.60000038,13.89999962,8.100000381,11.05000019,11.22999954,9.020000458,9.329999924,10.89999962,,15.13000011,15.30000019,14.10000038,14.38000011,13.75,13.42000008,13.85000038,2.079999924,1.299999952,2.950000048,5.539999962,2.200000048,1.549999952,,2.660000086,1.879999995,2.50999999,2.599999905,3.319999933,2.25,1.399999976,2.400000095,1.899999976,3.200000048,2.359999895,2.299999952,4.0,1.700000048,1.899999976,6.320000172,,3.130000114,2.0,,,2.25,1.850000024,1.899999976,1.669999957,1.519999981,2.349999905,4.0,4.300000191,3.900000095,4.050000191,3.400000095,,4.299999714,
1.3163E+14,Vishwanathapura,Ground water,Cgwb,Karnataka,Bangalore rural,Devanhalli,Manual,Devanhalli,Vishwanathapura,13.275,77.65,1996-01-05,2024-08-25,Dug well,Unconfined,13.46,HGZ,MANUAL-Water Level,m,4.349999905,6.300000191,5.199999809,2.970000029,3.680000067,6.260000229,5.510000229,3.400000095,4.75,5.900000095,6.599999905,7.099999905,7.989999771,9.050000191,8.710000038,8.819999695,9.029999733,9.399999619,9.869999886,7.099999905,7.579999924,8.229999542,,5.199999809,3.880000114,5.699999809,5.840000153,5.829999924,6.579999924,6.840000153,6.199999809,4.199999809,4.380000114,4.239999771,4.340000153,4.0,4.900000095,5.03000021,5.550000191,4.090000153,4.170000076,5.25,3.420000076,3.619999886,3.75,5.5,3.980000019,4.460000038,7.03000021,5.090000153,,7.289999962,6.449999809,6.699999809,6.130000114,3.480000019,4.420000076,5.78000021,6.340000153,4.639999866,10.10000038,1.25,5.170000076,2.960000038,,5.179999828,3.75999999,4.420000076,5.25,5.880000114,5.300000191,2.799999952,4.019999981,5.269999981,5.730000019,5.730000019,6.349999905,7.449999809,6.400000095,4.869999886,6.320000172,,4.179999828,2.809999943,3.470000029,,3.849999905,1.200000048,1.919999957,3.210000038,2.349999905,,4.800000191,5.869999886,6.099999905,4.75,5.300000191,,4.449999809,
1.25521E+14,Bangalore ii,Ground water,Cgwb,Karnataka,Bangalore urban,Bangalore south,Manual,Bangalore south,Bangalore ii,12.9225,77.5792,1996-01-05,2024-08-25,Dug well,Unconfined,13.15,HGZ,MANUAL-Water Level,m,4.389999866,5.349999905,2.50999999,1.75,3.130000114,4.769999981,4.150000095,1.870000005,2.670000076,5.269999981,4.760000229,3.769999981,4.880000114,7.46999979,6.369999886,5.670000076,6.920000076,7.019999981,6.289999962,2.980000019,5.480000019,5.989999771,5.849999905,1.269999981,2.450000048,5.03000021,4.960000038,5.210000038,,5.869999886,4.670000076,2.089999914,3.529999971,3.960000038,3.569999933,3.039999962,5.039999962,5.090000153,2.980000019,2.109999895,2.470000029,4.71999979,4.269999981,3.25,3.220000029,4.070000172,1.870000005,2.400000095,5.170000076,4.139999866,,8.279999733,9.270000458,9.090000153,6.369999886,3.880000114,5.909999847,,7.369999886,4.53000021,4.260000229,4.769999981,3.319999933,1.289999962,,2.470000029,2.369999886,3.950000048,4.730000019,8.279999733,3.50999999,2.460000038,4.570000172,5.070000172,5.070000172,3.869999886,6.550000191,7.389999866,3.670000076,2.440000057,4.480000019,,5.099999905,,3.650000095,,2.829999924,2.069999933,,2.269999981,2.069999933,,5.599999905,4.75,5.099999905,,5.5,,2.970000029,
1.25639E+14,Bangalore-iv,Ground water,Cgwb,Karnataka,Bangalore urban,Bangalore north,Manual,Bangalore north,Bangalore-iv,12.9442,77.5583,1996-01-05,2024-08-25,Dug well,Unconfined,13.6,HGZ,MANUAL-Water Level,m,2.430000067,2.5,2.150000095,1.970000029,2.359999895,2.480000019,2.339999914,1.090000033,,2.349999905,2.349999905,2.200000048,2.640000105,2.75,2.00999999,1.649999976,2.299999952,2.099999905,2.150000095,2.049999952,2.660000086,2.74000001,2.059999943,1.700000048,2.019999981,2.849999905,2.890000105,2.670000076,,1.879999995,2.150000095,2.150000095,2.559999943,1.220000029,2.450000048,2.109999895,2.880000114,2.829999924,1.919999957,1.309999943,2.799999952,2.680000067,2.359999895,2.25,2.700000048,2.25,1.820000052,2.450000048,3.349999905,1.230000019,,2.99000001,3.400000095,,2.799999952,2.75999999,3.279999971,3.480000019,2.910000086,1.75,2.039999962,2.470000029,2.549999952,1.899999976,,2.440000057,2.0,3.299999952,3.710000038,3.309999943,1.830000043,1.159999967,1.799999952,4.309999943,2.150000095,1.799999952,2.50999999,3.380000114,1.700000048,1.350000024,3.319999933,,3.0,1.0,1.75999999,,1.590000033,1.200000048,,1.539999962,1.100000024,,3.5,1.820000052,,2.650000095,3.019999981,,0.120000005,
1.7164E+14,Bardol,Ground water,Cgwb,Karnataka,Bijapur,Indi,Manual,Indi,Bardol,17.2778,75.7278,1996-01-05,2024-08-25,Dug well,Unconfined,8.48,HGZ,MANUAL-Water Level,m,5.53000021,4.380000114,2.809999943,4.659999847,6.25,,5.840000153,1.539999962,4.389999866,,,5.090000153,,,8.020000458,3.49000001,6.539999962,7.880000114,,,4.489999771,8.380000114,7.119999886,4.96999979,5.130000114,,6.789999962,1.74000001,2.890000105,8.069999695,5.940000057,4.880000114,5.519999981,6.840000153,5.590000153,3.99000001,,7.889999866,2.24000001,1.389999986,2.890000105,7.190000057,2.289999962,2.289999962,3.190000057,7.980000019,4.809999943,8.069999695,,8.069999695,,2.5,3.539999962,,1.669999957,1.269999981,1.590000033,5.420000076,3.940000057,2.880000114,1.789999962,7.619999886,3.640000105,1.690000057,,8.069999695,1.690000057,1.690000057,2.849999905,8.039999962,1.570000052,1.889999986,3.220000029,6.670000076,5.159999847,7.190000057,7.989999771,,5.289999962,1.950000048,7.199999809,,,1.529999971,8.420000076,,1.309999943,3.49000001,,5.989999771,2.859999895,1.590000033,5.449999809,7.090000153,6.559999943,7.480000019,5.210000038,,4.599999905,
1.7184E+14,Chadchan,Ground water,Cgwb,Karnataka,Bijapur,Indi,Manual,Indi,Chadchan,17.3111,75.6611,1996-01-05,2024-08-25,Dug well,Unconfined,9.5,HGZ,MANUAL-Water Level,m,6.880000114,6.579999924,5.929999828,5.0,5.619999886,7.989999771,7.590000153,5.090000153,5.989999771,6.889999866,5.920000076,6.539999962,7.78000021,,7.369999886,6.989999771,7.690000057,6.840000153,,,6.039999962,7.909999847,6.590000153,4.909999847,5.760000229,7.159999847,5.829999924,5.989999771,6.090000153,7.820000172,5.440000057,4.53000021,5.630000114,6.389999866,6.989999771,5.889999866,6.590000153,7.590000153,7.389999866,4.389999866,4.989999771,5.789999962,5.090000153,5.690000057,5.289999962,6.449999809,5.820000172,5.809999943,6.449999809,7.239999771,,5.590000153,5.949999809,6.730000019,6.679999828,5.989999771,5.739999771,6.659999847,6.289999962,5.420000076,5.739999771,6.809999943,6.989999771,6.389999866,,7.789999962,6.489999771,5.789999962,6.090000153,7.239999771,7.400000095,4.840000153,5.389999866,6.429999828,6.590000153,7.090000153,7.309999943,,7.110000134,5.170000076,7.099999905,,,4.389999866,5.210000038,,4.679999828,4.440000057,,5.159999847,4.519999981,4.300000191,5.610000134,6.389999866,6.349999905,6.320000172,6.309999943,,6.300000191,
1.64645E+14,Deur tanda,Ground water,Cgwb,Karnataka,Bijapur,Sindgi,Manual,Sindgi,Deur tanda,16.7792,76.0958,1996-01-05,2024-08-25,Dug well,Unconfined,8.1,HGZ,MANUAL-Water Level,m,7.619999886,4.880000114,3.609999895,3.109999895,5.739999771,5.539999962,5.840000153,2.940000057,5.789999962,4.090000153,4.360000134,3.289999962,5.889999866,5.590000153,3.24000001,4.090000153,5.789999962,8.010000229,6.929999828,5.960000038,,,6.840000153,6.840000153,,2.839999914,2.420000076,3.589999914,5.889999866,5.860000134,1.600000024,3.039999962,3.420000076,4.340000153,2.940000057,4.739999771,3.839999914,3.440000057,1.940000057,3.140000105,3.74000001,4.539999962,1.139999986,2.640000105,5.239999771,4.460000038,3.390000105,5.869999886,5.940000057,5.809999943,,3.680000067,5.739999771,5.139999866,2.710000038,2.910000086,4.690000057,3.940000057,6.239999771,3.079999924,5.489999771,4.690000057,7.489999771,5.340000153,,5.739999771,3.24000001,3.49000001,5.559999943,5.510000229,4.150000095,3.410000086,3.079999924,3.339999914,5.940000057,5.739999771,5.5,5.769999981,2.00999999,2.50999999,5.199999809,,,2.039999962,3.390000105,,1.889999986,2.49000001,,4.920000076,2.24000001,2.720000029,4.730000019,3.789999962,2.849999905,4.519999981,5.590000153,,3.579999924,
1.708E+14,Devanagao,Ground water,Cgwb,Karnataka,Bijapur,Sindgi,Manual,Sindgi,Devanagao,17.1333,76.3,1996-05-15,2024-08-25,Dug well,Unconfined,11.03,HGZ,MANUAL-Water Level,m,6.880000114,10.77000046,7.409999847,5.320000172,6.239999771,10.05000019,8.449999809,6.199999809,7.300000191,9.050000191,7.099999905,7.699999809,8.510000229,9.899999619,8.779999733,7.949999809,8.199999809,9.159999847,8.050000191,7.980000019,7.349999905,9.170000076,5.5,4.159999847,5.489999771,7.039999962,4.0,4.800000191,6.0,7.050000191,5.349999905,4.849999905,5.5,6.400000095,6.599999905,4.800000191,6.0,6.599999905,4.900000095,3.0,4.25,6.050000191,3.5,2.400000095,3.400000095,4.699999809,3.170000076,3.880000114,3.910000086,4.710000038,,3.400000095,3.150000095,5.150000095,4.429999828,3.880000114,4.010000229,4.420000076,4.0,3.059999943,3.329999924,4.190000057,4.599999905,4.050000191,,5.53000021,4.199999809,5.150000095,5.550000191,7.639999866,8.350000381,3.200000048,4.409999847,6.829999924,6.5,4.599999905,5.679999828,8.399999619,4.75,,5.0,,,3.25,3.650000095,,4.320000172,6.110000134,,8.949999809,6.369999886,5.570000172,11.5,10.35000038,9.649999619,9.720000267,9.399999619,,10.60000038,
1.71915E+14,Halsangi,Ground water,Cgwb,Karnataka,Bijapur,Indi,Manual,Indi,Halsangi,17.3208,75.8347,1996-01-05,2024-08-25,Dug well,Unconfined,10.67,HGZ,MANUAL-Water Level,m,5.449999809,7.590000153,5.590000153,4.289999962,5.099999905,8.319999695,8.520000458,5.070000172,6.519999981,7.769999981,7.360000134,6.269999981,6.170000076,5.820000172,5.980000019,4.869999886,5.269999981,7.980000019,,,5.019999981,8.970000267,7.929999828,5.760000229,6.550000191,7.659999847,6.590000153,5.119999886,4.420000076,5.440000057,3.369999886,4.170000076,4.670000076,5.519999981,5.119999886,4.920000076,4.570000172,6.820000172,5.420000076,4.21999979,4.820000172,5.21999979,4.019999981,5.21999979,6.119999886,6.909999847,4.170000076,4.949999809,4.820000172,10.28999996,,4.170000076,5.099999905,8.520000458,5.929999828,4.75,5.369999886,7.429999828,8.43999958,6.550000191,5.28000021,7.670000076,7.170000076,7.519999981,,6.869999886,5.420000076,4.920000076,5.889999866,7.519999981,8.279999733,6.269999981,6.519999981,9.119999886,8.020000458,8.119999886,8.380000114,9.050000191,9.470000267,6.420000076,7.699999809,,,4.820000172,5.019999981,,5.619999886,5.420000076,,6.429999828,5.039999962,5.139999866,5.559999943,6.25,6.230000019,5.800000191,5.96999979,,5.150000095,
1.641E+14,Hanchali,Ground water,Cgwb,Karnataka,Bijapur,Sindgi,Manual,Sindgi,Hanchali,16.6833,76.2333,1996-01-05,2024-08-25,Dug well,Unconfined,13.5,HGZ,MANUAL-Water Level,m,11.31999969,12.46000004,6.840000153,3.660000086,5.650000095,10.77999973,8.779999733,3.380000114,6.03000021,,9.279999733,7.28000021,10.10000038,12.18000031,9.93999958,6.03000021,8.430000305,9.770000458,8.510000229,7.679999828,10.38000011,11.44999981,9.430000305,6.809999943,7.130000114,12.35000038,10.43000031,7.53000021,8.779999733,11.68000031,9.210000038,4.679999828,5.190000057,,10.18000031,10.07999992,4.78000021,12.61999989,8.180000305,2.980000019,5.679999828,12.27999973,10.38000011,6.079999924,7.579999924,12.53999996,11.75,12.60999966,,12.84000015,,11.60000038,12.32999992,12.77999973,7.920000076,2.579999924,4.380000114,8.130000114,5.130000114,3.609999895,5.570000172,9.380000114,11.88000011,5.679999828,,12.47999954,7.630000114,6.079999924,8.180000305,12.68000031,12.57999992,9.579999924,6.829999924,8.649999619,8.640000343,11.47999954,12.02999973,13.31000042,10.94999981,6.78000021,10.60000038,,,2.829999924,5.570000172,,4.53000021,5.809999943,,8.5,6.070000172,3.660000086,6.440000057,8.340000153,8.130000114,8.979999542,9.720000267,,8.920000076,
1.65E+14,Honnutagi,Ground water,Cgwb,Karnataka,Bijapur,Bijapur,Manual,Bijapur,Honnutagi,16.8333,75.8333,1996-01-05,2024-08-25,Dug well,Unconfined,16.59,HGZ,MANUAL-Water Level,m,4.519999981,6.099999905,2.730000019,3.279999971,5.460000038,8.930000305,9.579999924,1.730000019,4.179999828,7.829999924,6.03000021,,,,14.57999992,12.07999992,14.82999992,16.59000015,15.03999996,8.539999962,5.429999828,9.079999924,7.900000095,5.769999981,6.309999943,6.150000095,5.289999962,3.029999971,4.679999828,14.77999973,9.079999924,3.789999962,4.409999847,8.829999924,9.930000305,2.930000067,5.480000019,6.730000019,3.230000019,1.929999948,3.930000067,5.880000114,1.179999948,3.630000114,5.03000021,9.350000381,2.400000095,5.380000114,7.159999847,9.779999733,,2.559999943,4.849999905,9.460000038,8.829999924,3.5,5.429999828,9.609999657,13.27999973,4.059999943,6.480000019,8.899999619,13.27999973,4.929999828,,9.529999733,7.769999981,5.329999924,8.06000042,9.930000305,9.579999924,3.160000086,5.130000114,9.409999847,6.980000019,9.229999542,9.630000114,10.60000038,6.53000021,1.820000052,6.599999905,,,1.440000057,4.909999847,,1.090000033,3.029999971,,5.650000095,2.930000067,3.089999914,5.840000153,5.28000021,4.300000191,5.269999981,7.949999809,,2.529999971,
1.639E+14,Ingaleshwar,Ground water,Cgwb,Karnataka,Bijapur,Basavana bagevadi,Manual,Basavana bagevadi,Ingaleshwar,16.65,76.0167,1996-01-05,2024-08-25,Dug well,Unconfined,11.5,HGZ,MANUAL-Water Level,m,4.900000095,6.079999924,2.900000095,2.329999924,2.710000038,4.5,5.800000191,1.700000048,2.450000048,3.900000095,3.549999952,3.349999905,3.519999981,5.5,5.360000134,6.150000095,6.650000095,8.869999886,6.960000038,6.360000134,6.300000191,7.730000019,7.099999905,5.130000114,5.570000172,6.199999809,6.300000191,5.5,5.800000191,,8.109999657,3.400000095,3.730000019,5.400000095,6.5,4.800000191,5.599999905,6.949999809,6.300000191,1.5,1.700000048,3.5,,1.049999952,,2.349999905,2.119999886,3.299999952,3.890000105,4.349999905,,4.099999905,5.239999771,1.299999952,3.349999905,1.700000048,3.349999905,5.800000191,6.71999979,3.349999905,4.949999809,6.449999809,6.550000191,3.549999952,,6.699999809,4.610000134,3.799999952,5.5,7.0,6.480000019,4.28000021,5.0,5.239999771,4.449999809,4.699999809,5.900000095,6.599999905,,2.140000105,3.200000048,,,1.029999971,2.069999933,,1.940000057,2.329999924,,3.309999943,1.649999976,1.879999995,2.390000105,2.900000095,2.789999962,3.670000076,4.190000057,,3.0,
1.6261E+14,Kolhar,Ground water,Cgwb,Karnataka,Bijapur,Basavana bagevadi,Manual,Basavana bagevadi,Kolhar,16.4361,75.6847,1996-01-05,2024-08-25,Dug well,Unconfined,11,HGZ,MANUAL-Water Level,m,6.590000153,6.5,6.110000134,4.849999905,5.809999943,7.090000153,6.519999981,5.269999981,6.519999981,7.21999979,,2.220000029,,6.570000172,,2.420000076,5.170000076,6.760000229,,,5.570000172,7.409999847,7.159999847,5.369999886,6.139999866,5.760000229,4.369999886,2.569999933,4.670000076,5.880000114,3.890000105,3.339999914,4.960000038,5.769999981,2.769999981,2.619999886,4.369999886,5.46999979,1.470000029,1.919999957,2.470000029,5.670000076,,1.570000052,3.069999933,5.449999809,1.950000048,3.099999905,4.889999866,6.03000021,,3.529999971,5.130000114,5.53000021,1.75999999,2.299999952,4.269999981,5.389999866,2.529999971,2.269999981,4.619999886,5.420000076,5.019999981,4.920000076,,5.670000076,1.75,2.569999933,3.980000019,4.420000076,,1.840000033,3.670000076,3.950000048,1.970000029,3.470000029,3.970000029,4.980000019,1.370000005,1.620000005,4.099999905,,,1.519999981,3.460000038,,,2.369999886,,3.549999952,2.119999886,2.700000048,4.050000191,4.260000229,2.400000095,,4.260000229,,3.950000048,
1.617E+14,Nebageri,Ground water,Cgwb,Karnataka,Bijapur,Muddebihal,Manual,Muddebihal,Nebageri,16.2833,76.1125,1996-01-05,2024-08-25,Dug well,Unconfined,9.74,HGZ,MANUAL-Water Level,m,6.079999924,5.579999924,5.920000076,5.570000172,5.849999905,8.069999695,7.920000076,6.170000076,6.46999979,7.619999886,5.559999943,6.420000076,6.71999979,8.319999695,9.039999962,7.820000172,8.319999695,9.979999542,8.720000267,7.28000021,5.820000172,7.869999886,7.090000153,5.389999866,5.71999979,5.139999866,4.420000076,2.869999886,2.470000029,3.670000076,1.899999976,1.649999976,1.730000019,2.869999886,3.569999933,2.420000076,2.769999981,2.970000029,2.970000029,2.269999981,2.369999886,2.819999933,,2.369999886,2.470000029,3.160000086,3.079999924,3.119999886,2.700000048,3.390000105,,3.210000038,2.779999971,,3.609999895,2.809999943,2.809999943,3.190000057,3.920000076,2.890000105,2.480000019,2.99000001,3.130000114,2.720000029,,4.599999905,4.599999905,3.119999886,2.880000114,0.790000021,3.400000095,2.079999924,2.5,3.150000095,2.839999914,6.46999979,2.910000086,5.25,3.369999886,2.930000067,3.599999905,,,1.570000052,2.569999933,,3.0,2.519999981,,3.470000029,3.190000057,4.079999924,3.390000105,4.849999905,4.599999905,4.340000153,4.170000076,,4.300000191,
1.6223E+14,Nidagundi,Ground water,Cgwb,Karnataka,Bijapur,Basavana bagevadi,Manual,Basavana bagevadi,Nidagundi,16.375,75.9,1996-01-05,2024-08-25,Dug well,Unconfined,15,HGZ,MANUAL-Water Level,m,4.389999866,8.409999847,8.460000038,3.809999943,3.089999914,10.64000034,,,3.890000105,7.489999771,5.409999847,1.590000033,3.950000048,9.590000153,9.609999657,10.34000015,10.53999996,10.78999996,9.399999619,8.710000038,9.640000343,10.59000015,9.569999695,6.599999905,6.980000019,3.730000019,3.690000057,4.239999771,,9.68999958,5.679999828,4.139999866,4.269999981,3.289999962,4.789999962,2.589999914,4.139999866,6.389999866,1.889999986,0.189999998,0.439999998,2.690000057,1.690000057,0.140000001,1.090000033,3.299999952,2.980000019,2.170000076,3.0,5.25,,3.269999981,4.260000229,,4.840000153,2.170000076,2.440000057,3.559999943,3.640000105,1.059999943,1.940000057,3.420000076,4.590000153,2.839999914,,6.139999866,3.319999933,4.690000057,5.389999866,6.489999771,5.769999981,0.360000014,1.190000057,2.869999886,2.839999914,3.49000001,4.090000153,8.050000191,4.489999771,0.850000024,2.799999952,,,0.039999999,0.720000029,,0.959999979,,,2.99000001,1.769999981,1.139999986,3.049999952,4.179999828,4.5,5.21999979,5.630000114,,2.799999952,
1.638E+14,Pettepur,Ground water,Cgwb,Karnataka,Bijapur,Sindgi,Manual,Sindgi,Pettepur,16.6333,76.2583,1996-01-05,2024-08-25,Dug well,Unconfined,7.5,HGZ,MANUAL-Water Level,m,3.289999962,5.260000229,3.640000105,1.75,2.390000105,5.550000191,4.900000095,2.049999952,2.75,5.25,3.950000048,2.200000048,2.160000086,4.050000191,2.630000114,2.269999981,3.0,6.309999943,5.679999828,4.71999979,4.400000095,6.96999979,6.349999905,4.739999771,5.550000191,3.769999981,3.549999952,3.599999905,4.300000191,5.960000038,2.359999895,1.960000038,2.25,3.299999952,4.650000095,3.650000095,4.050000191,3.549999952,2.950000048,1.649999976,1.649999976,2.650000095,2.349999905,1.649999976,1.850000024,3.910000086,3.569999933,4.889999866,5.860000134,6.369999886,,6.769999981,7.019999981,7.050000191,7.050000191,3.819999933,4.300000191,5.329999924,6.199999809,2.789999962,2.859999895,4.0,4.150000095,3.650000095,,5.650000095,5.050000191,5.349999905,5.860000134,5.599999905,7.050000191,3.049999952,4.170000076,3.589999914,5.809999943,6.150000095,,,7.150000095,5.599999905,7.5,,,1.700000048,2.75,,4.610000134,5.25,,5.349999905,4.670000076,2.200000048,4.170000076,5.099999905,5.599999905,6.039999962,6.639999866,,6.570000172,
1.709E+14,Satalagaon,Ground water,Cgwb,Karnataka,Bijapur,Indi,Manual,Indi,Satalagaon,17.15,76.0833,1996-01-05,2024-08-25,Dug well,Unconfined,9,HGZ,MANUAL-Water Level,m,6.91,8.15,6.12,5.15,6.62,8.5,9.2,7.2,8.8,7.8,7.12,5.55,5.99,5.85,5.14,4.05,4.3,7.67,7.09,6.54,3.3,7.32,6.12,5.17,5.75,4.72,4.1,2.95,3.3,4.91,2.64,2.52,2.8,4.3,4.2,3.25,3.4,5.1,4.0,3.0,3.5,5.65,3.5,2.9,3.8,5.04,4.45,3.37,3.1,6.58,,2.82,3.16,,4.0,3.38,3.4,5.57,5.45,3.1,3.06,6.03,5.25,3.45,,8.35,4.34,3.4,4.05,7.7,7.45,3.2,3.76,5.62,4.63,3.2,4.35,9.0,5.72,3.61,4.9,,,2.55,4.3,,4.29,4.01,,7.58,6.91,3.56,3.85,6.24,5.36,7.1,7.79,,7.0,
1.642E+14,Satihal,Ground water,Cgwb,Karnataka,Bijapur,Basavana bagevadi,Manual,Basavana bagevadi,Satihal,16.7,76.0667,1996-01-05,2024-08-25,Dug well,Unconfined,8.38,HGZ,MANUAL-Water Level,m,5.900000095,4.329999924,4.130000114,4.199999809,4.139999866,5.510000229,5.409999847,4.860000134,5.010000229,5.309999943,4.809999943,4.860000134,5.21999979,5.409999847,5.0,5.309999943,5.409999847,,6.980000019,5.099999905,5.309999943,,6.239999771,4.610000134,4.900000095,5.440000057,4.760000229,4.960000038,5.210000038,5.619999886,3.980000019,4.460000038,4.929999828,5.059999943,5.159999847,4.960000038,4.630000114,4.159999847,4.960000038,4.260000229,4.559999943,4.960000038,4.260000229,4.360000134,4.559999943,4.869999886,4.679999828,4.940000057,5.010000229,5.349999905,,4.840000153,5.170000076,,4.940000057,,4.909999847,5.28000021,5.260000229,4.860000134,4.889999866,5.159999847,5.059999943,4.610000134,,5.010000229,4.809999943,4.659999847,4.929999828,5.210000038,4.909999847,4.460000038,4.760000229,4.929999828,4.659999847,5.159999847,5.900000095,6.650000095,5.010000229,3.180000067,6.0,,,3.329999924,4.489999771,,3.880000114,,,4.539999962,4.03000021,4.639999866,5.53000021,5.599999905,5.449999809,5.960000038,6.150000095,,5.650000095,
1.65E+14,Shivangi,Ground water,Cgwb,Karnataka,Bijapur,Bijapur,Manual,Bijapur,Shivangi,16.8333,75.9833,1996-01-05,2024-08-25,Dug well,Unconfined,7.1,HGZ,MANUAL-Water Level,m,1.220000029,1.909999967,0.680000007,0.75,1.379999995,3.079999924,3.880000114,0.829999983,1.129999995,2.579999924,,1.480000019,,4.480000019,3.609999895,1.529999971,2.279999971,3.470000029,3.079999924,2.440000057,,,6.309999943,4.809999943,5.389999866,6.260000229,4.650000095,0.779999971,1.330000043,4.309999943,2.289999962,0.829999983,1.059999943,6.519999981,6.519999981,1.230000019,1.549999952,6.179999828,4.579999924,0.779999971,0.829999983,2.329999924,0.680000007,0.680000007,1.379999995,3.140000105,3.299999952,4.429999828,5.730000019,6.519999981,,1.139999986,1.429999948,2.400000095,5.78000021,1.309999943,1.129999995,2.75,,1.5,1.799999952,4.440000057,6.429999828,1.679999948,,6.679999828,5.739999771,1.480000019,2.289999962,6.679999828,5.579999924,0.790000021,0.980000019,2.599999905,2.779999971,3.279999971,5.079999924,,7.099999905,,2.299999952,,,0.579999983,1.179999948,,3.819999933,3.369999886,,6.170000076,2.75,2.789999962,3.720000029,3.900000095,4.019999981,5.440000057,7.170000076,,3.779999971,
1.61255E+14,Tangadgi,Ground water,Cgwb,Karnataka,Bijapur,Muddebihal,Manual,Muddebihal,Tangadgi,16.2153,76.0958,1996-01-05,2024-08-25,Dug well,Unconfined,10.83,HGZ,MANUAL-Water Level,m,5.929999828,7.25,5.260000229,7.639999866,7.869999886,9.649999619,9.399999619,5.150000095,6.800000191,7.699999809,6.920000076,,7.75,9.050000191,8.920000076,8.649999619,9.350000381,10.81999969,,,8.350000381,10.10000038,9.289999962,6.789999962,7.380000114,9.93999958,8.819999695,9.550000191,9.800000191,10.05000019,7.349999905,6.019999981,4.599999905,6.550000191,7.150000095,6.050000191,5.949999809,7.349999905,7.25,1.149999976,2.099999905,5.050000191,,5.050000191,5.449999809,6.409999847,5.199999809,5.78000021,6.070000172,6.510000229,,5.929999828,6.670000076,6.800000191,7.53000021,6.920000076,7.449999809,7.920000076,8.0,4.03000021,5.199999809,6.820000172,6.550000191,4.25,,5.900000095,5.300000191,4.550000191,5.25,4.130000114,4.550000191,0.800000012,1.49000001,2.849999905,2.470000029,1.950000048,2.849999905,4.139999866,2.849999905,,2.5,,,0.25,1.049999952,,0.449999988,0.819999993,,1.549999952,0.870000005,1.399999976,2.0,3.049999952,2.400000095,3.349999905,3.130000114,,2.619999886,
1.706E+14,Vibhutihalli,Ground water,Cgwb,Karnataka,Bijapur,Sindgi,Manual,Sindgi,Vibhutihalli,17.1,76.1833,1996-01-05,2024-08-25,Dug well,Unconfined,6.44,HGZ,MANUAL-Water Level,m,4.11,3.62,4.02,3.11,3.28,4.45,4.6,3.65,3.55,3.85,3.07,3.0,2.84,3.05,2.73,2.55,2.3,4.8,4.32,3.4,2.75,,5.24,4.07,4.46,3.25,2.42,2.1,1.7,2.79,2.2,2.51,2.84,2.85,2.65,2.15,2.0,3.05,1.85,2.35,2.45,3.05,1.85,1.95,2.35,3.13,2.17,2.5,2.31,3.48,,2.36,2.45,,2.88,2.55,2.65,3.69,4.15,2.74,2.73,3.86,3.7,3.05,,4.35,3.75,2.75,3.4,4.05,3.91,3.09,3.02,4.3,3.09,3.35,3.63,5.62,3.55,3.33,4.3,,,1.15,3.29,,3.01,3.41,,4.17,3.5,3.07,4.09,4.45,3.89,3.94,4.57,,4.33,
1.402E+14,Arehalli,Ground water,Cgwb,Karnataka,Chitradurga,Holalkere,Manual,Holalkere,Arehalli,14.0333,76.1167,1996-01-05,2024-08-16,Dug well,Unconfined,12.7,HGZ,MANUAL-Water Level,m,4.940000057,7.670000076,5.960000038,4.150000095,4.699999809,6.269999981,6.199999809,5.940000057,6.820000172,7.710000038,7.650000095,7.420000076,8.289999962,9.800000191,9.399999619,8.819999695,8.739999771,9.770000458,7.659999847,8.420000076,9.550000191,10.30000019,8.899999619,5.550000191,6.71999979,7.539999962,7.5,7.199999809,8.210000038,8.600000381,6.699999809,4.550000191,5.550000191,6.449999809,5.900000095,4.980000019,5.809999943,7.650000095,,2.150000095,2.200000048,1.909999967,,1.25,0.819999993,3.299999952,4.050000191,1.149999976,5.449999809,5.5,,5.179999828,5.21999979,6.320000172,4.199999809,3.150000095,,4.480000019,4.800000191,1.580000043,2.950000048,3.880000114,3.369999886,1.720000029,,3.900000095,3.5,4.699999809,5.699999809,6.199999809,6.599999905,2.849999905,4.300000191,4.199999809,4.5,3.200000048,5.599999905,8.159999847,4.980000019,1.090000033,3.25,,,1.840000033,2.950000048,,1.789999962,1.350000024,1.99000001,2.019999981,,0.829999983,,3.289999962,2.900000095,5.019999981,12.69999981,,2.75,
1.403E+14,Hartikote,Ground water,Cgwb,Karnataka,Chitradurga,Hiriyur,Manual,Hiriyur,Hartikote,14.05,76.55,1996-01-05,2024-08-16,Dug well,Unconfined,15.65,HGZ,MANUAL-Water Level,m,3.680000067,6.449999809,4.079999924,3.200000048,3.450000048,5.929999828,7.5,4.599999905,4.239999771,,,4.909999847,5.0,8.279999733,9.399999619,8.18999958,8.06000042,9.949999809,8.93999958,,11.02000046,,8.699999809,5.650000095,5.110000134,7.449999809,4.849999905,4.840000153,6.070000172,14.80000019,8.909999847,5.5,4.78000021,6.550000191,7.099999905,5.400000095,6.309999943,7.400000095,5.349999905,5.059999943,,5.099999905,6.360000134,3.789999962,2.900000095,5.480000019,6.78000021,7.420000076,8.100000381,,,7.579999924,14.80000019,9.800000191,14.80000019,7.090000153,8.270000458,10.89000034,9.369999886,7.349999905,5.550000191,6.809999943,9.75,6.360000134,,14.80000019,10.85000038,12.35000038,13.64999962,14.80000019,14.80000019,5.25,5.650000095,6.050000191,8.350000381,8.949999809,,15.0,9.789999962,,5.5,,,4.309999943,4.550000191,,6.230000019,4.03000021,4.5,3.410000086,0.180000007,3.0,3.849999905,2.170000076,4.920000076,4.650000095,15.64999962,,5.840000153,
1.4013E+14,R.nulenur,Ground water,Cgwb,Karnataka,Chitradurga,Holalkere,Manual,Holalkere,R.nulenur,14.025,76.125,1996-01-05,2024-08-16,Dug well,Unconfined,8.5,HGZ,MANUAL-Water Level,m,1.149999976,3.670000076,2.099999905,0.980000019,1.320000052,6.03000021,4.619999886,4.119999886,5.71999979,7.650000095,5.28000021,2.619999886,3.579999924,10.88000011,,4.800000191,6.610000134,7.099999905,1.230000019,1.909999967,2.380000114,,,1.149999976,1.570000052,3.150000095,,,,5.099999905,1.860000014,0.99000001,1.769999981,3.029999971,2.299999952,1.299999952,1.669999957,4.150000095,5.5,0.550000012,0.800000012,1.399999976,1.210000038,1.059999943,1.769999981,1.850000024,2.049999952,0.980000019,2.890000105,2.599999905,,3.069999933,4.099999905,4.079999924,3.400000095,2.710000038,5.010000229,5.829999924,6.599999905,4.25,4.079999924,1.230000019,2.299999952,1.100000024,,2.900000095,2.75,3.950000048,7.349999905,7.5,7.5,2.400000095,4.150000095,1.470000029,2.0,1.799999952,1.649999976,,7.5,2.049999952,4.139999866,,,3.809999943,2.849999905,,1.909999967,1.149999976,1.659999967,2.380000114,0.180000007,1.100000024,2.24000001,,3.200000048,4.449999809,8.5,,5.0,
1.41045E+14,Kanivebilachi,Ground water,Cgwb,Karnataka,Davanagere,Channagiri,Manual,Channagiri,Kanivebilachi,14.1792,75.8458,1996-01-05,2024-08-25,Dug well,Unconfined,6,HGZ,MANUAL-Water Level,m,,3.450000048,2.450000048,2.49000001,3.569999933,3.279999971,2.380000114,2.450000048,2.980000019,3.299999952,2.789999962,1.529999971,3.519999981,3.529999971,3.359999895,2.50999999,4.300000191,3.549999952,2.019999981,2.549999952,3.170000076,3.150000095,1.450000048,1.649999976,3.799999952,3.230000019,2.650000095,1.659999967,4.130000114,2.849999905,1.649999976,2.099999905,5.349999905,2.450000048,1.409999967,2.150000095,3.569999933,2.25,1.159999967,1.769999981,2.650000095,2.519999981,1.399999976,1.210000038,2.299999952,2.0,2.109999895,2.029999971,3.880000114,1.950000048,,1.210000038,3.349999905,1.350000024,1.279999971,1.850000024,2.900000095,2.0,1.129999995,1.330000043,3.25,1.799999952,1.679999948,1.549999952,,1.799999952,1.519999981,1.950000048,3.029999971,2.849999905,,3.349999905,4.400000095,1.5,1.679999948,0.409999996,3.109999895,2.75999999,1.570000052,,2.690000057,,,1.49000001,3.119999886,,1.970000029,1.220000029,1.960000038,1.350000024,1.25,1.679999948,2.170000076,1.899999976,2.0,2.0,4.539999962,,1.269999981,
1.424E+14,Malebennur,Ground water,Cgwb,Karnataka,Davanagere,Harihar,Manual,Harihar,Malebennur,14.4,75.7667,1996-01-05,2024-08-25,Dug well,Unconfined,10.26,HGZ,MANUAL-Water Level,m,7.699999809,8.479999542,7.079999924,5.429999828,6.980000019,7.320000172,6.880000114,6.360000134,7.079999924,6.880000114,6.340000153,6.360000134,7.559999943,8.569999695,7.960000038,5.980000019,7.539999962,9.680000305,6.730000019,6.860000134,7.650000095,,,3.380000114,5.599999905,6.769999981,5.480000019,5.150000095,6.480000019,6.360000134,3.480000019,3.230000019,5.880000114,5.929999828,4.539999962,4.78000021,5.980000019,6.78000021,4.019999981,3.5,4.920000076,6.349999905,5.980000019,1.690000057,2.680000067,5.510000229,5.269999981,5.079999924,6.619999886,6.28000021,,5.539999962,6.800000191,6.53000021,4.75,5.019999981,6.599999905,5.679999828,4.550000191,3.380000114,4.980000019,5.829999924,5.159999847,4.079999924,,6.179999828,4.579999924,4.980000019,6.300000191,8.779999733,9.43999958,5.480000019,8.079999924,6.630000114,5.0,4.320000172,4.760000229,6.489999771,4.230000019,2.609999895,5.03000021,,,2.029999971,3.460000038,,2.680000067,3.529999971,2.480000019,2.420000076,0.930000007,2.029999971,5.239999771,6.03000021,4.929999828,5.0,6.639999866,,4.379999638,
1.41E+14,Santhebennur,Ground water,Cgwb,Karnataka,Davanagere,Channagiri,Manual,Channagiri,Santhebennur,14.1667,76.0,1996-01-05,2024-08-25,Dug well,Unconfined,14.5,HGZ,MANUAL-Water Level,m,,9.550000191,8.75,6.230000019,7.199999809,9.100000381,7.300000191,,7.699999809,8.649999619,7.590000153,6.929999828,7.199999809,8.619999886,8.680000305,8.109999657,8.479999542,9.5,7.5,7.550000191,8.010000229,9.75,6.130000114,2.970000029,4.050000191,5.75,5.480000019,5.429999828,6.119999886,7.710000038,6.880000114,7.380000114,7.650000095,7.349999905,6.449999809,6.28000021,6.53000021,7.849999905,4.849999905,2.359999895,3.25,4.860000134,4.320000172,2.0,1.850000024,4.150000095,4.0,4.320000172,4.449999809,4.889999866,,3.809999943,4.329999924,5.150000095,2.670000076,2.910000086,3.549999952,4.449999809,3.480000019,1.100000024,2.849999905,3.950000048,1.850000024,1.889999986,,4.429999828,3.410000086,4.099999905,4.849999905,5.949999809,7.550000191,4.349999905,5.099999905,5.199999809,5.300000191,4.650000095,6.349999905,10.64999962,5.53000021,2.309999943,5.53000021,,,1.919999957,3.25,,1.0,0.850000024,2.400000095,1.649999976,0.800000012,1.120000005,2.75,4.269999981,1.700000048,2.579999924,3.220000029,,2.450000048,
1.41445E+14,Thyavanige,Ground water,Cgwb,Karnataka,Davanagere,Channagiri,Manual,Channagiri,Thyavanige,14.2458,75.8833,1996-01-05,2024-08-25,Dug well,Unconfined,11,HGZ,MANUAL-Water Level,m,,3.769999981,1.870000005,1.769999981,2.670000076,2.269999981,2.769999981,,3.269999981,3.970000029,,3.470000029,4.880000114,,,3.920000076,4.570000172,,4.570000172,3.470000029,4.400000095,4.46999979,,0.970000029,3.069999933,3.589999914,2.670000076,2.339999914,3.470000029,3.029999971,1.419999957,1.799999952,3.269999981,2.670000076,1.960000038,2.309999943,3.029999971,2.769999981,1.549999952,1.789999962,1.970000029,2.710000038,1.669999957,0.600000024,1.919999957,2.410000086,2.430000067,2.170000076,2.440000057,2.089999914,,1.169999957,2.069999933,1.019999981,1.350000024,1.519999981,1.820000052,1.669999957,0.699999988,0.949999988,2.069999933,1.769999981,1.470000029,1.470000029,,2.470000029,2.130000114,1.820000052,2.170000076,3.670000076,4.440000057,2.119999886,3.069999933,2.609999895,2.289999962,1.75,2.190000057,3.069999933,1.399999976,0.970000029,2.950000048,,,1.039999962,2.039999962,,1.24000001,0.769999981,1.620000005,1.120000005,0.850000024,1.419999957,3.160000086,2.930000067,2.25999999,2.299999952,3.299999952,,2.720000029,
1.4243E+14,Vasana,Ground water,Cgwb,Karnataka,Davanagere,Harihar,Manual,Harihar,Vasana,14.4083,75.6625,1996-01-05,2024-08-25,Dug well,Unconfined,14.04,HGZ,MANUAL-Water Level,m,8.5,8.850000381,5.949999809,4.619999886,7.389999866,6.269999981,6.199999809,,4.599999905,8.800000191,9.510000229,6.260000229,4.789999962,7.050000191,9.930000305,8.350000381,8.210000038,11.85000038,8.869999886,6.150000095,8.300000191,8.350000381,5.349999905,2.269999981,8.460000038,7.769999981,6.400000095,5.849999905,8.81000042,7.25,5.599999905,4.099999905,5.849999905,4.550000191,4.050000191,3.700000048,4.050000191,5.650000095,3.049999952,3.900000095,6.239999771,4.550000191,3.809999943,1.799999952,4.190000057,4.46999979,4.53000021,4.179999828,5.380000114,4.349999905,,4.739999771,8.699999809,6.349999905,5.150000095,4.139999866,4.199999809,4.349999905,3.579999924,3.150000095,7.550000191,3.650000095,6.630000114,5.099999905,,5.849999905,6.829999924,,6.579999924,9.850000381,6.550000191,1.549999952,4.75,4.150000095,,1.940000057,4.940000057,4.75,3.779999971,3.200000048,6.050000191,,,2.049999952,3.029999971,,1.019999981,1.399999976,1.350000024,1.330000043,1.340000033,2.319999933,4.139999866,3.900000095,3.349999905,3.140000105,5.150000095,,1.709999919,
1.54E+14,Belavaniki,Ground water,Cgwb,Karnataka,Gadag,Ron,Manual,Ron,Belavaniki,15.6667,75.5667,1996-01-05,2024-08-25,Dug well,Unconfined,11.97,HGZ,MANUAL-Water Level,m,9.600000381,8.520000458,9.920000076,6.820000172,7.369999886,6.889999866,7.329999924,6.769999981,7.659999847,8.859999657,9.470000267,8.300000191,8.470000267,10.52000046,10.31999969,11.22000027,8.319999695,10.75,8.350000381,8.329999924,7.860000134,8.859999657,8.640000343,7.519999981,7.670000076,7.320000172,,6.920000076,6.670000076,7.019999981,7.21999979,7.0,6.880000114,6.369999886,6.960000038,5.639999866,6.769999981,6.320000172,6.230000019,4.929999828,5.320000172,11.97000027,5.320000172,5.119999886,5.320000172,5.71999979,5.519999981,5.420000076,5.369999886,6.019999981,,6.239999771,6.619999886,6.840000153,6.449999809,5.679999828,5.139999866,6.309999943,6.239999771,5.71999979,6.159999847,6.670000076,,6.170000076,,10.98999977,6.71999979,6.96999979,7.239999771,7.670000076,7.880000114,6.670000076,6.920000076,7.019999981,7.519999981,7.619999886,7.199999809,8.0,7.119999886,5.570000172,6.949999809,,,4.170000076,4.590000153,,4.320000172,2.369999886,4.559999943,4.800000191,3.75999999,2.369999886,3.869999886,5.449999809,5.199999809,5.300000191,5.800000191,,3.519999981,
1.50945E+14,Chabbi,Ground water,Cgwb,Karnataka,Gadag,Shirhatti,Manual,Shirhatti,Chabbi,15.1625,75.5917,1996-01-05,2024-08-25,Dug well,Unconfined,13,HGZ,MANUAL-Water Level,m,7.199999809,8.449999809,5.599999905,4.75,5.400000095,5.710000038,5.550000191,4.710000038,6.329999924,6.889999866,7.650000095,9.239999771,8.800000191,10.14999962,9.789999962,7.510000229,9.5,,9.779999733,9.729999542,9.420000076,10.71000004,7.820000172,9.0,6.25,7.78000021,,5.300000191,6.650000095,7.5,6.0,4.599999905,5.119999886,5.199999809,7.110000134,5.099999905,5.300000191,5.699999809,6.480000019,4.909999847,5.300000191,4.300000191,5.840000153,4.5,5.460000038,6.099999905,5.400000095,6.0,6.449999809,7.349999905,,7.550000191,7.099999905,8.0,6.679999828,5.519999981,5.730000019,6.239999771,3.99000001,3.970000029,5.010000229,12.56999969,,8.199999809,,9.789999962,9.649999619,8.199999809,11.81999969,9.920000076,12.38000011,6.949999809,7.690000057,7.699999809,7.5,9.699999809,9.899999619,9.800000191,7.340000153,5.110000134,6.849999905,,,4.300000191,4.510000229,,4.650000095,4.199999809,4.489999771,4.070000172,2.980000019,3.75,4.699999809,4.75,3.799999952,4.449999809,4.699999809,,4.400000095,
1.52545E+14,Hulkoti,Ground water,Cgwb,Karnataka,Gadag,Gadag,Manual,Gadag,Hulkoti,15.4292,75.55,1996-01-05,2024-08-25,Dug well,Unconfined,13.03,HGZ,MANUAL-Water Level,m,5.449999809,6.309999943,3.75999999,2.059999943,2.50999999,3.269999981,3.50999999,2.619999886,3.519999981,,5.809999943,5.889999866,5.610000134,7.409999847,7.610000134,5.360000134,7.920000076,8.510000229,6.550000191,5.659999847,6.119999886,10.77000046,5.519999981,4.409999847,4.559999943,6.510000229,,5.409999847,5.659999847,6.710000038,5.110000134,2.569999933,3.109999895,,2.210000038,3.809999943,3.00999999,5.110000134,4.610000134,3.069999933,2.210000038,,1.690000057,1.320000052,1.620000005,2.359999895,2.210000038,2.210000038,2.559999943,3.609999895,,2.549999952,2.609999895,4.409999847,4.610000134,2.119999886,2.730000019,3.190000057,2.49000001,1.409999967,2.049999952,3.460000038,,2.609999895,,4.989999771,5.309999943,4.960000038,6.010000229,7.739999771,8.529999733,6.409999847,7.510000229,6.610000134,6.309999943,6.309999943,7.809999943,11.0,8.279999733,2.890000105,3.839999914,,,1.830000043,1.929999948,,1.309999943,1.669999957,1.929999948,1.529999971,1.409999967,1.529999971,1.75999999,2.539999962,2.200000048,2.299999952,2.609999895,,1.590000033,
1.5123E+14,Magdi,Ground water,Cgwb,Karnataka,Gadag,Shirhatti,Manual,Shirhatti,Magdi,15.2083,75.5167,1996-01-05,2024-08-25,Dug well,Unconfined,14.5,HGZ,MANUAL-Water Level,m,7.900000095,9.369999886,8.869999886,4.769999981,5.769999981,8.800000191,9.649999619,6.010000229,6.769999981,9.510000229,11.17000008,11.03999996,11.67000008,8.569999695,7.989999771,10.35999966,10.36999989,10.47999954,9.130000114,9.029999733,9.529999733,10.97999954,10.40999985,7.019999981,7.71999979,8.369999886,,7.269999981,7.269999981,7.71999979,7.869999886,4.110000134,7.179999828,5.670000076,6.679999828,7.090000153,5.71999979,6.769999981,6.28000021,3.319999933,4.320000172,6.099999905,6.570000172,3.369999886,3.869999886,5.869999886,6.570000172,5.21999979,6.570000172,8.470000267,,7.670000076,7.96999979,9.170000076,7.039999962,6.989999771,5.849999905,6.820000172,4.320000172,5.820000172,5.920000076,7.110000134,,9.840000153,,6.980000019,10.44999981,13.17000008,12.42000008,11.17000008,6.619999886,6.96999979,7.230000019,1.269999981,0.469999999,1.200000048,8.369999886,9.649999619,1.019999981,0.620000005,3.900000095,,,3.069999933,4.769999981,,5.409999847,5.21999979,4.320000172,3.920000076,2.170000076,2.170000076,3.829999924,5.070000172,4.21999979,7.25,8.199999809,,5.179999828,
1.50822E+14,Ramgeri,Ground water,Cgwb,Karnataka,Gadag,Shirhatti,Manual,Shirhatti,Ramgeri,15.1394,75.4342,1996-01-05,2024-08-25,Dug well,Unconfined,29,HGZ,MANUAL-Water Level,m,20.60000038,19.56999969,19.96999931,18.62000084,17.37000084,16.86000061,16.5,16.70000076,17.89999962,18.70999908,19.27000046,20.5,21.77000046,22.17000008,21.37000084,18.42000008,21.46999931,24.13999939,22.43000031,23.05999947,23.90999985,24.32999992,23.90999985,23.67000008,23.71999931,24.35000038,,21.56999969,23.62000084,24.37000084,22.77000046,19.68000031,20.97999954,18.77000046,20.35000038,20.77000046,19.77000046,18.21999931,19.95000076,19.56999969,18.21999931,19.56999969,18.27000046,16.56999969,16.37000084,16.81999969,16.56999969,16.46999931,16.77000046,18.02000046,,18.12000084,18.87000084,24.70000076,19.27000046,17.34000015,18.21999931,18.87999916,17.27000046,14.47000027,14.28999996,15.35000038,,13.67000008,,16.73999977,16.88999939,11.02000046,18.5,18.39999962,14.56999969,13.27000046,18.35000038,16.46999931,17.37000084,16.67000008,15.67000008,19.5,16.23999977,10.27000046,12.5,,,8.239999771,9.529999733,,6.869999886,4.46999979,5.820000172,3.670000076,2.269999981,2.00999999,2.200000048,4.650000095,3.700000048,3.299999952,3.970000029,,3.909999847,
1.51345E+14,Shirhatti1,Ground water,Cgwb,Karnataka,Gadag,Shirhatti,Manual,Shirhatti,Shirhatti,15.2292,75.575,1996-01-05,2024-08-25,Dug well,Unconfined,12.84,HGZ,MANUAL-Water Level,m,5.800000191,6.289999962,4.190000057,2.940000057,4.289999962,4.710000038,4.28000021,2.890000105,4.369999886,5.0,5.789999962,,5.989999771,7.289999962,7.090000153,6.019999981,7.789999962,8.529999733,7.849999905,7.25,8.539999962,10.60999966,6.489999771,5.590000153,6.46999979,8.539999962,,5.989999771,6.590000153,7.940000057,5.389999866,2.849999905,4.440000057,5.190000057,5.46999979,5.440000057,5.389999866,6.840000153,5.849999905,2.980000019,4.389999866,5.989999771,5.409999847,2.710000038,3.49000001,4.989999771,4.289999962,3.24000001,4.139999866,5.090000153,,7.289999962,3.99000001,5.420000076,4.420000076,3.549999952,5.110000134,5.460000038,5.150000095,2.640000105,2.900000095,3.730000019,,3.089999914,,4.630000114,4.440000057,4.519999981,5.570000172,7.090000153,7.190000057,3.74000001,5.389999866,4.590000153,4.090000153,5.989999771,6.489999771,8.399999619,4.139999866,3.269999981,5.28000021,,,3.789999962,3.99000001,,4.409999847,3.660000086,4.389999866,3.410000086,1.870000005,2.559999943,4.519999981,6.360000134,5.5,6.099999905,6.679999828,,4.200000286,
1.712E+14,Afzalpur1,Ground water,Cgwb,Karnataka,Kalaburagi,Afzalpur,Manual,Afzalpur,Afzalpur,17.2,76.3583,1996-01-05,2024-08-25,Dug well,Unconfined,14.9,HGZ,MANUAL-Water Level,m,3.730000019,8.0,1.590000033,1.5,1.710000038,5.289999962,6.369999886,4.920000076,5.570000172,8.270000458,5.889999866,4.050000191,5.71999979,7.03000021,5.849999905,3.700000048,4.900000095,6.599999905,4.800000191,4.599999905,5.010000229,7.099999905,4.300000191,3.519999981,4.0,4.659999847,4.659999847,1.539999962,2.25999999,,3.799999952,1.049999952,3.450000048,5.349999905,1.480000019,1.279999971,2.319999933,5.28000021,2.200000048,1.25999999,1.75,7.400000095,1.220000029,1.059999943,2.170000076,4.5,3.400000095,2.769999981,3.900000095,6.0,,2.450000048,3.799999952,4.0,4.099999905,1.649999976,2.880000114,3.700000048,3.980000019,1.950000048,2.25,3.799999952,7.849999905,3.799999952,,8.300000191,,2.400000095,1.99000001,6.440000057,3.119999886,1.049999952,1.700000048,5.699999809,4.800000191,5.25,4.300000191,,6.449999809,1.149999976,2.599999905,,,0.649999976,2.349999905,,2.950000048,2.5,2.549999952,8.300000191,1.0,1.799999952,4.699999809,,5.400000095,9.100000381,9.850000381,,3.570000172,
1.7363E+14,Ainapur1,Ground water,Cgwb,Karnataka,Kalaburagi,Chincholi,Manual,Chincholi,Ainapur,17.6083,77.225,1996-01-05,2024-08-25,Dug well,Unconfined,9,HGZ,MANUAL-Water Level,m,2.789999962,6.0,3.359999895,2.950000048,3.180000067,4.239999771,5.400000095,3.789999962,4.409999847,,6.269999981,3.619999886,5.21999979,,1.600000024,2.400000095,3.150000095,3.200000048,2.450000048,1.950000048,2.269999981,3.099999905,1.399999976,2.599999905,1.559999943,5.920000076,1.49000001,1.379999995,3.130000114,5.010000229,2.779999971,3.150000095,3.819999933,4.28000021,2.420000076,3.380000114,4.079999924,5.019999981,3.75,4.309999943,4.869999886,5.690000057,2.230000019,,3.849999905,5.199999809,,4.03000021,4.75,6.0,,3.299999952,3.680000067,5.150000095,3.200000048,3.200000048,3.359999895,3.200000048,3.849999905,3.75999999,4.25,4.25,3.5,,,7.210000038,2.299999952,2.519999981,3.299999952,5.0,3.039999962,2.470000029,3.200000048,4.199999809,3.359999895,3.160000086,4.320000172,7.099999905,2.700000048,2.549999952,4.449999809,,,2.349999905,4.150000095,,2.700000048,3.829999924,5.400000095,,2.650000095,3.470000029,6.130000114,6.300000191,4.130000114,6.400000095,5.199999809,,3.800000191,
1.6531E+14,Alur2,Ground water,Cgwb,Karnataka,Kalaburagi,Yadrami,Manual,Yadrami,Alur,16.8861,76.6222,1996-01-05,2024-08-25,Dug well,Unconfined,13.25,HGZ,MANUAL-Water Level,m,5.650000095,9.579999924,2.200000048,2.440000057,3.0,7.139999866,8.350000381,6.21999979,6.480000019,9.56000042,5.639999866,4.0,5.650000095,7.679999828,,8.550000191,9.31000042,9.5,7.150000095,6.150000095,6.590000153,8.880000114,4.949999809,3.369999886,,7.050000191,7.909999847,4.739999771,6.610000134,7.900000095,3.269999981,2.069999933,4.179999828,4.869999886,3.75,3.49000001,5.039999962,7.329999924,6.760000229,1.779999971,2.210000038,6.869999886,3.069999933,1.980000019,3.25999999,6.25,6.25,7.900000095,8.699999809,11.60000038,,10.0,10.52000046,,1.950000048,5.989999771,6.190000057,8.470000267,9.5,9.180000305,9.649999619,11.69999981,11.35000038,11.55000019,,12.69999981,11.0,6.25,7.03000021,10.06999969,11.84000015,5.949999809,6.449999809,9.350000381,7.989999771,8.909999847,9.930000305,12.35000038,11.69999981,10.64999962,12.72000027,,,0.699999988,2.829999924,,1.929999948,1.200000048,4.159999847,7.449999809,1.5,1.559999943,5.25,7.5,4.980000019,6.199999809,7.599999905,,8.649999619,
1.723E+14,Battarga,Ground water,Cgwb,Karnataka,Kalaburagi,Aland,Manual,Aland,Hithal sirur,17.3833,76.5625,1996-01-05,2024-08-25,Dug well,Unconfined,16.25,HGZ,MANUAL-Water Level,m,7.150000095,9.109999657,6.630000114,6.440000057,6.809999943,6.449999809,7.800000191,6.039999962,5.929999828,6.929999828,7.619999886,4.119999886,4.809999943,,,6.800000191,,6.449999809,6.449999809,6.400000095,9.100000381,8.029999733,6.349999905,6.150000095,6.869999886,7.380000114,6.380000114,6.150000095,6.510000229,10.96000004,6.550000191,6.150000095,7.099999905,8.350000381,3.609999895,5.179999828,6.119999886,7.289999962,4.849999905,2.710000038,6.119999886,7.71999979,5.920000076,3.579999924,4.909999847,5.349999905,3.849999905,5.019999981,5.349999905,4.650000095,,4.349999905,5.550000191,5.670000076,5.820000172,5.170000076,5.570000172,6.800000191,6.849999905,4.869999886,,6.699999809,7.75,6.650000095,,11.89000034,5.449999809,5.199999809,6.099999905,,6.019999981,5.699999809,6.25,6.050000191,5.769999981,6.610000134,6.400000095,7.400000095,10.75,5.480000019,6.650000095,,,3.150000095,4.75,,3.450000048,2.099999905,2.099999905,5.849999905,2.599999905,3.599999905,6.349999905,5.860000134,6.360000134,6.900000095,7.010000229,,5.25,
1.6531E+14,Chigerahalli,Ground water,Cgwb,Karnataka,Kalaburagi,Jevargi,Manual,Jevargi,Yalwar,16.8861,76.7611,1996-01-05,2024-08-25,Dug well,Unconfined,12.2,HGZ,MANUAL-Water Level,m,1.850000024,4.010000229,0.819999993,0.75,1.309999943,4.659999847,3.700000048,3.309999943,3.579999924,5.309999943,3.299999952,1.399999976,3.559999943,3.359999895,2.710000038,2.809999943,3.180000067,3.00999999,2.609999895,1.909999967,2.019999981,3.309999943,0.75999999,1.139999986,2.170000076,2.109999895,2.670000076,1.789999962,2.950000048,11.46000004,0.379999995,1.159999967,2.410000086,3.410000086,1.25999999,2.369999886,3.190000057,11.51000023,0.74000001,1.620000005,2.410000086,4.110000134,1.679999948,10.96000004,1.970000029,2.160000086,1.110000014,2.049999952,2.789999962,11.51000023,,2.309999943,2.839999914,11.51000023,4.610000134,1.710000038,2.619999886,3.220000029,11.51000023,2.559999943,2.710000038,3.609999895,2.609999895,2.410000086,,11.51000023,3.109999895,1.559999943,2.579999924,11.51000023,2.710000038,1.179999948,2.309999943,2.50999999,2.910000086,2.890000105,3.410000086,,3.089999914,2.339999914,3.470000029,,,0.159999996,1.360000014,,0.610000014,0.439999998,2.460000038,,0.25999999,1.360000014,3.049999952,0.0,1.149999976,2.700000048,3.430000067,,1.609999895,
1.725E+14,Chincholi,Ground water,Cgwb,Karnataka,Kalaburagi,Chincholi,Manual,Chincholi,Anwar,17.4167,77.4208,1996-01-05,2024-08-25,Dug well,Unconfined,13.4,HGZ,MANUAL-Water Level,m,7.050000191,7.300000191,6.539999962,6.980000019,7.199999809,9.829999924,10.0,7.579999924,8.020000458,8.130000114,7.539999962,5.610000134,6.579999924,,7.150000095,7.849999905,8.729999542,9.050000191,8.800000191,7.699999809,8.020000458,8.899999619,7.050000191,5.5,6.78000021,8.119999886,6.869999886,6.559999943,7.960000038,8.640000343,4.800000191,4.599999905,6.25,6.960000038,3.839999914,5.889999866,10.52999973,8.220000267,6.769999981,5.809999943,7.28000021,8.369999886,1.179999948,3.630000114,4.639999866,7.0,4.0,8.579999924,8.949999809,9.800000191,,4.599999905,9.5,9.699999809,5.300000191,6.139999866,7.349999905,8.0,7.940000057,5.769999981,7.550000191,8.630000114,8.300000191,8.550000191,,12.39999962,4.699999809,4.630000114,6.25,8.149999619,,5.789999962,7.5,9.050000191,9.199999809,8.93999958,9.649999619,11.30000019,7.800000191,6.400000095,9.199999809,,,2.5,7.699999809,,,3.200000048,7.179999828,8.25,4.789999962,4.900000095,8.199999809,9.100000381,4.900000095,,8.720000267,,6.230000019,
1.6443E+14,Doranahalli,Ground water,Cgwb,Karnataka,Kalaburagi,Shahpur,Manual,Shahpur,Doranhalli,16.7417,76.85,1996-01-05,2024-08-25,Dug well,Unconfined,8.11,HGZ,MANUAL-Water Level,m,2.660000086,4.599999905,1.299999952,1.190000057,1.25999999,5.159999847,4.71999979,3.650000095,2.700000048,3.829999924,3.210000038,2.660000086,2.849999905,3.410000086,2.700000048,2.450000048,2.200000048,2.950000048,2.549999952,1.899999976,2.130000114,2.549999952,2.25,4.039999962,2.75999999,2.400000095,3.440000057,2.269999981,1.950000048,3.109999895,1.970000029,1.75,2.349999905,2.529999971,1.970000029,1.860000014,2.269999981,3.5,3.940000057,2.019999981,2.329999924,3.49000001,1.559999943,1.299999952,1.600000024,2.5,2.099999905,2.029999971,2.299999952,3.599999905,,1.899999976,2.099999905,3.349999905,2.900000095,2.799999952,3.230000019,4.539999962,4.21999979,3.0,1.5,2.200000048,2.049999952,1.649999976,,4.670000076,2.700000048,1.600000024,1.899999976,4.820000172,3.940000057,0.860000014,1.700000048,2.5,2.450000048,2.160000086,2.599999905,3.900000095,4.400000095,2.569999933,3.779999971,,,1.0,1.549999952,,1.350000024,1.049999952,1.779999971,2.5,1.049999952,1.549999952,2.450000048,2.700000048,1.929999948,2.0,2.470000029,,3.100000143,
1.622E+14,Kakkeri,Ground water,Cgwb,Karnataka,Kalaburagi,Shorapur,Manual,Shorapur,Kakkera,16.3667,76.5833,1996-01-05,2024-08-25,Dug well,Unconfined,20,HGZ,MANUAL-Water Level,m,2.440000057,5.28000021,0.939999998,0.99000001,1.080000043,2.960000038,2.349999905,1.580000043,1.590000033,2.549999952,2.380000114,1.389999986,1.49000001,2.410000086,4.139999866,3.089999914,2.539999962,2.140000105,2.690000057,3.190000057,3.470000029,2.470000029,1.440000057,2.589999914,2.039999962,3.289999962,2.690000057,2.50999999,3.75,3.24000001,1.710000038,1.789999962,2.99000001,2.849999905,1.75,3.849999905,3.910000086,5.519999981,2.170000076,2.569999933,3.25,3.559999943,3.589999914,4.880000114,3.450000048,4.190000057,3.589999914,4.039999962,4.510000229,4.190000057,,4.690000057,4.889999866,5.090000153,4.03000021,3.140000105,3.089999914,3.589999914,3.940000057,3.569999933,3.24000001,3.190000057,3.390000105,3.690000057,,5.260000229,3.690000057,3.74000001,3.99000001,5.329999924,4.389999866,3.49000001,5.889999866,6.090000153,4.550000191,4.900000095,6.489999771,6.019999981,2.710000038,2.140000105,2.779999971,,,3.440000057,3.690000057,,3.589999914,3.650000095,4.050000191,5.039999962,3.190000057,4.889999866,5.849999905,7.050000191,5.849999905,7.300000191,6.670000076,,3.99000001,
1.723E+14,Kallur,Ground water,Cgwb,Karnataka,Kalaburagi,Chincholi,Manual,Chincholi,Kallur,17.3833,77.4667,1996-01-05,2024-08-25,Dug well,Unconfined,12.2,HGZ,MANUAL-Water Level,m,5.420000076,9.050000191,4.28000021,4.369999886,5.269999981,8.18999958,8.569999695,5.349999905,6.190000057,9.569999695,7.949999809,5.570000172,6.650000095,4.099999905,3.25,4.800000191,5.389999866,7.349999905,6.199999809,5.800000191,6.329999924,7.519999981,8.199999809,3.25,4.579999924,10.22000027,4.480000019,5.210000038,5.739999771,10.94999981,7.070000172,3.680000067,9.25,9.460000038,5.329999924,5.489999771,7.630000114,11.39000034,5.429999828,5.900000095,6.449999809,9.989999771,2.369999886,4.210000038,6.300000191,10.5,7.900000095,4.849999905,5.199999809,6.099999905,,3.799999952,4.550000191,2.950000048,1.5,3.900000095,4.849999905,5.820000172,5.400000095,4.159999847,6.0,5.900000095,4.699999809,5.599999905,,8.300000191,2.75,3.799999952,4.900000095,5.25,9.409999847,,5.199999809,6.800000191,5.079999924,7.300000191,8.399999619,8.600000381,5.300000191,4.800000191,7.480000019,,,2.799999952,4.300000191,,0.400000006,2.599999905,5.03000021,5.300000191,2.299999952,4.25,5.900000095,6.199999809,2.200000048,5.099999905,5.909999847,,3.350000143,
1.7363E+14,Karahari,Ground water,Cgwb,Karnataka,Kalaburagi,Aland,Manual,Aland,Karhari,17.6083,76.7833,1996-01-05,2024-08-25,Dug well,Unconfined,14.25,HGZ,MANUAL-Water Level,m,1.5,4.800000191,3.910000086,3.730000019,3.900000095,6.489999771,5.78000021,3.660000086,4.090000153,4.21999979,3.609999895,3.109999895,4.090000153,9.130000114,6.510000229,3.710000038,4.860000134,8.260000229,7.809999943,3.710000038,4.300000191,6.210000038,2.309999943,1.710000038,2.690000057,,2.869999886,6.28000021,5.289999962,9.359999657,7.380000114,3.630000114,4.309999943,7.590000153,3.210000038,1.889999986,3.670000076,7.210000038,6.519999981,2.289999962,3.99000001,7.710000038,5.510000229,1.830000043,3.180000067,7.510000229,3.410000086,2.579999924,4.110000134,9.609999657,,10.31000042,4.170000076,7.159999847,3.809999943,3.220000029,3.880000114,5.539999962,6.880000114,2.569999933,4.059999943,7.010000229,7.260000229,7.210000038,,,0.810000002,1.50999999,3.329999924,6.46999979,3.710000038,2.180000067,3.609999895,5.710000038,3.599999905,5.28000021,6.210000038,9.800000191,6.659999847,4.010000229,5.949999809,,,0.460000008,3.109999895,,0.310000002,1.129999995,3.980000019,4.639999866,1.710000038,2.809999943,5.460000038,5.699999809,2.900000095,5.099999905,6.360000134,,2.059999943,
1.647E+14,Madarki,Ground water,Cgwb,Karnataka,Kalaburagi,Shahpur,Manual,Shahpur,Madkeri,16.7833,76.7667,1996-01-05,2024-08-25,Dug well,Unconfined,9.2,HGZ,MANUAL-Water Level,m,2.99000001,3.559999943,3.410000086,3.170000076,3.25,4.0,3.50999999,3.359999895,3.00999999,4.010000229,2.730000019,2.460000038,2.549999952,3.269999981,1.960000038,1.409999967,2.160000086,3.410000086,2.50999999,1.809999943,2.0,3.24000001,2.210000038,,1.460000038,2.710000038,3.390000105,0.949999988,2.329999924,4.309999943,1.370000005,1.600000024,1.679999948,3.369999886,1.769999981,1.539999962,2.170000076,4.610000134,1.50999999,1.850000024,1.980000019,4.360000134,2.390000105,1.399999976,1.74000001,3.50999999,1.710000038,1.159999967,2.109999895,5.710000038,,1.409999967,1.909999967,5.210000038,2.109999895,1.809999943,1.50999999,4.409999847,2.619999886,1.110000014,1.360000014,3.460000038,2.410000086,1.809999943,,6.059999943,2.359999895,1.409999967,1.110000014,5.019999981,1.710000038,1.659999967,2.109999895,4.809999943,1.679999948,1.980000019,3.49000001,6.050000191,2.549999952,,2.579999924,,,1.210000038,1.25999999,,0.409999996,1.850000024,1.879999995,1.960000038,1.190000057,1.409999967,2.849999905,4.699999809,2.130000114,4.400000095,2.920000076,,2.930000067,
1.737E+14,Margutti,Ground water,Cgwb,Karnataka,Kalaburagi,Kamalapur,Manual,Kamalapur,Marguthi,17.6167,77.0667,1996-01-05,2024-08-25,Dug well,Unconfined,19.12,HGZ,MANUAL-Water Level,m,6.28000021,8.93999958,5.710000038,5.570000172,7.940000057,11.63000011,13.78999996,10.03999996,11.43000031,12.81999969,9.739999771,9.010000229,9.479999542,12.64000034,2.690000057,5.289999962,6.190000057,6.489999771,,4.940000057,5.510000229,5.489999771,3.99000001,1.370000005,4.889999866,,4.300000191,4.289999962,5.579999924,5.539999962,1.190000057,3.210000038,5.289999962,,5.389999866,2.130000114,5.559999943,6.0,3.339999914,3.579999924,5.639999866,,2.109999895,1.970000029,4.53000021,,0.49000001,4.090000153,5.389999866,5.840000153,,3.440000057,4.960000038,5.940000057,0.49000001,2.309999943,4.739999771,5.309999943,5.150000095,4.539999962,6.190000057,5.320000172,0.790000021,6.590000153,,,3.890000105,2.24000001,4.789999962,5.409999847,4.409999847,2.339999914,5.289999962,7.389999866,6.099999905,7.099999905,5.090000153,,1.960000038,1.860000014,5.849999905,,,1.190000057,4.389999866,,0.589999974,0.680000007,2.559999943,7.389999866,0.389999986,2.49000001,6.0,8.100000381,3.200000048,2.950000048,6.610000134,,2.039999962,
1.729E+14,Moghe,Ground water,Cgwb,Karnataka,Kalaburagi,Chincholi,Manual,Chincholi,Narnal,17.4833,77.2333,1996-05-15,2024-08-25,Dug well,Unconfined,9.25,HGZ,MANUAL-Water Level,m,1.330000043,4.46999979,1.389999986,1.129999995,1.409999967,4.78000021,3.670000076,2.670000076,2.920000076,5.079999924,2.470000029,2.220000029,2.75,,0.949999988,1.850000024,3.99000001,3.799999952,1.25,3.799999952,1.519999981,3.25999999,,4.199999809,2.579999924,6.21999979,0.779999971,1.00999999,4.260000229,5.869999886,0.850000024,1.279999971,2.25,1.960000038,0.50999999,1.450000048,2.470000029,5.900000095,1.360000014,1.600000024,2.559999943,6.760000229,1.519999981,0.850000024,1.580000043,3.5,0.800000012,1.950000048,2.700000048,5.0,,0.75,,3.75,0.709999979,0.810000002,1.5,3.200000048,0.800000012,1.350000024,1.850000024,3.069999933,0.800000012,1.399999976,,3.680000067,0.699999988,1.149999976,1.570000052,4.820000172,1.230000019,0.800000012,0.600000024,2.5,1.950000048,1.850000024,3.349999905,,0.800000012,0.930000007,2.74000001,,,0.699999988,2.0,,0.699999988,0.75,2.059999943,3.400000095,0.889999986,1.049999952,3.299999952,4.71999979,1.330000043,2.0,3.5,,0.779999971,
1.648E+14,Mudbal,Ground water,Cgwb,Karnataka,Kalaburagi,Shahpur,Manual,Shahpur,Mudbal,16.8,76.7933,1996-01-05,2024-08-25,Dug well,Unconfined,16.9,HGZ,MANUAL-Water Level,m,6.190000057,11.0,7.170000076,6.409999847,7.960000038,11.90999985,10.64999962,8.300000191,9.090000153,10.72999954,8.449999809,7.46999979,7.329999924,,7.21999979,6.619999886,4.820000172,8.119999886,8.319999695,4.269999981,4.510000229,1.120000005,4.619999886,2.680000067,3.180000067,6.170000076,3.390000105,2.390000105,3.480000019,10.02000046,2.329999924,2.690000057,3.24000001,4.119999886,2.599999905,2.5,3.980000019,11.59000015,1.899999976,2.440000057,2.980000019,7.550000191,4.300000191,2.430000067,3.119999886,10.42000008,2.519999981,3.539999962,4.269999981,,,3.720000029,4.019999981,8.819999695,4.619999886,3.900000095,3.150000095,5.239999771,7.869999886,2.930000067,,2.319999933,8.020000458,1.559999943,,4.239999771,3.720000029,2.269999981,2.25,3.480000019,2.670000076,1.820000052,1.919999957,1.919999957,1.659999967,1.279999971,3.369999886,4.699999809,3.119999886,1.370000005,3.950000048,,,1.220000029,1.269999981,,1.549999952,1.720000029,1.830000043,2.900000095,1.269999981,1.320000052,2.25,3.440000057,2.200000048,4.400000095,4.599999905,,2.789999962,
1.644E+14,Naikal,Ground water,Cgwb,Karnataka,Kalaburagi,Shahpur,Manual,Shahpur,Naikal,16.7333,77.05,1996-01-05,2024-08-25,Dug well,Unconfined,9.43,HGZ,MANUAL-Water Level,m,2.19,3.54,1.99,1.86,1.9,4.34,3.0,2.34,2.09,3.04,2.21,1.39,1.64,6.15,4.59,3.94,4.59,6.04,5.49,3.89,,6.39,4.59,5.32,5.28,4.04,4.39,3.75,4.39,7.31,4.99,2.91,3.14,3.79,3.82,3.13,4.43,5.32,5.55,3.9,4.21,3.65,3.39,1.99,2.72,3.99,2.19,3.04,3.49,4.49,,2.94,3.8,7.44,3.89,2.08,2.79,4.03,2.99,2.33,2.54,4.49,3.99,3.44,,4.1,3.49,3.09,3.46,4.71,4.31,2.84,3.39,3.79,3.8,4.25,4.52,5.75,5.33,3.29,4.15,,,0.89,2.09,,0.99,0.66,1.81,2.39,0.86,1.59,2.7,2.5,3.02,3.2,3.22,,2.64,
1.723E+14,Nimbarga,Ground water,Cgwb,Karnataka,Kalaburagi,Aland,Manual,Aland,Nimberga,17.3833,76.5792,1996-01-05,2024-08-25,Dug well,Unconfined,14.5,HGZ,MANUAL-Water Level,m,8.899999619,10.35000038,7.550000191,7.159999847,7.380000114,,,6.75,7.630000114,10.06000042,7.449999809,6.789999962,7.570000172,14.10999966,11.0,9.25,12.0,9.800000191,,7.550000191,8.100000381,14.06000042,7.150000095,4.070000172,4.900000095,11.19999981,8.720000267,9.630000114,10.14000034,13.39999962,10.14999962,6.539999962,8.289999962,10.31999969,8.380000114,4.949999809,5.690000057,9.960000038,7.300000191,4.739999771,6.559999943,9.739999771,7.260000229,12.0,3.420000076,3.700000048,1.700000048,3.299999952,4.300000191,3.700000048,,2.0,4.840000153,12.35000038,2.299999952,6.550000191,8.800000191,9.020000458,10.35000038,6.28000021,10.30000019,9.859999657,7.699999809,7.5,,10.25,5.800000191,3.400000095,5.699999809,13.69999981,5.900000095,4.050000191,4.699999809,8.199999809,6.389999866,8.020000458,8.229999542,14.0,10.69999981,5.619999886,8.319999695,,,2.25,5.400000095,,3.049999952,1.549999952,6.300000191,7.550000191,1.950000048,4.050000191,7.650000095,9.100000381,6.199999809,8.199999809,9.010000229,,5.549999714,
1.7253E+14,Pathan,Ground water,Cgwb,Karnataka,Kalaburagi,Aland,Manual,Aland,Gola b,17.425,76.725,1996-05-15,2024-08-25,Dug well,Unconfined,12.07,HGZ,MANUAL-Water Level,m,5.380000114,8.229999542,4.630000114,4.409999847,5.889999866,8.359999657,8.210000038,5.989999771,6.699999809,8.380000114,6.769999981,4.690000057,5.440000057,8.319999695,5.349999905,5.449999809,10.19999981,,6.849999905,5.550000191,6.179999828,11.06000042,2.25,4.099999905,4.949999809,9.109999657,4.96999979,4.170000076,8.010000229,11.31999969,5.550000191,3.700000048,6.75,7.369999886,6.03000021,5.420000076,6.300000191,11.31999969,2.819999933,3.279999971,3.75,11.31999969,2.609999895,3.109999895,2.880000114,8.149999619,4.449999809,4.150000095,6.599999905,8.75,,4.25,6.199999809,12.06999969,2.920000076,0.189999998,4.510000229,7.170000076,7.809999943,5.050000191,,7.349999905,4.940000057,6.150000095,,11.31999969,2.549999952,2.869999886,5.449999809,6.25,5.010000229,2.690000057,4.849999905,6.650000095,5.78000021,7.659999847,7.199999809,8.699999809,3.769999981,2.789999962,6.050000191,,,2.049999952,4.449999809,,3.349999905,2.00999999,,4.75,0.569999993,3.5,6.75,7.090000153,3.549999952,6.400000095,7.400000095,,2.329999924,
1.6593E+14,Revannur,Ground water,Cgwb,Karnataka,Kalaburagi,Jevargi,Manual,Jevargi,Revnnor,16.9917,76.725,1996-01-05,2024-08-25,Dug well,Unconfined,8.17,HGZ,MANUAL-Water Level,m,2.25,4.159999847,2.470000029,2.25,2.549999952,4.659999847,3.839999914,2.970000029,3.230000019,3.869999886,2.460000038,2.109999895,2.400000095,4.28000021,4.940000057,3.539999962,3.789999962,4.389999866,2.940000057,2.289999962,2.970000029,4.210000038,1.090000033,1.289999962,1.570000052,,2.940000057,1.899999976,2.130000114,,1.24000001,1.639999986,1.539999962,1.629999995,0.889999986,1.49000001,1.639999986,2.160000086,0.99000001,1.470000029,1.639999986,2.339999914,1.24000001,0.699999988,1.649999976,2.289999962,,1.690000057,1.690000057,1.539999962,,0.939999998,0.860000014,,1.350000024,1.190000057,0.939999998,2.150000095,1.710000038,2.890000105,0.970000029,1.590000033,1.539999962,1.090000033,,3.440000057,2.190000057,1.090000033,1.090000033,2.549999952,2.380000114,0.970000029,1.49000001,1.539999962,2.029999971,1.169999957,1.730000019,4.050000191,2.589999914,1.309999943,1.850000024,,,0.939999998,1.539999962,,2.089999914,0.949999988,,1.940000057,1.340000033,1.039999962,2.299999952,2.579999924,1.75,2.599999905,2.400000095,,1.99000001,
1.738E+14,Salgar,Ground water,Cgwb,Karnataka,Kalaburagi,Kamalapur,Manual,Kamalapur,Salgera,17.6333,76.7833,1996-01-05,2024-08-25,Dug well,Unconfined,12.02,HGZ,MANUAL-Water Level,m,1.49000001,4.989999771,3.549999952,3.170000076,3.25,6.849999905,6.150000095,5.070000172,4.679999828,5.679999828,4.260000229,3.319999933,4.050000191,4.139999866,3.049999952,3.0,4.349999905,4.099999905,4.400000095,2.900000095,3.190000057,5.050000191,2.049999952,1.649999976,2.519999981,3.920000076,3.119999886,2.099999905,3.99000001,3.819999933,2.539999962,2.450000048,4.099999905,3.589999914,1.600000024,2.359999895,2.75999999,3.859999895,3.140000105,2.450000048,2.930000067,4.150000095,1.429999948,1.50999999,1.730000019,3.700000048,1.649999976,2.400000095,2.150000095,3.700000048,,,3.75,7.019999981,2.200000048,2.140000105,3.539999962,3.680000067,2.799999952,1.919999957,2.099999905,3.5,,,,,2.200000048,2.5,2.450000048,,,2.099999905,3.299999952,3.700000048,1.269999981,2.450000048,2.799999952,7.199999809,1.169999957,0.970000029,3.470000029,,,0.400000006,1.899999976,,0.289999992,0.600000024,3.5,2.450000048,0.25999999,1.100000024,3.349999905,3.160000086,2.049999952,2.400000095,3.25,,0.700000048,
1.72945E+14,Sasargaon,Ground water,Cgwb,Karnataka,Kalaburagi,Chincholi,Manual,Chincholi,Ranapur,17.4958,77.2167,1996-05-15,2024-08-25,Dug well,Unconfined,9.79,HGZ,MANUAL-Water Level,m,2.069999933,4.440000057,1.419999957,1.200000048,2.089999914,6.989999771,7.590000153,3.819999933,4.309999943,6.199999809,4.78000021,3.690000057,4.880000114,,0.839999974,0.74000001,,7.739999771,0.889999986,0.239999995,1.24000001,3.789999962,,,3.420000076,4.670000076,0.140000001,0.74000001,1.440000057,7.46999979,1.139999986,0.790000021,1.389999986,1.289999962,0.239999995,0.779999971,1.350000024,3.039999962,2.5,0.879999995,1.669999957,3.839999914,1.860000014,0.100000001,0.75,2.140000105,0.74000001,0.680000007,0.939999998,3.890000105,,0.959999979,1.080000043,3.089999914,2.24000001,0.239999995,0.970000029,2.839999914,1.24000001,0.460000008,0.99000001,1.49000001,0.839999974,1.389999986,,3.809999943,0.300000012,0.100000001,1.200000048,2.529999971,0.699999988,0.600000024,1.799999952,2.0,0.400000006,1.110000014,2.039999962,4.5,0.460000008,0.01,1.399999976,,,0.200000003,,,0.100000001,0.200000003,1.190000057,1.899999976,0.300000012,0.550000012,1.700000048,2.400000095,0.100000001,1.299999952,2.099999905,,0.249999985,
1.6593E+14,Sona,Ground water,Cgwb,Karnataka,Kalaburagi,Jevargi,Manual,Jevargi,Soan,16.9917,76.6333,1996-01-05,2024-08-25,Dug well,Unconfined,21.72,HGZ,MANUAL-Water Level,m,6.260000229,10.75,2.5,2.099999905,3.359999895,10.35000038,9.760000229,5.949999809,6.739999771,7.909999847,6.639999866,4.730000019,5.940000057,8.779999733,8.699999809,4.900000095,5.340000153,5.300000191,5.5,4.300000191,5.190000057,4.900000095,0.699999988,3.529999971,4.03000021,3.799999952,4.119999886,3.119999886,3.799999952,,2.5,3.299999952,3.720000029,,3.730000019,3.299999952,3.599999905,5.840000153,1.080000043,3.660000086,4.599999905,5.139999866,3.25999999,2.940000057,3.339999914,5.099999905,3.299999952,3.589999914,3.450000048,6.199999809,,2.849999905,3.200000048,5.900000095,5.010000229,2.799999952,2.470000029,,3.25,3.160000086,2.819999933,4.599999905,3.299999952,3.099999905,,,5.300000191,2.700000048,3.269999981,,4.679999828,2.930000067,3.299999952,5.400000095,3.769999981,3.230000019,4.300000191,7.550000191,4.800000191,2.369999886,4.380000114,,,1.5,2.700000048,,1.600000024,1.700000048,1.700000048,3.660000086,1.450000048,1.950000048,3.700000048,4.170000076,1.830000043,3.799999952,4.449999809,,2.849999905,
1.6453E+14,Ukinal,Ground water,Cgwb,Karnataka,Kalaburagi,Yadrami,Manual,Yadrami,Mallabad,16.7583,76.6333,1996-05-15,2024-08-25,Dug well,Unconfined,25.5,HGZ,MANUAL-Water Level,m,6.150000095,8.909999847,4.570000172,4.289999962,5.25,9.149999619,9.390000343,5.460000038,6.230000019,8.119999886,5.329999924,3.970000029,4.730000019,12.32999992,7.78000021,8.0,8.180000305,10.38000011,7.480000019,7.929999828,8.470000267,13.07999992,9.279999733,4.460000038,6.510000229,6.78000021,7.349999905,5.449999809,7.110000134,12.13000011,2.75999999,3.339999914,5.429999828,,5.130000114,5.039999962,6.75,9.680000305,8.640000343,3.309999943,5.380000114,,1.429999948,4.489999771,6.199999809,6.78000021,5.480000019,6.510000229,7.429999828,7.480000019,,4.579999924,6.130000114,11.13000011,7.079999924,2.880000114,4.900000095,5.389999866,5.980000019,3.450000048,4.730000019,6.179999828,6.929999828,6.429999828,,7.699999809,4.079999924,4.630000114,4.050000191,5.670000076,5.480000019,3.450000048,4.579999924,5.380000114,5.820000172,4.840000153,5.639999866,12.05000019,6.150000095,3.430000067,6.849999905,,,1.029999971,2.480000019,,1.389999986,1.470000029,3.839999914,3.930000067,1.820000052,2.420000076,4.199999809,4.949999809,3.24000001,4.699999809,5.300000191,,2.980000019,
1.51845E+14,Hoshalli,Ground water,Cgwb,Karnataka,Koppal,Koppal,Manual,Koppal,Hoshalli,15.3125,76.3167,1996-01-05,2024-08-09,Dug well,Unconfined,22,HGZ,MANUAL-Water Level,m,2.44,,1.4,1.23,2.82,5.43,1.48,1.12,3.48,7.02,3.33,1.9,3.42,,4.48,1.9,3.65,8.4,2.84,1.88,2.85,4.6,1.45,1.4,2.1,5.58,1.95,4.6,5.03,3.5,0.8,0.65,1.1,1.65,0.9,1.12,0.95,2.84,1.1,0.85,1.0,1.66,0.65,1.0,1.4,2.79,1.2,1.48,1.88,1.97,,0.81,1.55,2.02,1.3,1.7,1.6,1.5,,,1.26,1.59,1.23,1.3,,2.35,4.75,1.25,2.35,6.9,4.36,1.3,1.75,5.4,1.45,6.8,1.84,,1.56,,7.9,,,1.35,1.55,,1.36,1.45,1.31,1.41,1.22,1.33,1.8,,1.7,1.8,2.06,,1.85,
1.4003E+14,Ayanur,Ground water,Cgwb,Karnataka,Shivamogga,Shimoga,Manual,Shimoga,Ayanur,14.0083,75.5583,1996-01-05,2024-08-25,Dug well,Unconfined,17.85,HGZ,MANUAL-Water Level,m,4.190000057,9.340000153,0.649999976,1.24000001,4.820000172,8.069999695,6.739999771,8.079999924,10.30000019,11.67000008,1.909999967,4.25,9.130000114,11.13000011,11.05000019,1.200000048,5.980000019,12.84000015,0.720000029,1.389999986,11.22999954,10.14999962,1.700000048,0.709999979,1.690000057,9.350000381,0.629999995,1.230000019,2.900000095,9.090000153,0.600000024,0.709999979,1.799999952,2.019999981,1.0,1.350000024,2.319999933,4.960000038,0.579999983,0.930000007,3.839999914,1.830000043,1.049999952,0.709999979,1.340000033,1.600000024,0.939999998,1.149999976,1.570000052,1.549999952,,0.720000029,1.480000019,2.210000038,0.330000013,1.070000052,2.329999924,2.549999952,0.649999976,1.129999995,1.850000024,3.289999962,1.299999952,1.070000052,,1.639999986,1.149999976,1.649999976,3.150000095,10.55000019,0.949999988,1.230000019,1.549999952,1.950000048,0.699999988,2.549999952,14.55000019,,0.639999986,1.75,4.880000114,,,1.480000019,3.200000048,,0.800000012,0.800000012,,0.870000005,0.75,2.150000095,3.849999905,4.050000191,2.369999886,1.929999948,2.700000048,,1.25,
1.352E+14,Bhadravati1,Ground water,Cgwb,Karnataka,Shivamogga,Bhadravati,Manual,Bhadravati,Bhadravati,13.8667,75.7333,1996-01-05,2024-08-25,Dug well,Unconfined,8.25,HGZ,MANUAL-Water Level,m,,1.970000029,0.150000006,0.529999971,1.539999962,1.929999948,0.810000002,1.200000048,1.879999995,1.75,0.550000012,0.449999988,1.320000052,,0.800000012,0.400000006,,1.649999976,0.230000004,0.560000002,1.440000057,4.0,1.200000048,2.430000067,1.110000014,4.599999905,0.119999997,0.079999998,1.190000057,1.779999971,1.279999971,0.159999996,1.279999971,1.200000048,0.100000001,3.25,0.899999976,0.5,0.129999995,0.300000012,0.660000026,3.420000076,0.200000003,0.300000012,0.870000005,1.049999952,0.239999995,0.449999988,0.889999986,0.949999988,,0.569999993,0.74000001,1.24000001,0.119999997,0.439999998,0.819999993,0.579999983,0.029999999,0.150000006,0.649999976,0.75,0.200000003,0.25999999,,1.090000033,1.0,,2.25,0.850000024,1.700000048,2.460000038,0.75,1.049999952,0.100000001,0.600000024,2.799999952,1.769999981,0.119999997,0.300000012,1.25999999,,,0.550000012,0.469999999,,0.349999994,0.349999994,,0.629999995,0.400000006,0.800000012,1.799999952,1.5,,1.0,1.629999995,,0.650000036,
1.426E+14,Chandraguthi,Ground water,Cgwb,Karnataka,Shivamogga,Sorab,Manual,Sorab,Chandraguthi,14.4333,74.9583,1996-01-05,2024-08-25,Dug well,Unconfined,10.75,HGZ,MANUAL-Water Level,m,7.610000134,9.5,1.019999981,5.019999981,7.5,9.800000191,1.950000048,6.519999981,9.050000191,9.399999619,1.470000029,4.820000172,8.029999733,10.69999981,2.25,5.5,7.710000038,9.380000114,2.049999952,5.5,4.900000095,9.600000381,2.970000029,4.670000076,6.239999771,,1.100000024,5.0,6.5,9.949999809,2.599999905,3.970000029,5.980000019,7.78000021,3.069999933,5.650000095,6.599999905,8.409999847,3.420000076,4.889999866,5.650000095,6.559999943,3.599999905,3.579999924,4.889999866,7.989999771,2.450000048,4.599999905,5.389999866,7.460000038,,4.28000021,5.880000114,7.349999905,1.289999962,3.599999905,5.019999981,6.260000229,1.480000019,4.440000057,5.71999979,6.840000153,4.400000095,3.140000105,,9.170000076,2.599999905,5.599999905,6.650000095,8.649999619,3.299999952,4.849999905,6.0,7.75,1.0,4.550000191,5.239999771,8.180000305,1.090000033,3.970000029,6.400000095,,,4.449999809,5.650000095,,2.299999952,2.299999952,,4.400000095,1.850000024,4.849999905,6.25,7.050000191,4.949999809,6.0,5.800000191,,1.200000048,
1.351E+14,Gajanur,Ground water,Cgwb,Karnataka,Shivamogga,Shimoga,Manual,Shimoga,Gajanur,13.85,75.55,1998-01-05,2024-08-25,Dug well,Unconfined,19.5,HGZ,MANUAL-Water Level,m,3.170000076,4.289999962,0.870000005,1.440000057,3.059999943,4.21999979,1.519999981,2.74000001,3.690000057,4.619999886,2.200000048,1.690000057,3.369999886,4.789999962,2.890000105,1.279999971,3.369999886,4.230000019,1.649999976,2.720000029,4.03000021,4.639999866,1.139999986,1.149999976,3.200000048,5.489999771,0.779999971,2.089999914,3.309999943,4.690000057,1.00999999,0.970000029,1.789999962,3.690000057,0.860000014,1.690000057,2.019999981,3.00999999,0.720000029,1.149999976,1.889999986,1.649999976,0.889999986,0.870000005,1.169999957,1.529999971,0.889999986,1.190000057,2.289999962,1.159999967,,0.639999986,2.069999933,2.789999962,0.699999988,0.970000029,1.370000005,2.619999886,0.610000014,0.689999998,1.129999995,2.839999914,0.939999998,1.039999962,,3.940000057,1.230000019,2.089999914,2.789999962,4.809999943,0.439999998,0.569999993,3.839999914,2.089999914,0.550000012,1.289999962,3.690000057,,0.540000021,0.860000014,5.300000191,,,1.129999995,3.690000057,,1.039999962,1.039999962,,0.649999976,0.589999974,1.090000033,2.0,3.349999905,1.679999948,1.75,2.0,,0.640000045,
1.34615E+14,Guddekoppa,Ground water,Cgwb,Karnataka,Shivamogga,Tirthahalli,Manual,Tirthahalli,Guddekoppa,13.7708,75.2472,1996-01-05,2024-08-25,Dug well,Unconfined,18,HGZ,MANUAL-Water Level,m,9.949999809,12.69999981,5.949999809,8.550000191,10.55000019,13.05000019,6.690000057,9.140000343,10.40999985,12.85999966,5.829999924,8.81000042,10.17000008,13.22999954,9.130000114,8.829999924,9.420000076,,4.929999828,8.729999542,10.60000038,12.72999954,2.130000114,7.849999905,9.359999657,,4.059999943,8.460000038,9.710000038,12.63000011,2.140000105,6.860000134,9.710000038,12.47999954,2.650000095,9.130000114,10.32999992,12.94999981,5.079999924,8.119999886,10.01000023,11.13000011,4.579999924,5.610000134,9.25,12.39000034,2.549999952,8.579999924,9.649999619,12.60000038,,6.860000134,9.949999809,12.85999966,2.279999971,8.229999542,9.729999542,16.04000092,1.99000001,8.0,9.979999542,12.75,7.579999924,8.430000305,,12.75,6.110000134,8.229999542,9.529999733,11.30000019,7.329999924,7.329999924,9.229999542,12.47999954,1.970000029,8.329999924,14.52999973,11.97000027,1.850000024,7.099999905,9.949999809,,,7.570000172,9.199999809,,2.930000067,2.930000067,,10.82999992,2.319999933,8.130000114,10.19999981,12.75,7.650000095,8.899999619,10.07999992,,2.929999828,
1.354E+14,Hosanagara1,Ground water,Cgwb,Karnataka,Shivamogga,Hosanagara,Manual,Hosanagara,Hosanagara,13.9,75.1,1996-01-05,2024-08-25,Dug well,Unconfined,14,HGZ,MANUAL-Water Level,m,11.18000031,13.35999966,8.039999962,8.710000038,10.77999973,13.39000034,8.659999847,10.06000042,11.09000015,,7.570000172,8.710000038,10.26000023,13.14000034,8.659999847,8.710000038,9.380000114,12.88000011,6.659999847,8.609999657,10.48999977,13.10999966,1.909999967,7.639999866,9.340000153,11.90999985,1.950000048,7.909999847,9.579999924,12.68000031,3.079999924,7.210000038,9.479999542,12.23999977,5.059999943,8.359999657,9.960000038,10.93999958,6.03000021,7.699999809,8.210000038,11.60999966,6.960000038,7.28000021,7.699999809,11.81000042,3.160000086,6.610000134,8.319999695,12.03999996,,7.21999979,9.430000305,12.71000004,1.340000033,6.659999847,8.210000038,10.81000042,1.409999967,5.789999962,9.899999619,12.27999973,6.159999847,7.260000229,,12.31000042,9.859999657,5.659999847,11.65999985,12.56000042,10.46000004,6.710000038,10.96000004,13.15999985,4.159999847,8.56000042,9.659999847,13.17000008,0.079999998,4.760000229,10.30000019,,,6.610000134,10.73999977,,4.460000038,4.460000038,,11.51000023,1.809999943,7.860000134,10.64999962,13.5,8.850000381,9.600000381,10.80000019,,2.359999895,
1.3513E+14,Humacha,Ground water,Cgwb,Karnataka,Shivamogga,Hosanagara,Manual,Hosanagara,Humacha,13.8583,75.2083,1996-01-05,2024-08-25,Dug well,Unconfined,10.4,HGZ,MANUAL-Water Level,m,5.190000057,7.550000191,2.660000086,3.640000105,5.340000153,7.840000153,2.359999895,4.739999771,5.889999866,7.880000114,3.059999943,3.789999962,5.440000057,9.489999771,3.339999914,4.039999962,5.920000076,5.940000057,5.170000076,5.440000057,6.199999809,9.18999958,4.710000038,5.619999886,5.53000021,5.539999962,2.829999924,5.289999962,5.760000229,8.600000381,3.039999962,5.019999981,5.760000229,5.519999981,4.789999962,3.74000001,5.639999866,5.860000134,2.799999952,3.539999962,4.789999962,5.489999771,3.039999962,3.359999895,5.630000114,7.409999847,2.940000057,3.640000105,5.010000229,6.849999905,,5.019999981,5.619999886,6.380000114,3.400000095,4.769999981,5.559999943,5.519999981,4.420000076,4.840000153,5.289999962,5.610000134,4.889999866,4.940000057,,6.170000076,3.539999962,5.139999866,6.340000153,7.539999962,5.0,4.489999771,5.690000057,5.840000153,2.589999914,4.989999771,3.140000105,8.300000191,1.50999999,4.440000057,6.0,,,4.840000153,5.320000172,,4.269999981,4.269999981,,4.800000191,3.339999914,4.889999866,5.800000191,6.349999905,5.28000021,4.420000076,5.949999809,,2.140000105,
1.347E+14,Kodur1,Ground water,Cgwb,Karnataka,Shivamogga,Tirthahalli,Manual,Tirthahalli,Kodur,13.7833,75.125,1996-01-05,2024-08-25,Dug well,Unconfined,14.81,HGZ,MANUAL-Water Level,m,9.800000191,12.40999985,6.5,7.480000019,9.300000191,12.51000023,8.56000042,9.079999924,10.57999992,13.81000042,9.829999924,8.840000153,9.949999809,13.09000015,8.380000114,7.159999847,10.73999977,13.22999954,5.739999771,7.650000095,10.02000046,13.02999973,3.960000038,6.510000229,8.359999657,5.579999924,5.25,8.489999771,9.170000076,12.82999992,1.909999967,5.739999771,9.159999847,11.77999973,3.779999971,7.380000114,9.279999733,14.02999973,4.909999847,6.46999979,8.329999924,12.5,5.380000114,6.070000172,8.229999542,12.05000019,4.239999771,7.079999924,9.0,12.43999958,,7.510000229,9.359999657,12.77999973,2.50999999,6.289999962,8.840000153,12.53999996,2.190000057,5.420000076,8.539999962,12.61999989,6.130000114,6.900000095,,12.25,9.529999733,7.880000114,10.27999973,13.22999954,6.880000114,6.639999866,8.829999924,12.32999992,2.859999895,6.480000019,7.079999924,12.69999981,1.909999967,4.880000114,9.5,,,5.380000114,7.480000019,,3.529999971,3.529999971,,9.859999657,1.179999948,5.980000019,8.850000381,13.14999962,,8.550000191,9.420000076,,3.0,
1.359E+14,Melinahanasavadi,Ground water,Cgwb,Karnataka,Shivamogga,Bhadravati,Manual,Bhadravati,Melinahanasavadi,13.9833,75.6889,1996-01-05,2024-08-25,Dug well,Unconfined,8.5,HGZ,MANUAL-Water Level,m,1.450000048,2.150000095,0.870000005,1.690000057,1.730000019,2.519999981,1.25,1.399999976,2.5,2.329999924,1.210000038,1.429999948,1.75,2.819999933,1.299999952,2.0,2.140000105,2.410000086,1.370000005,1.370000005,2.200000048,2.799999952,1.350000024,1.25999999,2.589999914,,1.159999967,1.289999962,2.769999981,2.730000019,1.200000048,1.120000005,2.460000038,2.299999952,1.399999976,1.269999981,1.700000048,1.210000038,,1.360000014,2.0,1.149999976,0.800000012,0.819999993,2.380000114,1.879999995,0.980000019,1.25,2.359999895,1.529999971,,0.680000007,2.380000114,1.399999976,0.920000017,1.149999976,3.109999895,1.49000001,0.779999971,1.139999986,1.870000005,1.570000052,1.299999952,1.320000052,,2.5,1.5,,3.0,2.480000019,1.399999976,1.559999943,3.200000048,1.850000024,2.0,1.5,2.799999952,3.75,0.730000019,1.600000024,2.299999952,,,1.320000052,2.480000019,,0.649999976,0.649999976,,0.970000029,,2.079999924,2.349999905,1.820000052,,,1.870000005,,0.700000048,
1.3573E+14,Pillangere,Ground water,Cgwb,Karnataka,Shivamogga,Shimoga,Manual,Shimoga,Pillangere,13.9583,75.6417,1996-05-15,2024-08-25,Dug well,Unconfined,22,HGZ,MANUAL-Water Level,m,1.440000057,5.079999924,0.639999986,0.860000014,1.870000005,3.75,3.650000095,3.599999905,7.309999943,,2.369999886,2.130000114,4.550000191,,5.650000095,1.850000024,7.460000038,,0.810000002,1.940000057,2.890000105,1.100000024,0.670000017,0.75999999,1.080000043,,0.709999979,1.350000024,2.019999981,1.039999962,0.860000014,0.75,1.210000038,1.620000005,0.730000019,1.049999952,1.450000048,1.899999976,0.899999976,0.75999999,1.450000048,1.049999952,1.049999952,0.75,1.029999971,1.620000005,0.389999986,1.110000014,1.669999957,1.450000048,,1.169999957,1.75999999,5.869999886,1.049999952,0.899999976,2.880000114,2.349999905,0.709999979,0.670000017,1.570000052,3.910000086,0.949999988,0.829999983,,8.199999809,1.200000048,1.399999976,5.050000191,,1.350000024,1.149999976,2.75,2.450000048,0.449999988,1.100000024,1.649999976,6.289999962,0.600000024,0.850000024,2.450000048,,,0.699999988,1.149999976,,0.699999988,0.699999988,,0.379999995,0.550000012,1.330000043,2.0,1.769999981,1.600000024,1.840000033,2.829999924,,0.620000005,
1.41E+14,Sagar,Ground water,Cgwb,Karnataka,Shivamogga,Sagar,Manual,Sagar,Sagar,14.1667,75.0333,1996-01-05,2024-08-25,Dug well,Unconfined,11.6,HGZ,MANUAL-Water Level,m,5.909999847,7.949999809,3.319999933,4.800000191,6.179999828,7.449999809,3.339999914,5.75,6.670000076,8.130000114,2.470000029,4.650000095,6.079999924,,3.849999905,4.75,6.25,6.579999924,3.400000095,5.289999962,6.730000019,6.900000095,3.700000048,5.090000153,5.889999866,5.449999809,3.069999933,5.269999981,6.039999962,8.670000076,3.75,4.130000114,5.920000076,6.349999905,3.74000001,5.800000191,9.649999619,6.78000021,3.829999924,5.139999866,5.989999771,5.670000076,3.450000048,4.349999905,5.789999962,6.539999962,3.690000057,4.75,6.03000021,7.869999886,,4.769999981,6.400000095,3.049999952,3.00999999,4.210000038,6.150000095,5.679999828,2.619999886,4.96999979,6.28000021,6.230000019,5.349999905,5.800000191,,7.889999866,4.650000095,6.349999905,6.5,6.869999886,5.150000095,8.460000038,6.150000095,6.449999809,3.75,5.900000095,9.75,8.229999542,3.730000019,5.050000191,6.800000191,,,5.699999809,6.199999809,,3.25,3.25,,5.449999809,4.349999905,5.650000095,6.800000191,8.600000381,5.860000134,5.25,6.199999809,,2.690000057,
1.422E+14,Sorab,Ground water,Cgwb,Karnataka,Shivamogga,Sorab,Manual,Sorab,Sorab,14.3667,75.1,1996-01-05,2024-08-25,Dug well,Unconfined,22.88,HGZ,MANUAL-Water Level,m,17.25,19.70999908,10.26000023,13.89000034,16.86000061,19.51000023,13.96000004,16.95000076,18.30999947,14.86999989,13.35000038,14.89000034,17.22999954,21.11000061,15.60999966,15.46000004,17.31999969,19.61000061,11.67000008,,17.61000061,21.20999908,11.15999985,13.68000031,16.28000069,19.70999908,8.170000076,14.36999989,15.25,19.06999969,8.960000038,11.85999966,14.53999996,16.69000053,9.170000076,13.85999966,14.21000004,17.71999931,11.68000031,13.02999973,15.27999973,17.93000031,11.21000004,11.93000031,14.86999989,17.37000084,7.96999979,13.56000042,13.77000046,17.80999947,,13.98999977,15.42000008,20.86000061,6.989999771,6.71999979,15.11999989,2.359999895,7.510000229,12.72999954,15.38000011,17.87000084,14.09000015,14.77000046,,21.20999908,13.51000023,16.40999985,18.61000061,22.19000053,,15.51000023,18.40999985,22.19000053,11.90999985,16.87000084,9.81000042,,6.010000229,10.89000034,16.5,,,12.90999985,15.01000023,,9.329999924,9.329999924,,16.15999985,6.409999847,12.90999985,14.89999962,20.70000076,13.30000019,16.30999947,18.85000038,,8.740000725,
1.357E+14,Tevarachatnahalli,Ground water,Cgwb,Karnataka,Shivamogga,Shimoga,Manual,Shimoga,Tevarachatnahalli,13.95,75.6167,1996-01-05,2024-08-25,Dug well,Unconfined,23,HGZ,MANUAL-Water Level,m,3.200000048,6.429999828,1.25,2.799999952,5.269999981,3.579999924,2.970000029,5.199999809,7.150000095,,2.289999962,2.769999981,4.380000114,4.420000076,2.150000095,1.75,2.779999971,2.900000095,1.360000014,2.230000019,2.49000001,2.75,1.730000019,1.820000052,2.470000029,,1.75999999,3.25999999,7.670000076,5.199999809,1.350000024,1.159999967,2.839999914,3.869999886,1.610000014,2.450000048,6.599999905,2.670000076,1.799999952,2.630000114,3.029999971,3.660000086,1.299999952,1.639999986,3.369999886,3.420000076,2.140000105,2.5,3.849999905,3.099999905,,2.269999981,2.75999999,3.039999962,1.210000038,2.670000076,3.349999905,2.700000048,1.029999971,1.730000019,2.680000067,2.299999952,1.549999952,1.899999976,,3.450000048,1.649999976,3.75,3.400000095,3.059999943,1.700000048,2.640000105,3.150000095,5.019999981,1.649999976,3.099999905,2.950000048,,1.120000005,1.429999948,3.900000095,,,1.779999971,3.099999905,,1.549999952,1.549999952,,1.210000038,0.850000024,3.059999943,4.75,4.869999886,2.769999981,7.300000191,5.550000191,,4.119999886,
1.35222E+14,Bidarakere1,Ground water,Cgwb,Karnataka,Tumkur,Madhugiri,Manual,Madhugiri,Bidarakere,13.8728,77.2272,1996-01-05,2024-08-25,Dug well,Unconfined,13.86,HGZ,MANUAL-Water Level,m,3.549999952,5.420000076,5.130000114,1.830000043,3.200000048,4.809999943,,1.950000048,3.109999895,5.199999809,5.599999905,6.099999905,7.099999905,,9.149999619,,,9.0,8.899999619,9.399999619,9.229999542,10.27000046,,2.319999933,3.0,5.039999962,5.199999809,5.050000191,5.130000114,6.050000191,6.820000172,5.369999886,5.400000095,6.03000021,4.550000191,1.789999962,3.049999952,4.699999809,5.25,3.019999981,4.099999905,13.06000042,5.78000021,2.130000114,2.339999914,4.900000095,5.599999905,6.199999809,13.06000042,13.06000042,,7.960000038,7.269999981,8.0,8.050000191,6.320000172,7.360000134,8.359999657,7.300000191,6.5,8.399999619,7.199999809,7.150000095,2.400000095,,,2.349999905,2.799999952,3.0,3.299999952,3.599999905,2.0,2.950000048,3.950000048,2.200000048,3.200000048,5.099999905,7.150000095,8.359999657,2.0,3.799999952,,,2.099999905,2.799999952,,3.160000086,2.25,2.549999952,1.620000005,0.850000024,2.400000095,3.799999952,3.950000048,4.099999905,4.03000021,3.900000095,,3.549999952,
1.34E+14,Madhugiri,Ground water,Cgwb,Karnataka,Tumkur,Madhugiri,Manual,Madhugiri,Madhugiri,13.6667,77.2,1996-01-05,2024-08-25,Dug well,Unconfined,13,HGZ,MANUAL-Water Level,m,1.720000029,10.23999977,1.139999986,1.139999986,1.679999948,4.039999962,,1.350000024,1.879999995,5.639999866,3.769999981,1.799999952,3.049999952,10.23999977,10.38000011,8.270000458,9.170000076,10.32999992,10.14000034,7.099999905,5.190000057,10.19999981,,0.939999998,1.289999962,4.360000134,2.839999914,1.840000033,3.380000114,6.639999866,1.940000057,1.379999995,0.819999993,4.420000076,1.659999967,0.99000001,1.75999999,3.900000095,0.99000001,1.24000001,2.140000105,4.449999809,4.409999847,0.810000002,0.600000024,3.99000001,3.539999962,2.680000067,3.789999962,5.639999866,,4.059999943,1.74000001,6.539999962,10.17000008,0.899999976,1.659999967,3.460000038,4.039999962,3.890000105,2.539999962,4.300000191,5.239999771,0.860000014,,4.989999771,1.879999995,3.559999943,4.78000021,9.93999958,9.989999771,1.139999986,1.940000057,4.869999886,5.989999771,7.940000057,10.09000015,11.10000038,2.859999895,0.639999986,3.0,,,0.920000017,1.440000057,,0.689999998,0.889999986,1.289999962,0.889999986,4.170000076,1.039999962,2.99000001,4.380000114,4.800000191,3.650000095,4.5,,3.370000124,
1.328E+14,Mattighatta,Ground water,Cgwb,Karnataka,Tumkur,Chiknayakanhalli,Manual,Chiknayakanhalli,Mattighatta,13.4667,76.4833,1996-01-05,2024-08-25,Dug well,Unconfined,9.5,HGZ,MANUAL-Water Level,m,2.950000048,7.119999886,3.299999952,1.470000029,2.289999962,4.659999847,4.039999962,2.269999981,3.359999895,6.199999809,5.920000076,1.960000038,6.900000095,8.800000191,9.340000153,4.550000191,7.010000229,4.329999924,3.529999971,2.589999914,4.670000076,5.630000114,3.049999952,1.350000024,,2.950000048,3.650000095,2.299999952,3.24000001,5.400000095,4.260000229,1.690000057,2.799999952,3.220000029,3.559999943,2.650000095,3.25999999,4.900000095,3.0,1.74000001,2.400000095,2.460000038,2.720000029,1.200000048,0.879999995,2.849999905,3.400000095,2.49000001,4.900000095,3.200000048,,3.74000001,4.5,5.690000057,5.650000095,4.25,5.820000172,7.860000134,7.75,2.099999905,4.300000191,3.700000048,4.940000057,2.150000095,,3.380000114,2.5,3.980000019,4.880000114,5.099999905,7.699999809,2.900000095,4.050000191,5.300000191,6.099999905,3.599999905,,7.0,5.829999924,,3.529999971,,,2.200000048,7.300000191,,3.200000048,0.949999988,2.150000095,1.820000052,1.5,1.649999976,3.349999905,3.150000095,3.519999981,3.640000105,4.28000021,,3.279999971,
1.34945E+14,Midigeshi,Ground water,Cgwb,Karnataka,Tumkur,Madhugiri,Manual,Madhugiri,Midigeshi,13.8292,77.2042,1996-01-05,2024-08-25,Dug well,Unconfined,10,HGZ,MANUAL-Water Level,m,1.830000043,4.619999886,1.019999981,0.25,1.590000033,3.00999999,8.340000153,1.269999981,2.339999914,3.849999905,7.449999809,7.980000019,8.409999847,,0.860000014,2.700000048,6.260000229,4.75,4.849999905,4.590000153,4.119999886,8.329999924,2.420000076,1.049999952,1.350000024,4.099999905,2.430000067,2.950000048,4.159999847,8.0,5.019999981,1.289999962,2.269999981,2.49000001,0.600000024,1.149999976,1.970000029,2.069999933,1.649999976,1.230000019,2.650000095,3.589999914,3.079999924,0.99000001,0.400000006,4.050000191,3.099999905,3.25999999,4.320000172,4.849999905,,0.949999988,2.109999895,3.920000076,4.03000021,3.559999943,2.349999905,3.329999924,3.420000076,1.299999952,2.450000048,1.330000043,2.99000001,1.289999962,,3.769999981,1.549999952,7.550000191,3.599999905,4.400000095,4.28000021,1.049999952,2.130000114,3.150000095,3.650000095,4.25,4.320000172,6.0,4.070000172,0.949999988,2.869999886,,,0.930000007,1.429999948,,1.799999952,0.75,1.75,0.910000026,0.699999988,1.100000024,3.450000048,3.650000095,4.150000095,2.950000048,4.699999809,,2.599999905,
1.3283E+14,Nagenahalli,Ground water,Cgwb,Karnataka,Tumkur,Koratagere,Manual,Koratagere,Nagenahalli,13.475,77.2417,1996-01-05,2024-08-25,Dug well,Unconfined,10,HGZ,MANUAL-Water Level,m,2.5,6.179999828,4.369999886,1.450000048,3.690000057,4.489999771,6.929999828,3.329999924,2.519999981,4.980000019,4.150000095,5.190000057,6.269999981,8.75,8.18999958,4.400000095,5.53000021,8.239999771,7.199999809,8.010000229,8.220000267,9.159999847,6.099999905,0.949999988,1.690000057,3.549999952,3.75,3.519999981,5.730000019,9.050000191,5.170000076,,2.900000095,5.960000038,2.480000019,1.539999962,2.680000067,7.050000191,8.789999962,4.880000114,3.75,9.149999619,5.630000114,9.149999619,9.149999619,6.650000095,3.349999905,9.149999619,3.900000095,3.150000095,,4.599999905,4.199999809,9.149999619,3.150000095,1.700000048,2.25999999,4.079999924,3.440000057,0.850000024,1.75,2.589999914,2.200000048,1.700000048,,4.130000114,1.25,2.200000048,3.0,3.75,4.349999905,1.149999976,2.299999952,3.200000048,2.450000048,2.950000048,4.25,7.570000172,4.320000172,2.700000048,3.200000048,,,1.49000001,2.150000095,,2.650000095,1.350000024,1.700000048,1.679999948,0.819999993,1.25,3.019999981,3.230000019,2.940000057,4.650000095,3.099999905,,0.649999976,
1.3093E+14,Nonavinakere,Ground water,Cgwb,Karnataka,Tumkur,Tiptur,Manual,Tiptur,Nonavinakere,13.1583,76.5583,1996-01-05,2024-08-25,Dug well,Unconfined,12.6,HGZ,MANUAL-Water Level,m,5.539999962,6.460000038,5.889999866,3.400000095,4.139999866,5.699999809,5.860000134,5.050000191,5.550000191,6.550000191,7.75,5.849999905,6.269999981,7.78000021,8.109999657,6.980000019,5.460000038,6.820000172,6.050000191,5.039999962,4.820000172,5.679999828,5.449999809,3.75,4.050000191,4.730000019,4.550000191,4.099999905,6.71999979,4.150000095,4.019999981,3.069999933,3.099999905,3.109999895,2.849999905,1.950000048,2.25,2.549999952,2.650000095,2.029999971,2.25,2.369999886,1.769999981,1.480000019,1.950000048,2.349999905,2.549999952,2.150000095,3.0,2.950000048,,1.169999957,4.349999905,6.03000021,5.820000172,3.329999924,4.449999809,4.659999847,3.630000114,2.25,2.75,3.630000114,2.970000029,2.049999952,,2.829999924,2.400000095,2.730000019,3.430000067,4.5,,3.049999952,3.900000095,4.150000095,3.75,3.25,4.300000191,5.869999886,3.970000029,2.190000057,3.839999914,,,1.879999995,2.099999905,,2.230000019,1.399999976,1.669999957,1.279999971,1.429999948,1.5,2.74000001,2.440000057,2.769999981,2.480000019,3.0,,2.180000067,
1.4093E+14,Palavalli,Ground water,Cgwb,Karnataka,Tumkur,Pavagada,Manual,Pavagada,Palavalli,14.1583,77.2917,1996-01-05,2024-08-25,Dug well,Unconfined,12.64,HGZ,MANUAL-Water Level,m,2.769999981,5.809999943,5.320000172,1.220000029,1.580000043,4.670000076,5.0,0.879999995,0.889999986,3.019999981,3.75,4.53000021,6.820000172,6.420000076,6.53000021,6.0,1.600000024,6.21999979,5.210000038,5.920000076,6.639999866,6.880000114,3.319999933,1.269999981,1.870000005,4.070000172,5.789999962,6.46999979,6.539999962,7.880000114,8.529999733,7.53000021,7.489999771,7.019999981,1.450000048,1.070000052,1.519999981,3.680000067,4.699999809,3.74000001,2.720000029,4.920000076,5.190000057,2.230000019,1.49000001,4.420000076,5.46999979,5.949999809,7.389999866,7.119999886,,7.670000076,7.019999981,8.859999657,9.600000381,2.769999981,3.920000076,6.300000191,7.820000172,7.559999943,7.71999979,10.01000023,10.73999977,8.170000076,,8.470000267,7.820000172,7.570000172,8.819999695,10.52000046,10.81999969,5.46999979,7.369999886,8.270000458,9.619999886,8.770000458,8.970000267,10.5,9.93999958,6.920000076,9.649999619,,,6.170000076,6.570000172,,9.319999695,2.420000076,2.089999914,3.470000029,0.74000001,0.800000012,2.5,3.480000019,5.260000229,6.199999809,7.800000191,,7.269999981,
1.3193E+14,Siddagangamatha,Ground water,Cgwb,Karnataka,Tumkur,Tumkur,Manual,Tumkur,Siddagangamatha,13.325,77.15,1996-01-05,2024-08-25,Dug well,Unconfined,13,HGZ,MANUAL-Water Level,m,5.210000038,4.03000021,2.25,2.5,2.900000095,4.380000114,,,,3.559999943,3.789999962,4.849999905,5.050000191,5.809999943,,,3.410000086,6.21999979,5.349999905,5.309999943,6.210000038,8.260000229,8.350000381,6.570000172,5.050000191,7.559999943,6.949999809,6.849999905,3.619999886,8.300000191,8.06000042,3.069999933,4.090000153,6.679999828,6.909999847,2.789999962,3.940000057,5.349999905,6.0,,6.150000095,7.46999979,6.559999943,2.369999886,2.400000095,4.900000095,4.050000191,4.03000021,5.309999943,5.550000191,,6.210000038,6.449999809,6.929999828,5.809999943,3.559999943,4.170000076,4.329999924,6.599999905,2.069999933,2.5,3.609999895,4.099999905,3.599999905,,5.139999866,4.349999905,4.599999905,5.179999828,6.800000191,6.03000021,2.75,4.099999905,2.75,2.650000095,4.849999905,5.5,7.0,4.849999905,2.160000086,3.230000019,,,3.849999905,1.570000052,,2.680000067,1.330000043,0.589999974,2.75,,,4.190000057,3.700000048,4.889999866,4.099999905,4.599999905,,2.950000048,
1.43203E+14,Banavasi,Ground water,Cgwb,Karnataka,Uttara kannada,Sirsi,Manual,Sirsi,Banavasi,14.5342,75.0189,1996-01-05,2024-08-30,Dug well,Unconfined,19,HGZ,MANUAL-Water Level,m,16.03000069,16.22999954,15.57999992,15.68000031,15.82999992,15.93000031,15.60000038,15.68000031,15.93000031,18.32999992,15.30000019,15.55000019,15.80000019,17.22999954,15.68000031,16.12999916,15.5,15.75,15.27999973,15.48999977,15.63000011,16.97999954,,,15.63000011,13.77999973,,16.01000023,15.75,16.68000031,14.47999954,15.46000004,18.0,15.88000011,15.18000031,15.43000031,,16.09000015,15.57999992,15.27999973,15.60000038,14.63000011,15.26000023,15.02000046,15.60000038,15.18999958,9.010000229,15.68000031,15.61999989,15.67000008,,14.88000011,15.73999977,15.46000004,15.39999962,15.96000004,,16.18000031,15.39999962,15.43000031,15.77999973,15.47999954,15.68000031,15.61999989,,16.20999908,16.14999962,16.47999954,16.18000031,16.95000076,13.07999992,15.77999973,16.03000069,17.30999947,10.18000031,15.68000031,15.77999973,17.45000076,12.02999973,,16.51000023,,,15.63000011,16.07999992,,15.63000011,15.63000011,,,15.18000031,15.68000031,16.39999962,16.70000076,16.04999924,16.31999969,16.31999969,,14.92999935,
1.432E+14,Bandal,Ground water,Cgwb,Karnataka,Uttara kannada,Sirsi,Manual,Sirsi,Bandal,14.5333,74.6667,1996-01-05,2024-08-30,Dug well,Unconfined,11.1,HGZ,MANUAL-Water Level,m,6.849999905,8.359999657,1.429999948,,6.869999886,9.75,3.430000067,6.03000021,6.900000095,10.05000019,3.559999943,7.329999924,6.889999866,9.949999809,2.75,6.150000095,6.829999924,7.449999809,4.139999866,6.050000191,7.050000191,10.94999981,5.28000021,6.010000229,6.71999979,,4.75,6.099999905,6.610000134,9.130000114,4.150000095,5.900000095,8.010000229,8.630000114,5.380000114,6.199999809,6.869999886,9.409999847,3.75,6.050000191,3.859999895,4.670000076,1.970000029,5.630000114,6.699999809,7.340000153,3.049999952,6.349999905,6.949999809,,,6.260000229,6.480000019,8.829999924,2.640000105,6.059999943,6.710000038,8.399999619,3.170000076,5.880000114,6.599999905,8.449999809,5.800000191,6.079999924,,8.909999847,4.150000095,6.0,6.849999905,6.25,3.650000095,6.03000021,6.75,8.520000458,2.150000095,6.199999809,7.25,10.07999992,2.029999971,5.849999905,7.53000021,,,5.849999905,6.75,,5.050000191,5.050000191,,5.78000021,4.25,6.369999886,7.300000191,9.850000381,6.099999905,6.420000076,7.300000191,,2.75,
1.4433E+14,Belekeri,Ground water,Cgwb,Karnataka,Uttara kannada,Ankola,Manual,Ankola,Belekeri,14.725,74.2667,1996-01-05,2024-08-30,Dug well,Unconfined,9.25,HGZ,MANUAL-Water Level,m,5.519999981,3.839999914,4.110000134,5.690000057,,5.239999771,4.400000095,,5.690000057,,3.680000067,5.239999771,5.699999809,7.440000057,3.890000105,5.340000153,4.929999828,5.090000153,4.909999847,5.559999943,6.840000153,7.340000153,4.659999847,,6.619999886,6.639999866,4.239999771,4.739999771,5.480000019,7.46999979,,,,,4.800000191,5.039999962,5.239999771,6.389999866,2.690000057,2.74000001,,8.539999962,3.420000076,4.539999962,7.440000057,8.079999924,3.619999886,5.539999962,5.940000057,6.119999886,,6.400000095,7.199999809,6.25,4.230000019,5.039999962,5.400000095,7.46999979,4.889999866,5.429999828,6.289999962,4.389999866,5.190000057,6.139999866,,7.889999866,5.239999771,6.539999962,7.019999981,8.489999771,,6.650000095,6.340000153,7.690000057,4.739999771,6.190000057,4.539999962,9.229999542,3.539999962,5.789999962,7.0,,,6.190000057,6.440000057,,5.139999866,5.139999866,,6.96999979,3.839999914,5.340000153,7.400000095,8.350000381,6.5,7.050000191,8.050000191,,4.200000286,
1.42145E+14,Bilgi1,Ground water,Cgwb,Karnataka,Uttara kannada,Siddapur,Manual,Siddapur,Bilgi,14.3625,74.7972,1996-01-05,2024-08-30,Dug well,Unconfined,14,HGZ,MANUAL-Water Level,m,8.369999886,10.01000023,4.559999943,7.309999943,8.710000038,10.13000011,5.510000229,7.699999809,8.829999924,10.77999973,5.110000134,7.630000114,8.859999657,10.51000023,5.679999828,7.630000114,11.02000046,12.19999981,9.420000076,10.81000042,8.949999809,10.93000031,4.880000114,10.75,9.159999847,9.180000305,3.579999924,6.989999771,10.98999977,3.470000029,0.930000007,2.109999895,3.579999924,3.329999924,9.229999542,7.960000038,8.279999733,10.75,9.960000038,9.779999733,11.06000042,,5.110000134,6.710000038,11.10000038,9.840000153,9.380000114,10.77999973,10.96000004,11.85000038,,2.400000095,11.26000023,12.97999954,7.340000153,11.07999992,11.30000019,11.51000023,8.699999809,10.71000004,10.97999954,11.86999989,10.88000011,10.92000008,,11.71000004,10.72999954,11.06000042,11.27999973,12.06000042,,11.30000019,11.18000031,12.13000011,6.179999828,10.68000031,11.97999954,12.55000019,5.78000021,6.480000019,10.60000038,,,0.829999983,11.22999954,,10.02999973,10.02999973,,11.93999958,5.480000019,7.579999924,11.64999962,4.340000153,11.19999981,11.39000034,11.75,,9.680000305,
1.424E+14,Chandavar,Ground water,Cgwb,Karnataka,Uttara kannada,Honavar,Manual,Honavar,Chandavar,14.4,74.4792,1996-01-05,2024-08-30,Dug well,Unconfined,9.8,HGZ,MANUAL-Water Level,m,5.699999809,4.289999962,1.379999995,4.849999905,5.71999979,6.5,1.840000033,4.829999924,5.75,5.440000057,2.619999886,4.869999886,5.670000076,8.170000076,1.620000005,5.199999809,5.929999828,6.239999771,3.039999962,5.079999924,6.019999981,9.170000076,3.160000086,4.849999905,5.860000134,6.519999981,2.119999886,5.21999979,5.71999979,8.350000381,2.289999962,5.239999771,6.570000172,7.369999886,3.029999971,5.170000076,6.320000172,7.519999981,1.980000019,5.650000095,6.289999962,7.809999943,1.450000048,4.380000114,6.179999828,6.539999962,2.150000095,5.920000076,6.289999962,8.279999733,,5.869999886,6.659999847,8.449999809,2.099999905,5.380000114,6.199999809,8.260000229,3.349999905,4.480000019,6.570000172,8.270000458,4.96999979,5.179999828,,9.319999695,3.369999886,5.570000172,6.46999979,9.319999695,2.869999886,4.940000057,6.420000076,7.71999979,2.420000076,5.820000172,6.019999981,9.090000153,2.269999981,5.21999979,6.940000057,,,5.420000076,6.679999828,,3.420000076,3.420000076,,6.269999981,2.670000076,5.739999771,7.099999905,4.949999809,5.5,6.25,6.980000019,,2.319999933,
1.42145E+14,Dodmane,Ground water,Cgwb,Karnataka,Uttara kannada,Siddapur,Manual,Siddapur,Dodmane,14.3625,74.7042,1996-01-05,2024-08-30,Dug well,Unconfined,8.71,HGZ,MANUAL-Water Level,m,4.5,4.380000114,1.74000001,4.139999866,4.579999924,4.940000057,3.440000057,4.110000134,4.650000095,4.78000021,3.369999886,4.090000153,4.570000172,5.820000172,2.410000086,4.210000038,6.519999981,4.690000057,3.150000095,4.139999866,4.730000019,5.809999943,3.609999895,4.019999981,4.409999847,4.809999943,3.410000086,3.779999971,4.400000095,4.260000229,3.450000048,4.070000172,4.449999809,5.159999847,3.690000057,4.110000134,4.650000095,5.309999943,2.349999905,4.139999866,4.309999943,4.429999828,2.599999905,3.579999924,4.53000021,5.050000191,2.369999886,4.260000229,4.46999979,5.480000019,,3.74000001,4.260000229,,2.349999905,3.920000076,4.360000134,5.329999924,3.630000114,3.940000057,4.460000038,5.610000134,3.859999895,4.110000134,,5.610000134,3.25999999,4.110000134,4.610000134,5.690000057,3.410000086,4.150000095,4.559999943,5.510000229,2.210000038,4.110000134,4.610000134,,2.150000095,3.910000086,5.349999905,,,4.010000229,4.420000076,,3.569999933,3.569999933,,4.579999924,3.410000086,4.190000057,5.400000095,6.449999809,4.650000095,4.800000191,5.300000191,,2.360000134,
1.42115E+14,Haldipur,Ground water,Cgwb,Karnataka,Uttara kannada,Honavar,Manual,Honavar,Haldipur,14.3542,74.425,1996-01-05,2024-08-30,Dug well,Unconfined,6.84,HGZ,MANUAL-Water Level,m,3.720000029,4.269999981,2.150000095,3.230000019,3.769999981,4.650000095,2.160000086,3.130000114,3.710000038,4.110000134,2.299999952,2.799999952,3.599999905,4.25,2.099999905,3.099999905,3.640000105,3.900000095,2.039999962,4.03000021,3.75,,3.180000067,3.210000038,3.289999962,4.400000095,2.599999905,2.799999952,3.549999952,3.619999886,1.889999986,2.619999886,3.599999905,4.21999979,2.799999952,3.200000048,2.670000076,4.150000095,2.420000076,2.900000095,3.450000048,5.21999979,2.029999971,1.799999952,3.569999933,4.400000095,1.799999952,3.299999952,3.640000105,4.579999924,,3.039999962,3.539999962,3.730000019,1.820000052,2.599999905,3.400000095,4.429999828,1.769999981,2.930000067,3.680000067,4.920000076,2.599999905,4.0,,,2.400000095,2.700000048,4.0,4.5,2.299999952,3.589999914,3.549999952,4.409999847,1.899999976,2.950000048,3.400000095,5.170000076,1.429999948,2.400000095,4.0,,,2.559999943,3.369999886,,2.150000095,2.150000095,,3.630000114,2.599999905,3.75,4.199999809,5.099999905,2.799999952,3.450000048,4.0,,3.25,
1.431E+14,Kansur1,Ground water,Cgwb,Karnataka,Uttara kannada,Siddapur,Manual,Siddapur,Kansur,14.5167,74.8417,1996-01-05,2024-08-30,Dug well,Unconfined,8.62,HGZ,MANUAL-Water Level,m,5.01,5.18,1.7,3.75,5.13,5.48,1.91,4.01,5.48,5.1,2.23,4.03,5.28,6.38,2.08,4.03,4.88,4.86,1.36,4.25,5.13,5.83,2.45,3.64,3.37,4.68,1.83,3.83,4.61,5.58,1.81,3.68,5.28,7.03,2.79,4.23,4.78,5.32,2.41,3.59,4.28,6.28,2.33,3.6,6.0,7.05,2.35,4.43,4.61,4.97,,3.48,4.91,5.65,1.61,3.72,4.83,4.95,2.38,3.61,4.83,5.06,3.63,4.03,,6.14,2.63,4.08,5.15,6.08,2.58,3.82,6.83,4.83,1.08,3.93,4.53,7.07,0.83,3.29,5.63,,,3.73,4.51,,2.33,2.33,,4.73,1.73,4.18,5.7,6.05,3.98,6.05,6.1,,1.3799999,
1.448E+14,Karwar1,Ground water,Cgwb,Karnataka,Uttara kannada,Karwar,Manual,Karwar,Karwar,14.8,74.1333,1996-01-05,2024-08-30,Dug well,Unconfined,4.45,HGZ,MANUAL-Water Level,m,1.929999948,2.75999999,0.430000007,1.460000038,2.019999981,2.680000067,0.649999976,2.099999905,2.680000067,2.230000019,1.679999948,2.029999971,1.860000014,3.369999886,0.379999995,1.279999971,2.039999962,2.130000114,0.370000005,1.029999971,1.899999976,4.230000019,0.579999983,0.959999979,1.730000019,2.130000114,0.330000013,0.730000019,1.620000005,2.829999924,0.400000006,0.99000001,1.830000043,2.480000019,0.639999986,1.279999971,2.029999971,2.609999895,0.209999993,1.039999962,1.529999971,2.829999924,0.150000006,1.590000033,1.649999976,2.25,0.370000005,1.480000019,1.75999999,2.75999999,,0.819999993,1.639999986,2.630000114,0.370000005,0.829999983,1.610000014,2.25999999,0.629999995,0.850000024,1.580000043,2.410000086,0.779999971,1.179999948,,2.319999933,0.579999983,0.930000007,1.629999995,2.480000019,0.579999983,0.980000019,1.629999995,2.930000067,1.429999948,2.549999952,2.029999971,4.050000191,0.01,,2.799999952,,,0.970000029,1.629999995,,1.679999948,1.679999948,,3.299999952,1.480000019,1.980000019,3.849999905,4.550000191,3.799999952,3.099999905,3.950000048,,0.429999948,
1.424E+14,Kumta1,Ground water,Cgwb,Karnataka,Uttara kannada,Kumta,Manual,Kumta,Kumta,14.4,74.4,1996-01-05,2024-08-30,Dug well,Unconfined,14.35,HGZ,MANUAL-Water Level,m,7.670000076,3.619999886,2.190000057,5.630000114,7.96999979,8.460000038,2.819999933,5.96999979,7.519999981,,,5.860000134,7.639999866,9.579999924,2.539999962,4.739999771,6.78000021,5.989999771,4.46999979,6.099999905,6.289999962,6.239999771,5.639999866,6.070000172,6.28000021,7.340000153,5.340000153,5.739999771,6.139999866,7.039999962,3.390000105,6.199999809,6.940000057,6.760000229,5.71999979,5.840000153,6.090000153,6.139999866,7.190000057,6.21999979,6.440000057,6.920000076,2.269999981,9.859999657,6.900000095,5.460000038,2.890000105,6.840000153,6.849999905,8.340000153,,6.28000021,6.789999962,7.889999866,3.519999981,6.019999981,6.639999866,10.02000046,5.539999962,5.78000021,6.639999866,7.639999866,5.590000153,6.039999962,,9.140000343,10.84000015,6.139999866,,9.340000153,4.440000057,6.28000021,12.03999996,12.09000015,4.690000057,6.289999962,6.739999771,11.14999962,2.640000105,5.940000057,7.099999905,,,6.21999979,6.840000153,,4.940000057,4.940000057,,6.369999886,5.809999943,7.139999866,8.220000267,8.300000191,7.0,7.349999905,7.599999905,,3.979999781,
1.454E+14,Majali,Ground water,Cgwb,Karnataka,Uttara kannada,Karwar,Manual,Karwar,Majali,14.9,74.15,1996-01-05,2024-08-30,Dug well,Unconfined,4.41,HGZ,MANUAL-Water Level,m,2.00999999,2.200000048,0.540000021,1.529999971,2.039999962,2.579999924,0.839999974,1.159999967,1.879999995,2.25,0.850000024,1.379999995,1.830000043,2.519999981,0.479999989,1.580000043,1.919999957,2.24000001,0.779999971,1.289999962,2.059999943,2.779999971,0.870000005,1.00999999,1.789999962,2.029999971,0.629999995,1.330000043,1.639999986,2.809999943,0.810000002,1.139999986,1.980000019,2.730000019,0.879999995,1.450000048,1.870000005,2.569999933,1.330000043,2.430000067,1.649999976,3.230000019,0.769999981,0.75,1.789999962,2.519999981,0.680000007,1.629999995,1.899999976,2.609999895,,1.379999995,1.809999943,3.099999905,0.579999983,0.74000001,1.75,3.049999952,0.779999971,0.779999971,1.779999971,2.779999971,0.779999971,1.289999962,,2.569999933,0.579999983,0.980000019,1.779999971,2.569999933,0.730000019,1.25,1.679999948,2.519999981,0.579999983,1.669999957,1.929999948,3.390000105,0.310000002,0.730000019,2.380000114,,,1.070000052,1.769999981,,1.129999995,1.129999995,,2.119999886,0.379999995,1.129999995,2.279999971,3.359999895,1.399999976,1.700000048,2.470000029,,0.379999965,
1.44615E+14,Malgi,Ground water,Cgwb,Karnataka,Uttara kannada,Mundgod,Manual,Mundgod,Malgi,14.7708,75.0167,1996-01-05,2024-08-30,Dug well,Unconfined,15.63,HGZ,MANUAL-Water Level,m,7.48,9.75,5.63,5.64,7.58,10.12,7.58,8.22,9.29,12.38,8.11,8.68,9.98,10.5,9.48,8.74,9.87,12.25,7.86,8.52,9.74,10.98,1.21,5.99,7.43,8.48,3.91,6.28,7.96,9.35,2.58,3.37,7.53,,3.63,7.08,8.08,9.6,4.98,5.76,7.38,3.08,4.89,5.02,7.8,7.6,4.18,6.18,7.08,8.55,,5.79,8.16,9.52,3.14,5.52,7.65,8.75,3.38,6.11,7.83,8.72,7.08,7.32,,9.13,7.68,8.13,8.88,9.66,8.18,6.03,8.73,8.93,2.43,6.58,6.88,9.72,1.66,5.58,8.3,,,5.83,7.26,,4.08,4.08,,7.2,2.48,6.6,8.4,9.45,6.0,8.15,8.97,,3.3799999,
1.406E+14,Manki1,Ground water,Cgwb,Karnataka,Uttara kannada,Bhatkal,Manual,Bhatkal,Manki,14.1,74.4917,1996-01-05,2024-08-30,Dug well,Unconfined,12.23,HGZ,MANUAL-Water Level,m,8.03,2.44,2.21,6.54,8.08,9.29,4.04,5.98,8.01,6.73,4.43,5.56,7.99,10.07,3.56,6.76,8.06,7.43,4.08,6.38,8.45,10.51,6.21,5.7,8.57,9.81,3.94,6.01,8.29,10.44,4.26,5.65,8.16,9.66,4.52,6.85,8.01,9.77,3.26,6.17,7.86,10.11,3.62,4.61,8.44,7.46,2.81,6.51,8.31,10.29,,4.2,8.52,10.41,3.54,5.22,8.23,11.16,4.06,5.42,8.28,9.98,4.36,5.25,,10.44,4.41,6.81,8.31,10.44,3.99,6.05,9.41,9.1,3.75,6.22,7.91,10.24,3.39,5.08,9.05,,,5.29,10.24,,4.66,4.66,,5.11,3.84,5.56,9.62,11.18,4.65,6.35,9.25,,3.71,
1.4053E+14,Murudeswar,Ground water,Cgwb,Karnataka,Uttara kannada,Bhatkal,Manual,Bhatkal,Murudeswar,14.0917,74.4917,1996-01-05,2024-08-30,Dug well,Unconfined,7.16,HGZ,MANUAL-Water Level,m,4.849999905,2.769999981,2.420000076,4.699999809,5.070000172,4.46999979,3.819999933,4.070000172,4.670000076,4.46999979,4.150000095,4.670000076,4.650000095,5.070000172,3.119999886,4.670000076,4.739999771,3.319999933,2.970000029,4.630000114,4.800000191,4.949999809,4.269999981,4.659999847,4.679999828,4.96999979,3.869999886,4.46999979,4.300000191,4.139999866,3.670000076,4.329999924,4.789999962,4.96999979,4.079999924,4.369999886,4.550000191,4.690000057,2.369999886,4.320000172,4.46999979,4.420000076,3.819999933,5.21999979,5.210000038,3.390000105,2.910000086,4.269999981,3.970000029,4.650000095,,4.420000076,4.019999981,4.150000095,3.549999952,5.389999866,4.590000153,4.389999866,3.890000105,4.369999886,4.619999886,5.019999981,4.019999981,4.96999979,,4.429999828,3.970000029,4.650000095,3.920000076,5.75,2.470000029,5.519999981,4.96999979,4.849999905,,3.269999981,4.369999886,3.660000086,3.819999933,4.96999979,5.400000095,,,5.369999886,5.369999886,,5.039999962,5.039999962,,4.789999962,4.289999962,5.239999771,6.599999905,3.349999905,4.880000114,5.0,5.699999809,,4.420000076,
1.45115E+14,Sadashivgad,Ground water,Cgwb,Karnataka,Uttara kannada,Karwar,Manual,Karwar,Sadashivgad,14.8542,74.1297,1996-01-05,2024-08-30,Dug well,Unconfined,4.7,HGZ,MANUAL-Water Level,m,2.140000105,2.410000086,0.319999993,1.350000024,2.150000095,3.079999924,0.779999971,1.470000029,2.170000076,2.950000048,0.779999971,1.399999976,2.279999971,3.180000067,0.300000012,1.5,2.670000076,2.680000067,0.680000007,1.350000024,2.200000048,3.049999952,0.899999976,1.200000048,2.059999943,2.299999952,1.799999952,0.699999988,1.860000014,3.00999999,0.689999998,1.090000033,1.980000019,2.599999905,0.860000014,1.429999948,2.0,3.140000105,0.5,1.200000048,1.730000019,3.00999999,0.330000013,1.809999943,1.879999995,3.130000114,0.200000003,1.5,2.00999999,2.980000019,,1.190000057,1.909999967,3.059999943,0.400000006,0.980000019,1.960000038,2.599999905,0.879999995,0.879999995,1.950000048,3.190000057,0.850000024,1.379999995,,3.180000067,0.5,1.0,2.0,2.950000048,0.699999988,1.200000048,1.799999952,2.799999952,0.300000012,1.450000048,2.099999905,4.179999828,0.360000014,1.190000057,2.900000095,,,1.399999976,2.109999895,,0.819999993,0.819999993,,2.730000019,0.75,1.600000024,3.0,3.920000076,1.899999976,2.170000076,2.950000048,,0.680000007,
1.441E+14,Yekkambi,Ground water,Cgwb,Karnataka,Uttara kannada,Sirsi,Manual,Sirsi,Yekkambi,14.6833,74.9333,1996-01-05,2024-08-30,Dug well,Unconfined,11.8,HGZ,MANUAL-Water Level,m,6.409999847,7.840000153,3.539999962,5.130000114,6.420000076,7.889999866,3.5,6.079999924,6.96999979,8.5,3.599999905,5.75,7.070000172,9.109999657,5.170000076,6.119999886,7.380000114,9.93999958,3.359999895,6.579999924,8.25,9.770000458,3.529999971,4.610000134,3.430000067,8.569999695,2.369999886,4.46999979,6.849999905,8.890000343,2.940000057,3.359999895,6.679999828,8.470000267,3.529999971,5.769999981,6.949999809,8.800000191,4.170000076,5.119999886,6.369999886,9.090000153,2.880000114,1.669999957,7.039999962,8.329999924,3.039999962,5.170000076,6.170000076,8.270000458,,5.760000229,6.690000057,8.699999809,2.700000048,4.989999771,6.239999771,8.479999542,3.329999924,4.519999981,6.119999886,8.270000458,5.320000172,6.119999886,,9.010000229,4.46999979,6.369999886,8.069999695,9.819999695,5.619999886,6.019999981,8.170000076,9.670000076,3.170000076,6.070000172,7.869999886,10.14999962,2.069999933,3.549999952,10.69999981,,,4.21999979,6.400000095,,3.170000076,3.170000076,,6.159999847,2.619999886,5.369999886,7.300000191,9.399999619,5.400000095,6.849999905,8.350000381,,2.569999933,
2.347E+14,Gomia,Ground water,Cgwb,Jharkhand,Bokaro,Gumia,Manual,Gumia,Gomia,23.7833,85.8333,1996-05-15,2024-11-30,Dug well,Unconfined,11.54,HGZ,MANUAL-Water Level,m,3.779999971,9.020000458,1.330000043,2.430000067,3.960000038,8.460000038,0.560000002,2.180000067,3.430000067,6.400000095,2.25,,7.679999828,6.179999828,0.709999979,,,6.800000191,2.24000001,2.299999952,3.099999905,6.0,5.050000191,4.800000191,6.059999943,,,2.269999981,,,2.0,3.75,4.0,10.40999985,1.299999952,2.900000095,4.400000095,11.30000019,1.75,1.460000038,2.049999952,11.34000015,,7.269999981,7.920000076,10.60000038,3.059999943,3.799999952,4.099999905,8.18999958,,3.109999895,,11.53999996,4.0,3.839999914,5.059999943,7.099999905,0.899999976,3.230000019,3.930000067,4.599999905,2.170000076,3.549999952,,4.809999943,0.949999988,2.720000029,,8.0,1.399999976,1.639999986,3.049999952,3.609999895,0.899999976,,,4.170000076,1.039999962,1.269999981,2.309999943,,1.200000048,2.170000076,3.170000076,,0.939999998,1.74000001,3.75,6.199999809,,1.779999971,2.930000067,5.75,1.029999971,,3.630000114,6.03000021,1.74000001,1.909999967
2.34245E+14,Jaina more,Ground water,Cgwb,Jharkhand,Bokaro,Jaridih,Manual,Jaridih,Jaina more,23.7125,86.0875,1996-01-05,2024-11-30,Dug well,Unconfined,11.1,HGZ,MANUAL-Water Level,m,6.429999828,8.680000305,6.920000076,7.550000191,8.779999733,10.13000011,5.139999866,5.619999886,6.920000076,9.020000458,5.710000038,4.869999886,7.809999943,7.119999886,5.119999886,5.28000021,,9.199999809,6.099999905,5.849999905,,9.399999619,6.650000095,7.099999905,9.06000042,,,5.309999943,,9.699999809,4.800000191,5.599999905,7.53000021,9.649999619,4.940000057,6.369999886,7.28000021,10.43000031,8.380000114,7.429999828,8.319999695,10.06999969,10.19999981,9.680000305,9.630000114,12.0,4.800000191,,,10.10999966,,6.820000172,8.359999657,10.05000019,7.71999979,4.949999809,6.670000076,9.979999542,4.949999809,6.079999924,7.75,10.25,7.210000038,8.699999809,,11.10000038,6.349999905,7.909999847,4.130000114,11.0,5.400000095,6.840000153,9.0,11.0,9.949999809,,,11.10000038,9.920000076,7.53000021,8.510000229,,8.399999619,6.949999809,8.649999619,,5.909999847,4.880000114,7.420000076,9.350000381,10.80000019,6.869999886,6.239999771,,8.449999809,6.380000114,7.53000021,10.0,5.239999771,5.300000191
2.418E+14,Palajori,Ground water,Cgwb,Jharkhand,Deoghar,Palojori,Manual,Palojori,Palajori,24.3,87.0039,1996-01-05,2024-11-30,Dug well,Unconfined,10.76,HGZ,MANUAL-Water Level,m,4.980000019,,,4.440000057,5.820000172,7.599999905,3.799999952,,,9.800000191,5.860000134,,4.110000134,9.420000076,6.150000095,5.650000095,5.239999771,9.600000381,,4.300000191,5.400000095,9.550000191,6.150000095,5.699999809,7.320000172,9.420000076,4.539999962,3.769999981,4.679999828,8.5,4.300000191,5.550000191,,9.199999809,4.349999905,4.599999905,5.239999771,8.210000038,6.260000229,5.400000095,6.300000191,9.5,8.5,7.050000191,7.800000191,10.76000023,5.360000134,4.900000095,6.119999886,9.420000076,,,7.159999847,8.869999886,6.820000172,5.050000191,6.260000229,9.369999886,4.269999981,4.989999771,5.449999809,7.760000229,3.269999981,4.679999828,,8.380000114,3.809999943,5.190000057,5.940000057,8.319999695,2.24000001,2.619999886,5.409999847,7.099999905,5.25,,,7.300000191,4.800000191,3.25,4.349999905,,,2.900000095,4.449999809,,1.899999976,3.200000048,4.809999943,6.300000191,4.210000038,4.300000191,5.550000191,7.300000191,3.599999905,4.429999828,5.360000134,6.820000172,3.25,4.059999943
2.35225E+14,Rajganj,Ground water,Cgwb,Jharkhand,Dhanbad,Baghmara cum katras,Manual,Baghmara cum katras,Rajganj,23.8736,86.3375,1996-01-05,2024-11-30,Dug well,Unconfined,8.94,HGZ,MANUAL-Water Level,m,4.320000172,6.369999886,2.75,3.910000086,5.190000057,6.650000095,2.849999905,3.549999952,5.650000095,7.199999809,2.700000048,3.089999914,5.619999886,6.849999905,3.049999952,3.24000001,3.74000001,5.300000191,3.400000095,3.900000095,4.300000191,6.550000191,3.349999905,2.900000095,5.730000019,7.480000019,3.019999981,3.779999971,,7.0,2.900000095,4.150000095,4.949999809,6.730000019,3.680000067,4.039999962,5.099999905,6.46999979,4.670000076,3.779999971,4.880000114,7.360000134,4.010000229,4.539999962,6.150000095,7.139999866,2.5,3.400000095,4.099999905,6.920000076,,,4.78000021,5.5,3.440000057,2.890000105,3.849999905,6.800000191,2.74000001,3.400000095,3.079999924,7.579999924,3.559999943,5.079999924,,8.100000381,2.710000038,4.699999809,5.050000191,7.699999809,3.099999905,3.25999999,4.699999809,6.809999943,2.650000095,,,7.380000114,4.96999979,2.829999924,4.070000172,,,2.670000076,4.480000019,,2.380000114,,4.449999809,4.849999905,4.300000191,3.200000048,4.409999847,6.380000114,3.650000095,3.829999924,4.349999905,7.03000021,2.930000067,3.130000114
2.359E+14,Tundi,Ground water,Cgwb,Jharkhand,Dhanbad,Tundi,Manual,Tundi,Tundi,23.9833,86.4333,1996-01-05,2024-11-30,Dug well,Unconfined,8.34,HGZ,MANUAL-Water Level,m,2.700000048,5.300000191,1.039999962,2.950000048,4.070000172,,,2.400000095,,,3.849999905,2.849999905,4.619999886,6.0,2.970000029,2.420000076,3.069999933,,2.599999905,,,,3.700000048,3.0,4.28000021,6.570000172,1.110000014,1.820000052,,6.099999905,1.950000048,3.099999905,3.650000095,6.159999847,2.099999905,1.879999995,4.210000038,6.639999866,4.320000172,2.5,3.5,6.460000038,4.260000229,4.940000057,3.910000086,6.489999771,1.0,2.5,3.099999905,,,3.599999905,4.960000038,6.699999809,3.309999943,1.580000043,2.880000114,,2.609999895,2.799999952,3.619999886,6.5,3.0,4.599999905,,6.5,2.390000105,3.519999981,4.210000038,6.78000021,,2.890000105,4.320000172,6.099999905,4.46999979,,,8.340000153,2.730000019,1.779999971,3.400000095,,,1.450000048,3.470000029,,1.120000005,,5.400000095,5.099999905,4.650000095,3.400000095,4.929999828,6.75,5.5,3.829999924,3.700000048,6.400000095,3.900000095,1.830000043
2.4205E+14,Jama1,Ground water,Cgwb,Jharkhand,Dumka,Jama,Manual,Jama,Jama,24.3472,87.1528,1996-01-05,2024-11-30,Dug well,Unconfined,12.2,HGZ,MANUAL-Water Level,m,5.909999847,6.78000021,4.449999809,4.510000229,6.099999905,8.100000381,4.71999979,5.900000095,6.130000114,8.300000191,6.0,3.599999905,6.599999905,8.350000381,5.699999809,4.599999905,5.96999979,8.600000381,5.900000095,4.699999809,,8.399999619,6.099999905,5.300000191,7.150000095,8.720000267,4.349999905,3.950000048,4.050000191,5.650000095,3.980000019,5.300000191,6.300000191,9.050000191,4.21999979,5.300000191,,8.43999958,8.550000191,6.449999809,7.550000191,9.899999619,9.199999809,9.5,10.10000038,5.449999809,5.809999943,5.119999886,6.960000038,9.850000381,,,,8.720000267,8.470000267,4.28000021,6.670000076,8.970000267,3.930000067,5.730000019,6.650000095,9.010000229,2.950000048,6.610000134,,9.430000305,3.799999952,5.53000021,,8.569999695,3.450000048,5.510000229,5.75,8.56000042,8.029999733,,9.649999619,11.0,7.900000095,5.050000191,9.399999619,,,3.900000095,6.920000076,,4.78000021,5.650000095,6.400000095,9.600000381,9.300000191,8.279999733,9.489999771,0.0,11.25,7.349999905,8.680000305,0.0,4.849999905,6.46999979
2.3573E+14,Jamatara,Ground water,Cgwb,Jharkhand,Dumka,Jamtara,Manual,Jamtara,Jamatara,23.9583,86.7986,1996-01-05,2024-11-30,Dug well,Unconfined,9.34,HGZ,MANUAL-Water Level,m,4.480000019,6.699999809,1.899999976,3.470000029,,6.800000191,2.049999952,3.400000095,3.799999952,7.699999809,0.620000005,1.700000048,5.820000172,7.119999886,2.529999971,3.190000057,4.559999943,7.300000191,3.799999952,3.599999905,4.800000191,7.099999905,3.400000095,2.880000114,4.929999828,7.400000095,1.519999981,2.599999905,6.03000021,8.0,1.200000048,3.900000095,4.5,7.949999809,2.150000095,3.799999952,4.389999866,8.039999962,5.25,3.549999952,4.349999905,8.699999809,5.800000191,7.300000191,8.199999809,9.340000153,1.700000048,2.75999999,4.949999809,8.899999619,,,,8.220000267,4.329999924,2.700000048,5.599999905,8.739999771,3.400000095,6.039999962,8.130000114,2.869999886,2.869999886,5.619999886,,8.880000114,2.819999933,4.639999866,,8.090000153,3.25,4.579999924,5.300000191,8.319999695,4.679999828,,7.760000229,8.520000458,4.059999943,3.720000029,6.300000191,,,3.980000019,5.650000095,,2.799999952,2.650000095,4.050000191,8.399999619,6.400000095,,,0.0,3.599999905,,6.0,0.0,,3.210000038
2.42305E+14,Jarmundi db.ib,Ground water,Cgwb,Jharkhand,Dumka,Jarmundi,Manual,Jarmundi,Jarmundi db.ib,24.3847,87.0708,1996-01-05,2024-11-30,Dug well,Unconfined,10.04,HGZ,MANUAL-Water Level,m,6.139999866,7.659999847,4.400000095,5.239999771,6.650000095,8.0,5.900000095,4.5,6.949999809,8.899999619,5.71999979,3.549999952,6.429999828,8.050000191,5.150000095,5.460000038,,,4.800000191,5.400000095,,7.599999905,5.5,5.0,7.179999828,8.159999847,3.539999962,4.809999943,4.869999886,7.800000191,3.380000114,5.599999905,5.739999771,9.840000153,3.059999943,5.5,,7.039999962,6.519999981,4.800000191,5.699999809,7.900000095,6.099999905,6.340000153,7.0,8.350000381,3.690000057,6.420000076,7.5,9.699999809,,,,8.890000343,7.449999809,6.119999886,7.099999905,7.739999771,3.900000095,5.409999847,6.349999905,8.130000114,0.910000026,6.389999866,,8.25,2.450000048,5.050000191,,6.429999828,2.210000038,4.960000038,5.800000191,7.929999828,5.110000134,,7.239999771,8.350000381,7.019999981,4.0,6.699999809,,,4.300000191,6.400000095,,3.099999905,,,7.650000095,3.849999905,5.699999809,6.820000172,,4.670000076,5.0,6.019999981,7.880000114,4.610000134,5.059999943
2.4093E+14,Masalia,Ground water,Cgwb,Jharkhand,Dumka,Masalia,Manual,Masalia,Masalia,24.1583,87.1861,1996-01-05,2024-11-30,Dug well,Unconfined,8.6,HGZ,MANUAL-Water Level,m,4.61,5.15,,4.31,5.27,8.05,4.09,4.6,3.47,7.75,2.55,3.75,,5.95,2.4,4.1,4.35,8.15,,,,7.02,,3.38,4.75,7.56,2.82,2.88,5.37,4.55,2.96,,5.74,,,4.8,,7.85,,3.4,3.95,6.35,3.9,3.93,4.45,5.7,3.05,3.55,4.94,8.35,,,,5.67,3.4,3.09,4.37,7.26,3.55,4.37,4.65,6.07,2.39,4.69,,5.79,2.5,4.18,,6.24,2.45,4.22,4.9,4.88,2.66,,4.79,4.41,3.95,3.05,4.26,,,2.6,4.35,,,3.85,4.15,6.94,3.03,3.8,4.55,6.55,4.26,4.01,4.5,,3.03,4.1
2.40445E+14,Bagodar,Ground water,Cgwb,Jharkhand,Giridih,Bagodar,Manual,Bagodar,Bagodar,24.0792,85.8319,1996-01-05,2024-11-30,Dug well,Unconfined,8.25,HGZ,MANUAL-Water Level,m,4.550000191,6.699999809,2.130000114,4.199999809,5.369999886,7.0,2.099999905,,5.150000095,7.699999809,4.150000095,2.599999905,5.800000191,7.420000076,3.319999933,3.50999999,4.409999847,8.199999809,4.400000095,3.799999952,5.699999809,8.25,6.0,4.900000095,7.650000095,8.239999771,2.619999886,5.050000191,,6.800000191,2.25,3.5,5.0,,1.899999976,3.799999952,4.849999905,8.25,6.550000191,3.680000067,5.159999847,8.25,4.800000191,4.869999886,5.739999771,8.25,1.820000052,3.140000105,4.820000172,8.25,,3.559999943,5.099999905,7.75,2.660000086,2.380000114,4.269999981,6.510000229,1.779999971,4.079999924,3.859999895,7.920000076,3.380000114,5.380000114,,8.25,3.099999905,4.510000229,5.320000172,8.100000381,2.450000048,3.559999943,5.849999905,8.199999809,6.400000095,,,8.25,3.619999886,4.460000038,5.820000172,,,4.150000095,4.519999981,,,3.549999952,4.900000095,7.949999809,5.269999981,3.25,5.599999905,0.0,2.299999952,3.400000095,4.150000095,7.5,,2.99000001
2.41745E+14,Bengabad,Ground water,Cgwb,Jharkhand,Giridih,Bengabad,Manual,Bengabad,Bengabad,24.2958,86.3556,2000-08-25,2024-11-30,Dug well,Unconfined,14.1,HGZ,MANUAL-Water Level,m,,,5.25,4.690000057,5.769999981,,5.349999905,,,5.860000134,3.049999952,2.799999952,6.690000057,8.0,4.329999924,2.420000076,5.059999943,,4.099999905,3.0,,7.800000191,5.25,6.0,7.449999809,8.479999542,1.820000052,3.309999943,,8.100000381,2.599999905,3.5,5.199999809,2.299999952,,3.50999999,5.320000172,8.449999809,4.389999866,3.099999905,4.880000114,7.860000134,3.230000019,4.699999809,5.340000153,8.760000229,1.600000024,3.00999999,5.449999809,8.920000076,,3.910000086,5.820000172,8.699999809,3.799999952,2.960000038,4.739999771,8.369999886,0.75,3.5,5.010000229,8.840000153,2.619999886,5.03000021,,9.210000038,2.890000105,4.75,6.260000229,8.350000381,6.650000095,1.769999981,5.150000095,8.630000114,2.25999999,,,8.93999958,3.380000114,1.950000048,4.119999886,,,1.879999995,2.369999886,,1.350000024,2.700000048,4.050000191,7.099999905,3.019999981,,4.400000095,7.0,1.600000024,3.269999981,4.050000191,6.050000191,2.430000067,1.820000052
2.42837E+14,Dumri,Ground water,Cgwb,Jharkhand,Giridih,Deori,Manual,Deori,Dumri,24.4769,86.1956,1996-01-05,2024-11-30,Dug well,Unconfined,13.83,HGZ,MANUAL-Water Level,m,5.409999847,8.680000305,4.670000076,8.710000038,9.869999886,11.60999966,4.099999905,4.409999847,6.210000038,9.609999657,8.399999619,,4.900000095,10.60999966,8.430000305,6.159999847,7.010000229,11.39999962,8.0,6.010000229,,12.19999981,8.869999886,9.5,11.81000042,13.82999992,8.510000229,5.429999828,,12.60000038,4.099999905,3.900000095,5.400000095,8.770000458,2.539999962,5.389999866,5.329999924,9.220000267,10.03999996,7.139999866,8.600000381,13.02999973,12.64999962,12.78999996,12.18999958,13.5,5.099999905,,5.309999943,8.729999542,,4.659999847,6.599999905,8.449999809,7.130000114,4.699999809,6.46999979,8.899999619,5.579999924,5.630000114,6.659999847,10.72000027,5.619999886,7.139999866,,12.60999966,5.980000019,6.210000038,7.019999981,10.71000004,2.359999895,7.440000057,9.510000229,10.10000038,1.820000052,,,13.02999973,12.01000023,7.699999809,8.890000343,,,4.010000229,6.150000095,,2.0,3.099999905,4.139999866,,5.650000095,4.0,7.099999905,8.989999771,5.199999809,6.190000057,7.5,10.60000038,3.880000114,3.869999886
2.41E+14,Giridih,Ground water,Cgwb,Jharkhand,Giridih,Giridih,Manual,Giridih,Giridih,24.1667,86.3083,1996-01-05,2024-11-30,Dug well,Unconfined,15.4,HGZ,MANUAL-Water Level,m,4.0,7.920000076,5.630000114,5.400000095,5.71999979,8.079999924,5.880000114,4.980000019,6.630000114,9.899999619,7.480000019,3.829999924,6.699999809,9.529999733,2.619999886,3.420000076,3.880000114,8.899999619,3.900000095,4.480000019,5.150000095,10.39999962,8.399999619,6.5,8.479999542,12.72999954,5.75,3.710000038,,10.39999962,3.349999905,3.299999952,5.599999905,10.69999981,3.039999962,3.869999886,7.230000019,12.18000031,9.100000381,5.019999981,7.309999943,13.27999973,12.36999989,12.10000038,12.31999969,15.39999962,5.599999905,4.579999924,6.28000021,10.93000031,,,7.429999828,8.779999733,5.269999981,3.380000114,,7.320000172,3.0,3.75,5.179999828,7.659999847,3.319999933,5.260000229,,10.19999981,3.349999905,4.75,5.510000229,9.050000191,3.799999952,4.869999886,5.53000021,8.5,4.28000021,,,12.02999973,9.289999962,4.199999809,6.46999979,,,1.480000019,,,1.850000024,2.329999924,4.400000095,5.25,2.049999952,2.849999905,4.699999809,4.380000114,1.799999952,2.150000095,2.849999905,5.179999828,2.00999999,1.5
2.503E+14,Lalmatia,Ground water,Cgwb,Jharkhand,Godda,Boarijor,Manual,Boarijor,Lalmatia,25.05,87.3667,1996-01-05,2024-11-30,Dug well,Unconfined,10.43,HGZ,MANUAL-Water Level,m,2.819999933,,3.440000057,5.340000153,6.840000153,6.909999847,3.660000086,4.650000095,5.199999809,7.300000191,5.630000114,5.789999962,5.329999924,7.489999771,5.5,3.099999905,6.300000191,7.0,3.930000067,5.489999771,2.230000019,8.829999924,8.079999924,5.880000114,6.920000076,7.429999828,7.730000019,5.800000191,7.0,,4.329999924,4.53000021,7.0,9.300000191,4.429999828,5.949999809,8.829999924,7.480000019,5.139999866,6.050000191,7.0,,6.570000172,8.079999924,7.670000076,8.56000042,4.25,5.590000153,7.730000019,11.0,,,,9.149999619,8.18999958,6.929999828,8.109999657,9.109999657,6.230000019,7.28000021,7.630000114,8.949999809,5.349999905,6.510000229,,9.159999847,7.079999924,7.380000114,7.900000095,8.680000305,4.800000191,7.199999809,6.599999905,7.619999886,5.699999809,,6.329999924,8.829999924,6.880000114,5.179999828,6.440000057,,,4.659999847,6.730000019,,4.829999924,5.429999828,6.230000019,,7.809999943,8.010000229,8.409999847,10.07999992,4.889999866,5.880000114,7.25,9.729999542,5.630000114,6.909999847
2.24218E+14,Kolebira,Ground water,Cgwb,Jharkhand,Gumla,Kolebira,Manual,Kolebira,Kolebira,22.705,84.6836,1996-01-05,2024-11-30,Dug well,Unconfined,10.6,HGZ,MANUAL-Water Level,m,4.67,7.75,1.31,2.59,3.6,8.76,2.41,,3.8,7.4,0.85,2.53,3.39,6.89,2.28,4.83,6.5,9.15,3.0,5.3,6.32,8.95,3.57,4.88,6.49,8.45,2.2,5.07,6.6,8.64,3.35,4.47,6.06,6.21,,2.6,3.97,6.3,4.14,5.62,,7.55,1.72,2.7,3.26,8.3,1.25,4.25,5.21,8.05,,3.95,,,3.75,4.65,5.9,7.24,,4.7,7.19,4.0,4.0,6.95,,9.4,0.45,5.85,7.18,8.2,2.25,4.9,6.38,8.75,4.3,,7.3,9.3,2.8,3.5,6.8,,,6.1,7.15,,3.0,4.76,6.8,9.45,3.35,4.82,,2.6,3.9,4.65,7.25,0.0,3.02,4.79
2.3182E+14,Nagfeni,Ground water,Cgwb,Jharkhand,Gumla,Sisai,Manual,Sisai,Nagfeni,23.3056,84.7064,1996-01-05,2024-11-30,Dug well,Unconfined,11,HGZ,MANUAL-Water Level,m,5.460000038,7.590000153,3.299999952,4.510000229,7.510000229,10.03999996,3.450000048,3.799999952,7.380000114,9.380000114,4.150000095,7.0,7.800000191,8.75,4.730000019,7.0,5.849999905,8.520000458,4.0,5.389999866,4.78000021,8.340000153,4.579999924,5.369999886,5.840000153,8.399999619,3.900000095,4.489999771,6.150000095,8.210000038,3.519999981,4.489999771,5.599999905,7.960000038,2.950000048,4.659999847,6.059999943,8.359999657,5.150000095,5.010000229,6.539999962,8.680000305,5.980000019,6.03000021,6.46999979,8.569999695,2.059999943,3.789999962,4.940000057,7.909999847,,4.150000095,5.5,6.110000134,4.639999866,4.559999943,5.440000057,7.440000057,3.650000095,6.300000191,6.800000191,3.099999905,3.099999905,6.050000191,,8.56000042,,4.5,6.099999905,9.130000114,2.450000048,4.5,4.980000019,8.180000305,6.150000095,,7.380000114,8.350000381,5.900000095,2.5,5.199999809,,3.099999905,4.699999809,5.179999828,,2.549999952,4.25,5.239999771,7.739999771,2.599999905,,5.840000153,8.649999619,1.690000057,2.539999962,6.099999905,7.639999866,1.019999981,2.940000057
2.25242E+14,Palkot,Ground water,Cgwb,Jharkhand,Gumla,Palkot,Manual,Palkot,Palkot,22.8783,84.6453,1996-01-05,2024-08-30,Dug well,Unconfined,10.6,HGZ,MANUAL-Water Level,m,5.349999905,7.769999981,3.710000038,5.039999962,6.78000021,8.220000267,2.529999971,,6.880000114,8.75,,5.809999943,7.170000076,8.550000191,5.739999771,5.809999943,6.400000095,8.550000191,2.089999914,5.590000153,6.289999962,8.869999886,2.670000076,4.519999981,,8.720000267,5.099999905,5.389999866,6.900000095,8.449999809,4.119999886,5.039999962,6.449999809,7.820000172,2.599999905,2.869999886,5.840000153,8.0,7.849999905,5.78000021,6.75,8.569999695,,7.019999981,7.329999924,8.859999657,3.089999914,3.99000001,4.03000021,7.599999905,,5.650000095,6.300000191,7.909999847,5.295000076,4.639999866,5.389999866,7.46999979,3.200000048,6.400000095,7.260000229,3.289999962,3.289999962,6.449999809,,9.199999809,3.690000057,4.900000095,6.5,9.5,3.349999905,5.0,7.340000153,9.699999809,5.679999828,,7.599999905,8.899999619,4.5,2.700000048,6.099999905,,2.950000048,5.699999809,6.800000191,,4.599999905,4.789999962,5.889999866,5.639999866,4.800000191,4.599999905,7.190000057,9.399999619,2.74000001,3.75,6.989999771,8.31000042,2.059999943,
2.25732E+14,Raidih,Ground water,Cgwb,Jharkhand,Gumla,Raidih,Manual,Raidih,Raidih,22.9589,84.445,1996-01-05,2024-11-30,Dug well,Unconfined,10.6,HGZ,MANUAL-Water Level,m,4.670000076,7.75,1.309999943,5.789999962,6.550000191,8.670000076,2.410000086,,6.760000229,8.829999924,1.950000048,4.829999924,5.960000038,6.570000172,1.710000038,3.470000029,,,1.289999962,3.25,4.150000095,7.150000095,1.830000043,3.099999905,,6.820000172,1.850000024,3.200000048,4.699999809,,2.220000029,,3.00999999,,3.180000067,5.800000191,7.130000114,10.0,4.349999905,2.920000076,7.050000191,10.60000038,7.869999886,7.090000153,7.809999943,10.60000038,2.930000067,4.829999924,5.820000172,7.900000095,,4.150000095,6.199999809,8.109999657,2.150000095,3.5,3.730000019,6.510000229,2.650000095,4.650000095,4.53000021,1.950000048,1.950000048,4.099999905,,7.599999905,1.049999952,2.650000095,4.099999905,7.699999809,1.399999976,2.849999905,4.349999905,6.949999809,2.599999905,,4.5,7.150000095,5.150000095,2.200000048,4.550000191,,0.949999988,2.599999905,3.700000048,,2.650000095,2.700000048,3.349999905,1.100000024,2.099999905,2.799999952,3.859999895,7.099999905,2.099999905,2.119999886,3.849999905,6.400000095,2.599999905,2.210000038
2.41E+14,Barkatha,Ground water,Cgwb,Jharkhand,Hazaribag,Barkatha,Manual,Barkatha,Barkatha,24.1667,85.6111,1996-01-05,2024-11-30,Dug well,Unconfined,9.2,HGZ,MANUAL-Water Level,m,3.140000105,6.809999943,7.239999771,,,8.81000042,6.25,,7.760000229,8.350000381,7.5,,6.460000038,9.289999962,,5.420000076,,7.5,5.349999905,3.299999952,4.400000095,7.099999905,5.800000191,5.099999905,,,5.0,2.5,3.369999886,8.050000191,,2.849999905,4.099999905,7.400000095,,3.400000095,3.900000095,5.920000076,5.570000172,3.960000038,4.840000153,7.949999809,5.5,6.199999809,6.369999886,9.199999809,3.099999905,4.090000153,4.53000021,8.5,,5.5,6.800000191,8.899999619,3.25,,4.599999905,5.800000191,1.5,2.75,3.900000095,1.25,1.25,3.25,,8.699999809,3.109999895,,4.150000095,6.050000191,2.5,,4.929999828,6.139999866,3.549999952,,7.269999981,9.199999809,9.199999809,4.679999828,5.900000095,,0.709999979,2.400000095,2.700000048,,2.400000095,2.549999952,3.700000048,5.699999809,4.25,1.679999948,4.150000095,6.599999905,,,7.800000191,10.60000038,,5.289999962
2.3313E+14,Gola,Ground water,Cgwb,Jharkhand,Hazaribag,Gola,Manual,Gola,Gola,23.525,85.7333,1996-08-25,2024-11-30,Dug well,Unconfined,10.3,HGZ,MANUAL-Water Level,m,4.340000153,8.399999619,6.539999962,6.300000191,6.699999809,9.300000191,5.670000076,6.409999847,7.75,8.199999809,6.800000191,4.599999905,7.449999809,8.829999924,,3.220000029,4.619999886,8.539999962,5.300000191,5.699999809,6.099999905,7.900000095,6.199999809,7.300000191,8.0,10.10999966,2.690000057,5.599999905,6.699999809,9.600000381,2.400000095,6.800000191,7.949999809,9.600000381,1.600000024,6.400000095,8.0,9.569999695,6.380000114,6.0,7.510000229,10.30000019,8.539999962,9.050000191,9.220000267,10.69999981,3.0,6.650000095,7.699999809,9.579999924,,,1.820000052,9.899999619,6.400000095,,6.599999905,8.899999619,5.75,5.900000095,7.300000191,4.650000095,4.650000095,7.75,,10.25,,7.309999943,8.899999619,10.19999981,4.949999809,6.309999943,8.979999542,,4.420000076,,,,6.510000229,4.369999886,6.900000095,,4.5,4.699999809,,,3.569999933,4.440000057,5.5,8.199999809,1.200000048,,7.119999886,9.100000381,,6.900000095,7.650000095,8.100000381,2.849999905,4.900000095
2.3213E+14,Bhandara,Ground water,Cgwb,Jharkhand,Lohardaga,Bhandra,Manual,Bhandra,Bhandara,23.3583,84.7792,1996-01-05,2024-11-30,Dug well,Unconfined,10,HGZ,MANUAL-Water Level,m,3.849999905,7.099999905,1.110000014,4.309999943,5.400000095,,,5.579999924,6.920000076,,,6.070000172,6.75,,4.119999886,6.070000172,,,3.359999895,4.71999979,5.460000038,,4.510000229,5.949999809,7.179999828,10.0,,2.859999895,,10.0,3.24000001,4.420000076,6.730000019,,,6.25,6.119999886,10.0,2.049999952,5.869999886,7.190000057,10.0,5.880000114,5.590000153,6.369999886,10.0,1.789999962,5.090000153,4.96999979,7.670000076,,5.420000076,5.869999886,7.199999809,6.599999905,4.869999886,6.650000095,6.789999962,4.260000229,7.900000095,7.75,4.590000153,4.590000153,8.0,,8.399999619,4.099999905,,6.300000191,8.100000381,2.0,4.5,7.949999809,8.300000191,5.199999809,,7.099999905,10.0,5.699999809,7.699999809,6.449999809,,3.5,4.599999905,6.300000191,,2.799999952,6.199999809,6.5,8.149999619,6.0,4.099999905,8.25,0.0,7.449999809,6.599999905,7.300000191,7.949999809,5.949999809,4.199999809
2.43155E+14,Amrapara,Ground water,Cgwb,Jharkhand,Pakur,Amrapara,Manual,Amrapara,Amrapara,24.5319,87.5681,1996-01-05,2024-11-30,Dug well,Unconfined,6.75,HGZ,MANUAL-Water Level,m,2.380000114,4.639999866,,1.519999981,2.700000048,3.640000105,3.839999914,0.600000024,1.25999999,4.78000021,0.340000004,1.379999995,2.289999962,4.340000153,0.389999986,2.5,,4.239999771,1.440000057,1.399999976,2.460000038,4.329999924,2.99000001,1.279999971,1.279999971,5.320000172,0.100000001,0.230000004,5.429999828,,0.150000006,1.74000001,4.110000134,5.300000191,3.150000095,1.49000001,2.519999981,4.019999981,1.269999981,6.110000134,4.710000038,4.809999943,1.460000038,,4.710000038,3.710000038,6.110000134,1.700000048,1.980000019,5.440000057,,,,,0.449999988,0.389999986,2.279999971,6.75,,2.349999905,,0.800000012,0.800000012,2.460000038,,5.699999809,0.949999988,0.889999986,,2.789999962,1.100000024,2.400000095,2.660000086,2.569999933,1.00999999,,1.799999952,3.039999962,0.74000001,0.99000001,2.339999914,,,1.789999962,2.690000057,,1.139999986,2.089999914,2.390000105,,1.0,,5.369999886,0.0,0.889999986,3.329999924,5.190000057,0.0,2.420000076,5.059999943
2.44225E+14,Litipara,Ground water,Cgwb,Jharkhand,Pakur,Litipara,Manual,Litipara,Litipara,24.7069,87.63,1996-01-05,2024-11-30,Dug well,Unconfined,11.06,HGZ,MANUAL-Water Level,m,7.28000021,5.679999828,,7.340000153,7.96999979,7.980000019,6.440000057,6.980000019,7.829999924,9.649999619,4.179999828,6.659999847,7.730000019,9.590000153,5.130000114,7.0,,8.079999924,2.779999971,5.389999866,7.489999771,8.670000076,7.53000021,6.420000076,6.420000076,8.800000191,5.199999809,4.940000057,5.179999828,9.100000381,3.700000048,6.78000021,6.920000076,9.199999809,5.679999828,6.579999924,8.220000267,10.0,5.179999828,7.079999924,7.980000019,9.479999542,5.079999924,,7.380000114,8.93999958,7.079999924,6.590000153,7.079999924,9.899999619,,,,7.900000095,4.949999809,5.619999886,7.010000229,8.159999847,,6.800000191,7.420000076,8.899999619,4.300000191,8.409999847,,9.470000267,5.5,7.269999981,,9.5,5.150000095,,8.100000381,8.579999924,5.519999981,,8.579999924,9.829999924,6.179999828,6.079999924,8.079999924,,,7.179999828,9.079999924,,6.079999924,7.179999828,8.029999733,9.649999619,5.980000019,8.399999619,9.279999733,10.10000038,4.809999943,7.380000114,8.359999657,9.239999771,5.860000134,8.0
2.35E+14,Balumath,Ground water,Cgwb,Jharkhand,Palamau,Balumath,Manual,Balumath,Balumath,23.8333,84.7958,1996-01-05,2024-11-30,Dug well,Unconfined,13.2,HGZ,MANUAL-Water Level,m,,,8.850000381,7.869999886,9.649999619,11.27000046,,8.06000042,9.649999619,11.35000038,9.899999619,9.399999619,10.39999962,,,6.929999828,,,9.819999695,3.900000095,10.48999977,8.579999924,,10.64999962,10.64999962,11.02000046,6.489999771,8.050000191,9.199999809,10.64999962,,3.549999952,8.800000191,10.39999962,6.050000191,8.300000191,9.5,10.35999966,10.35000038,9.279999733,10.27000046,,11.15999985,10.71000004,11.52000046,13.19999981,9.25,8.949999809,9.119999886,11.69999981,,9.5,10.44999981,12.05000019,8.25,6.800000191,8.949999809,10.59000015,7.510000229,9.300000191,9.859999657,11.80000019,7.75,10.05000019,,11.69999981,6.239999771,8.0,9.329999924,11.38000011,0.699999988,8.350000381,10.05000019,12.85000038,5.440000057,,9.890000343,13.19999981,9.800000191,9.090000153,10.44999981,,6.75,4.099999905,9.399999619,,5.099999905,8.199999809,8.800000191,11.11999989,,,10.76000023,,,8.949999809,10.35000038,,5.75,2.049999952
2.3403E+14,Chandwa,Ground water,Cgwb,Jharkhand,Palamau,Chandwa,Manual,Chandwa,Chandwa,23.675,84.7458,1996-01-05,2024-11-30,Dug well,Unconfined,14.24,HGZ,MANUAL-Water Level,m,,7.679999828,2.089999914,2.720000029,4.460000038,7.820000172,,3.589999914,5.110000134,4.75,5.300000191,4.0,5.400000095,8.710000038,3.920000076,3.25999999,,7.639999866,5.539999962,0.150000006,5.639999866,11.59000015,4.519999981,5.340000153,5.340000153,10.81999969,1.679999948,3.670000076,4.820000172,9.600000381,1.75,2.680000067,4.400000095,7.800000191,1.409999967,3.349999905,4.900000095,8.06000042,5.639999866,3.859999895,5.110000134,11.78999996,6.889999866,5.099999905,8.359999657,11.23999977,5.639999866,3.49000001,4.300000191,9.949999809,,4.150000095,5.699999809,10.94999981,3.839999914,2.470000029,4.019999981,6.679999828,,4.239999771,6.239999771,10.09000015,3.74000001,4.409999847,,11.31000042,2.50999999,3.900000095,,6.489999771,1.539999962,3.140000105,2.839999914,8.979999542,1.389999986,,4.889999866,10.43999958,10.35000038,4.440000057,6.340000153,,1.690000057,3.0,4.900000095,,2.299999952,3.599999905,4.099999905,,8.100000381,,5.539999962,0.0,,,,,2.650000095,4.260000229
2.34445E+14,Latehar,Ground water,Cgwb,Jharkhand,Palamau,Latehar,Manual,Latehar,Latehar,23.7458,84.4083,1996-01-05,2024-11-30,Dug well,Unconfined,14.85,HGZ,MANUAL-Water Level,m,,5.630000114,2.589999914,2.309999943,3.869999886,5.920000076,,1.779999971,3.289999962,7.119999886,5.099999905,3.0,4.400000095,5.619999886,4.070000172,2.420000076,2.619999886,8.989999771,6.159999847,4.550000191,5.849999905,7.389999866,4.96999979,3.589999914,3.589999914,7.909999847,3.890000105,3.039999962,4.090000153,6.699999809,2.079999924,2.119999886,3.349999905,,2.49000001,3.299999952,4.0,6.019999981,,,4.420000076,6.730000019,6.389999866,5.440000057,7.369999886,8.090000153,4.679999828,5.179999828,5.420000076,5.699999809,,3.019999981,4.380000114,7.119999886,4.489999771,3.059999943,3.890000105,5.949999809,4.289999962,5.190000057,5.96999979,7.340000153,3.150000095,4.190000057,,,2.099999905,2.289999962,,3.619999886,2.390000105,2.410000086,,2.880000114,1.649999976,,2.519999981,10.10000038,8.550000191,2.339999914,7.840000153,,,2.799999952,4.099999905,,,3.200000048,4.099999905,,5.5,,,0.0,,5.03000021,6.590000153,,1.049999952,2.25
2.351E+14,Manika,Ground water,Cgwb,Jharkhand,Palamau,Manika,Manual,Manika,Manika,23.85,84.3458,1996-01-05,2024-11-30,Dug well,Unconfined,9.5,HGZ,MANUAL-Water Level,m,,6.809999943,1.659999967,2.519999981,,7.230000019,,2.190000057,4.21999979,8.289999962,1.700000048,1.399999976,4.119999886,8.81000042,1.580000043,3.130000114,,7.619999886,1.580000043,,4.420000076,7.619999886,1.580000043,4.119999886,4.119999886,6.150000095,1.070000052,2.599999905,4.179999828,6.159999847,1.340000033,2.099999905,3.099999905,6.0,0.720000029,2.5,3.900000095,7.269999981,4.619999886,3.920000076,4.190000057,8.119999886,3.140000105,3.75999999,4.71999979,9.18999958,5.159999847,2.619999886,2.960000038,6.519999981,,2.5,3.839999914,5.849999905,1.370000005,1.659999967,2.569999933,4.010000229,1.440000057,2.700000048,3.880000114,5.75,1.600000024,3.24000001,,6.519999981,0.800000012,1.809999943,,7.400000095,1.320000052,3.0,4.96999979,7.5,1.039999962,,4.889999866,9.399999619,2.0,2.569999933,4.619999886,,,2.099999905,4.199999809,,1.600000024,3.599999905,3.599999905,8.800000191,3.299999952,,,10.19999981,,2.890000105,5.320000172,7.619999886,1.419999957,2.460000038
2.41045E+14,Rajhara,Ground water,Cgwb,Jharkhand,Palamau,Bishrampur,Manual,Bishrampur,Rajhara,24.1792,84.025,1996-01-05,2024-11-30,Dug well,Unconfined,9.85,HGZ,MANUAL-Water Level,m,,7.210000038,4.400000095,,5.429999828,4.809999943,,,2.230000019,,,5.5,2.50999999,7.980000019,0.99000001,6.309999943,,8.5,,4.630000114,6.940000057,8.350000381,3.180000067,7.820000172,7.820000172,8.210000038,3.099999905,9.239999771,9.25,,,3.140000105,5.199999809,7.900000095,2.319999933,2.799999952,4.900000095,,,5.449999809,5.869999886,9.850000381,7.010000229,5.849999905,6.519999981,9.850000381,3.299999952,4.300000191,4.820000172,8.300000191,,5.119999886,3.220000029,9.0,6.5,2.25,3.5,9.850000381,3.430000067,6.150000095,6.5,4.800000191,4.800000191,,,8.399999619,1.830000043,3.720000029,,8.399999619,0.400000006,5.099999905,6.199999809,7.800000191,2.650000095,,5.860000134,7.5,2.549999952,4.579999924,5.300000191,,,4.099999905,5.099999905,,1.799999952,2.799999952,3.599999905,4.199999809,5.0,2.099999905,6.300000191,6.599999905,1.600000024,2.049999952,,6.300000191,1.120000005,2.700000048
2.35045E+14,Satbarwa,Ground water,Cgwb,Jharkhand,Palamau,Barwadih,Manual,Barwadih,Satbarwa,23.8458,84.1917,1996-01-05,2024-11-30,Dug well,Unconfined,9.1,HGZ,MANUAL-Water Level,m,,,6.400000095,4.130000114,7.179999828,8.300000191,,6.079999924,4.190000057,,7.150000095,6.46999979,7.369999886,8.31000042,6.269999981,3.619999886,7.559999943,8.479999542,7.019999981,,7.210000038,8.81000042,7.550000191,7.78000021,7.78000021,8.159999847,5.960000038,6.78000021,7.170000076,,,6.510000229,4.599999905,9.75,3.24000001,3.799999952,4.050000191,6.769999981,7.71999979,6.239999771,7.519999981,8.279999733,8.5,8.029999733,8.479999542,9.100000381,6.179999828,6.78000021,6.940000057,8.850000381,,6.949999809,7.699999809,9.319999695,6.079999924,6.510000229,7.079999924,8.5,5.099999905,7.980000019,7.900000095,6.730000019,6.730000019,7.400000095,,9.0,5.75,5.059999943,7.079999924,8.340000153,3.599999905,7.28000021,8.039999962,8.529999733,6.010000229,,7.840000153,9.800000191,6.099999905,7.28000021,5.980000019,,,6.5,7.400000095,,5.900000095,7.199999809,7.099999905,8.979999542,8.279999733,7.599999905,8.5,9.600000381,9.600000381,9.960000038,7.800000191,10.10000038,5.809999943,6.900000095
2.31315E+14,Kalimati,Ground water,Cgwb,Jharkhand,Ranchi,Karra,Manual,Karra,Kalimati,23.2208,85.0722,1996-01-05,2024-11-30,Dug well,Unconfined,6.5,HGZ,MANUAL-Water Level,m,3.789999962,7.199999809,1.639999986,4.46999979,5.949999809,8.100000381,1.779999971,2.849999905,4.900000095,8.199999809,3.730000019,,5.5,6.25,1.580000043,,,,2.559999943,1.899999976,5.699999809,,3.710000038,3.390000105,3.390000105,6.400000095,1.350000024,4.679999828,4.099999905,6.5,3.079999924,3.25,5.260000229,,2.160000086,4.369999886,5.21999979,8.399999619,2.200000048,2.799999952,5.050000191,6.5,6.900000095,4.400000095,3.569999933,7.699999809,1.350000024,4.25,4.840000153,10.14999962,,4.480000019,5.239999771,6.5,3.849999905,2.319999933,3.799999952,,2.480000019,4.5,5.53000021,4.949999809,4.949999809,5.900000095,,,1.5,3.200000048,4.360000134,6.5,1.25,2.349999905,5.550000191,6.099999905,4.550000191,,7.119999886,7.199999809,5.599999905,2.0,4.099999905,,1.850000024,3.5,3.950000048,,1.200000048,,1.549999952,,1.899999976,,1.899999976,3.400000095,1.600000024,3.700000048,5.099999905,7.099999905,,2.950000048
2.304E+14,Khunti,Ground water,Cgwb,Jharkhand,Ranchi,Khunti,Manual,Khunti,Khunti,23.0667,85.2733,1996-01-05,2024-11-30,Dug well,Unconfined,13.42,HGZ,MANUAL-Water Level,m,,,2.00999999,3.430000067,7.170000076,11.07999992,2.839999914,4.960000038,4.949999809,8.050000191,,3.579999924,6.300000191,,0.959999979,,8.449999809,13.19999981,4.400000095,4.539999962,10.19999981,12.60000038,4.690000057,4.25,4.25,13.30000019,3.099999905,5.210000038,,13.42000008,5.539999962,3.539999962,6.559999943,11.61999989,1.850000024,4.230000019,7.289999962,11.30000019,3.599999905,3.200000048,4.769999981,9.109999657,6.369999886,6.230000019,7.599999905,10.26000023,0.569999993,3.339999914,4.0,,,3.75999999,5.340000153,9.869999886,,2.220000029,4.099999905,8.180000305,2.859999895,5.099999905,6.03000021,8.399999619,,,,9.649999619,,3.5,5.400000095,9.399999619,1.399999976,3.200000048,5.139999866,8.100000381,6.550000191,,6.539999962,7.699999809,5.400000095,2.400000095,4.599999905,,1.179999948,4.300000191,5.699999809,,2.299999952,2.890000105,3.599999905,5.400000095,,,,5.949999809,1.799999952,3.349999905,3.5,5.449999809,,2.900000095
2.514E+14,Sahebganj1,Ground water,Cgwb,Jharkhand,Sahebganj,Borio,Manual,Borio,Sahebganj,25.2333,87.6389,1996-01-05,2024-11-30,Dug well,Unconfined,13.5,HGZ,MANUAL-Water Level,m,4.29,3.2,2.88,3.08,4.1,5.09,4.03,4.25,4.69,7.28,3.5,3.98,3.05,5.81,3.02,4.5,2.6,6.84,2.6,2.38,4.33,6.9,7.65,2.87,2.87,7.6,6.5,,6.4,9.95,5.47,6.2,,8.7,,6.2,4.49,8.16,6.98,5.6,8.3,8.9,7.0,,7.9,9.46,5.6,6.8,7.2,10.0,,,,10.09,6.5,4.9,,8.56,5.95,6.85,7.15,8.45,5.08,3.51,,8.9,6.61,,,8.95,3.2,4.12,3.3,8.77,6.59,,7.45,9.5,5.8,4.75,7.3,,,4.4,7.15,,3.85,4.45,5.2,8.35,6.14,5.7,7.24,9.34,4.42,5.32,6.56,9.3,5.9,7.04
1.3023E+14,K.k.nagar,Ground water,Cgwb,Tamil nadu,Chennai,Chennai,Manual,Chennai,K.k.nagar,13.0417,80.2083,1996-01-05,2025-01-30,Dug well,Unconfined,5.85,HGZ,MANUAL-Water Level,m,2.910000086,3.859999895,4.099999905,3.779999971,4.769999981,,6.340000153,3.700000048,2.900000095,4.050000191,3.519999981,1.299999952,,3.880000114,3.5,5.900000095,7.0,7.800000191,7.800000191,3.849999905,8.199999809,8.199999809,5.150000095,0.620000005,1.350000024,2.390000105,2.5,0.349999994,1.149999976,3.5,1.830000043,0.620000005,1.049999952,2.109999895,1.970000029,,1.600000024,3.079999924,4.400000095,2.349999905,1.0,3.299999952,1.600000024,1.600000024,1.549999952,,,0.600000024,,1.820000052,,1.379999995,2.099999905,2.420000076,2.150000095,1.0,0.850000024,,2.0,0.550000012,4.739999771,2.559999943,2.319999933,1.899999976,,1.769999981,2.160000086,1.399999976,2.200000048,,4.949999809,1.559999943,2.700000048,2.75,3.299999952,,2.799999952,3.799999952,4.099999905,2.400000095,3.400000095,,3.099999905,2.119999886,1.100000024,,1.350000024,1.169999957,1.019999981,1.690000057,1.929999948,1.299999952,2.299999952,2.5,,,0.50000006,2.400000095,1.0,
1.0313E+14,Angalakurichi,Ground water,Cgwb,Tamil nadu,Coimbatore,Pollachi,Manual,Pollachi,Angalakurichi,10.525,76.9994,1998-11-05,2025-01-30,Bore well,Unconfined,49,HGZ,MANUAL-Water Level,m,5.360000134,,,17.04999924,8.670000076,8.369999886,15.85000038,20.69000053,19.5,12.35000038,28.77000046,38.15999985,48.40000153,,,46.59999847,41.25,46.74000168,41.79999924,47.41999817,,42.16999817,46.20000076,37.77999878,4.119999886,15.15999985,34.59999847,31.21999931,6.539999962,37.79999924,6.690000057,2.720000029,2.200000048,8.449999809,25.13999939,,5.099999905,33.09999847,41.40000153,15.5,2.109999895,6.840000153,10.93000031,3.920000076,1.25,3.400000095,4.800000191,0.649999976,,4.71999979,,7.380000114,5.800000191,,17.14999962,9.699999809,5.909999847,31.89999962,,,3.25,1.620000005,4.320000172,,,14.42000008,15.5,46.79999924,47.79999924,,,12.39999962,47.22000122,42.0,8.359999657,,1.75,10.22000027,8.100000381,0.800000012,1.649999976,,33.5,34.59999847,3.900000095,,11.97999954,0.159999996,0.879999995,2.349999905,2.180000067,1.649999976,2.199999809,8.880000114,42.62000275,46.20000076,,46.25999832,11.56000042,3.700000048
1.11031E+14,Ganesapuram,Ground water,Cgwb,Tamil nadu,Coimbatore,Annur,Manual,Annur,Ganesapuram,11.1753,77.0556,1996-01-05,2025-01-30,Dug well,Unconfined,37,HGZ,MANUAL-Water Level,m,22.47999954,16.0,14.82999992,25.68000031,24.0,28.10000038,28.86000061,28.81999969,22.20000076,26.20000076,32.15000153,35.77999878,18.27000046,35.70000076,36.40999985,,32.65999985,35.34999847,35.08000183,36.02999878,25.72999954,28.0,31.20999908,20.11000061,19.62999916,27.59000015,,31.32999992,21.94000053,30.61000061,25.57999992,23.12999916,21.51000023,25.5,32.22999954,26.18000031,25.82999992,33.00999832,34.97999954,36.22999954,30.45999908,34.93000031,40.22999954,32.22999954,24.37999916,22.03000069,26.72999954,,14.72999954,18.87999916,,,15.43000031,29.44000053,32.47999954,29.22999954,29.65999985,34.84000015,,,21.79999924,29.78000069,29.72999954,29.62999916,,,33.43000031,33.43000031,32.02999878,31.42000008,35.33000183,30.62999916,29.69000053,,,24.28000069,27.57999992,31.59000015,30.72999954,25.28000069,28.07999992,,30.22999954,30.72999954,30.03000069,,31.85000038,,17.38999939,,26.28000069,19.03000069,18.59000015,23.18000031,26.52999878,24.43000031,,19.80999947,18.72999954,15.43000031
1.0523E+14,Pichanur,Ground water,Cgwb,Tamil nadu,Coimbatore,Coimbatore south,Manual,Coimbatore south,Pichanur,10.875,76.9,2000-01-05,2025-01-30,Bore well,Unconfined,48.8,HGZ,MANUAL-Water Level,m,16.51000023,18.20000076,,16.07999992,16.54000092,16.55999947,15.89999962,15.52000046,15.97999954,16.75,15.47999954,15.81999969,,17.65999985,19.85000038,20.95000076,21.98999977,24.63999939,17.04999924,16.03000069,16.62999916,19.64999962,14.0,13.03999996,13.59000015,15.34000015,11.51000023,21.75,11.98999977,,7.050000191,5.71999979,7.880000114,12.10000038,12.80000019,12.19999981,12.89999962,15.72000027,12.5,12.38000011,11.76000023,,15.35000038,14.75,,15.89999962,16.0,14.14999962,14.05000019,17.29999924,,,17.10000038,,12.72000027,13.89999962,14.82999992,18.14999962,14.21000004,,0.850000024,14.85000038,9.039999962,11.19999981,,15.02999973,15.93000031,16.67000008,17.20000076,17.79999924,,16.93000031,12.42000008,18.39999962,8.619999886,10.72000027,12.35000038,15.47999954,9.75,8.949999809,9.800000191,,9.899999619,9.850000381,11.19999981,,14.09000015,11.64999962,13.27999973,15.77000046,8.649999619,9.550000191,,14.30000019,13.75,14.42999935,,14.72000027,10.18999958,11.07999992
1.0394E+14,Pollachi1,Ground water,Cgwb,Tamil nadu,Coimbatore,Pollachi,Manual,Pollachi,Pollachi,10.6611,77.0,1996-01-05,2025-01-30,Dug well,Unconfined,9.94,HGZ,MANUAL-Water Level,m,1.080000043,1.970000029,0.540000021,0.810000002,0.550000012,1.460000038,1.190000057,0.959999979,0.910000026,2.720000029,1.889999986,0.970000029,1.100000024,1.100000024,1.649999976,1.379999995,1.279999971,2.140000105,1.200000048,1.120000005,3.309999943,0.709999979,0.519999981,3.079999924,0.699999988,1.870000005,,1.789999962,1.330000043,1.179999948,0.860000014,0.879999995,0.959999979,1.659999967,1.860000014,0.800000012,1.720000029,3.380000114,2.700000048,2.299999952,1.159999967,2.700000048,0.949999988,0.189999998,0.720000029,,0.550000012,2.380000114,0.75,2.200000048,,1.100000024,,1.879999995,,0.579999983,0.879999995,1.669999957,0.850000024,,0.810000002,0.600000024,,0.800000012,,1.100000024,1.320000052,2.200000048,3.049999952,2.400000095,2.0,1.049999952,2.099999905,1.75,,0.75999999,0.899999976,1.460000038,0.600000024,,0.829999983,,0.699999988,1.100000024,0.75,,1.220000029,0.850000024,0.649999976,0.5,0.449999988,0.540000021,0.670000076,1.100000024,0.920000076,1.449999928,,0.560000002,0.699999988,0.449999988
1.10515E+14,Samalapuram,Ground water,Cgwb,Tamil nadu,Coimbatore,Sulur,Manual,Sulur,Samalapuram,11.0875,77.1792,1998-11-05,2025-01-30,Bore well,Unconfined,39,HGZ,MANUAL-Water Level,m,2.319999933,3.420000076,,2.960000038,2.569999933,,6.449999809,,4.75,,10.35999966,10.89999962,12.44999981,12.53999996,14.18000031,12.05000019,12.19999981,15.56999969,14.0,12.44999981,6.670000076,7.019999981,7.070000172,4.78000021,3.359999895,3.119999886,3.940000057,3.839999914,1.49000001,3.799999952,2.799999952,1.860000014,1.679999948,2.650000095,3.920000076,3.519999981,2.680000067,5.389999866,3.200000048,2.75,2.980000019,3.50999999,,3.5,2.319999933,2.200000048,2.650000095,,4.449999809,6.139999866,,3.650000095,4.0,,,5.539999962,6.03000021,3.650000095,9.100000381,,5.849999905,1.720000029,2.75,3.269999981,,2.339999914,2.140000105,4.900000095,4.800000191,15.60999966,,2.970000029,3.0,2.150000095,,2.200000048,2.900000095,3.640000105,3.200000048,2.140000105,2.349999905,,3.200000048,3.700000048,3.400000095,,4.849999905,,1.679999948,,2.400000095,1.600000024,,3.079999924,3.299999952,11.35000038,,3.5,2.400000095,1.649999976
1.1041E+14,Saravanampatti,Ground water,Cgwb,Tamil nadu,Coimbatore,Annur,Manual,Annur,Saravanampatti,11.0694,77.0014,1996-01-05,2025-01-30,Dug well,Unconfined,31.83,HGZ,MANUAL-Water Level,m,25.40999985,25.35000038,26.15999985,24.94000053,26.17000008,21.45999908,27.23999977,26.30999947,24.60000038,24.86000061,27.80999947,26.25,27.21999931,29.42000008,30.22999954,31.14999962,,,34.29999924,33.20000076,29.06999969,31.90999985,33.81000137,31.32999992,22.96999931,23.55999947,24.55999947,23.46999931,18.64999962,19.03000069,19.36000061,16.02000046,14.97000027,17.96999931,17.95000076,16.70000076,17.48999977,21.79999924,21.85000038,20.14999962,30.64999962,23.65999985,25.95000076,24.25,20.75,20.85000038,19.20000076,34.40000153,12.14999962,,,11.0,9.399999619,,17.62999916,9.329999924,19.75,22.72999954,21.28000069,17.10000038,17.20000076,16.85000038,16.86000061,15.05000019,,13.85000038,19.18000031,19.75,21.54999924,24.35000038,25.04999924,17.04999924,31.06999969,,23.25,22.70000076,15.44999981,12.11999989,25.04999924,14.75,12.59000015,,18.95000076,16.0,13.89999962,,14.10000038,11.19999981,5.800000191,12.89999962,18.75,11.94999981,9.449999809,11.94999981,8.649999619,10.59999943,,9.489999771,12.39999962,11.0
1.1043E+14,Saravanampatti1,Ground water,Cgwb,Tamil nadu,Coimbatore,Annur,Manual,Annur,Saravanampatti,11.075,77.0014,1998-11-05,2025-01-30,Bore well,Unconfined,61,HGZ,MANUAL-Water Level,m,25.29999924,25.39999962,,25.64999962,26.05999947,26.60000038,,26.35000038,26.97999954,29.70000076,30.52000046,28.82999992,33.84000015,31.46999931,32.27999878,30.70000076,30.87999916,32.20999908,33.65999985,29.42000008,28.12000084,31.81999969,34.27999878,,27.44000053,30.70000076,33.29999924,31.44000053,26.98999977,32.5,35.09000015,28.61000061,28.0,32.72999954,34.72000122,29.10000038,29.20000076,43.47000122,35.40000153,34.47000122,30.60000038,35.75,37.93999863,,29.79999924,31.70000076,35.40000153,33.84999847,25.0,29.36000061,,,,,30.48999977,28.04999924,28.22999954,29.0,34.79999924,28.20000076,27.75,26.80999947,26.53000069,25.70000076,,26.5,29.95000076,32.22000122,29.92000008,35.5,21.04999924,32.09999847,31.06999969,33.25999832,33.18999863,27.45000076,25.0,34.08000183,27.04999924,19.79999924,19.95000076,,20.39999962,21.20000076,19.20000076,,,12.19999981,13.47000027,19.54999924,18.89999962,18.70000076,18.44999886,20.84000015,24.46999931,25.46999931,,26.26000023,24.80999947,15.88000011
1.11045E+14,Seeliyur,Ground water,Cgwb,Tamil nadu,Coimbatore,Mettupalayam,Manual,Mettupalayam,Seeliyur,11.1792,76.7583,1998-11-05,2025-01-30,Bore well,Unconfined,52.65,HGZ,MANUAL-Water Level,m,6.06,8.55,,10.96,4.63,13.55,16.89,,6.82,15.62,20.56,17.3,8.98,13.25,18.48,11.9,15.38,12.06,25.8,7.95,5.34,12.9,17.95,3.3,3.9,7.04,15.5,,3.15,8.35,12.8,1.67,5.05,7.5,11.9,6.3,7.1,8.3,18.52,12.0,8.64,15.32,19.96,10.1,5.55,4.3,8.65,4.75,,11.6,,5.64,8.5,,18.7,10.16,7.21,16.9,19.99,,21.8,12.0,16.79,14.15,,11.1,17.74,19.45,19.8,18.95,20.35,15.26,10.54,5.7,11.55,3.76,5.85,16.4,18.1,2.45,3.85,,15.05,17.25,4.8,,15.43,5.78,6.08,12.4,17.15,6.07,,7.25,14.5,9.53,,7.12,8.11,1.58
1.05947E+14,Singanallur,Ground water,Cgwb,Tamil nadu,Coimbatore,Coimbatore south,Manual,Coimbatore south,Singanallur,10.9964,77.0208,1996-01-05,2025-01-30,Dug well,Unconfined,36.1,HGZ,MANUAL-Water Level,m,5.59,5.4,2.84,2.64,6.41,6.0,5.5,3.12,1.6,,8.26,5.0,3.3,2.15,6.22,5.08,6.63,9.7,,10.2,4.94,7.73,10.78,2.66,6.14,7.3,9.02,1.24,2.64,3.95,2.85,2.13,5.3,3.82,5.85,5.0,7.3,,4.22,2.75,2.7,5.0,4.1,2.79,2.55,3.1,4.1,1.1,1.9,3.3,,1.95,2.9,,3.64,3.5,,6.85,6.72,,4.75,4.9,4.7,4.65,,5.42,7.57,7.7,6.0,5.7,7.1,4.2,4.32,3.8,4.4,3.3,3.4,4.65,4.1,3.25,3.28,,6.65,4.3,4.0,,4.45,2.65,3.28,3.9,4.43,3.64,3.85,4.85,5.45,5.95,,5.85,6.0,3.1
1.1013E+14,Sulur,Ground water,Cgwb,Tamil nadu,Coimbatore,Sulur,Manual,Sulur,Sulur,11.025,77.125,1996-01-05,2025-01-30,Dug well,Unconfined,12.28,HGZ,MANUAL-Water Level,m,0.810000002,1.299999952,5.559999943,2.210000038,1.980000019,4.940000057,4.960000038,3.920000076,1.75999999,2.789999962,5.260000229,4.199999809,5.449999809,3.900000095,9.369999886,4.980000019,5.5,10.07999992,10.5,2.619999886,1.850000024,2.0,3.329999924,1.039999962,1.100000024,2.230000019,3.369999886,0.430000007,1.129999995,2.799999952,3.390000105,0.519999981,0.939999998,4.480000019,6.710000038,3.779999971,3.349999905,2.220000029,6.849999905,0.899999976,3.420000076,8.350000381,7.760000229,2.200000048,1.649999976,1.350000024,2.900000095,0.75,1.649999976,8.949999809,,2.950000048,1.25,6.570000172,,,7.369999886,7.949999809,8.460000038,,2.650000095,1.100000024,3.049999952,1.600000024,,1.190000057,4.400000095,,4.150000095,6.75,7.449999809,2.099999905,2.400000095,7.800000191,2.150000095,1.899999976,2.299999952,3.75,2.75,0.800000012,1.25,,2.150000095,3.049999952,11.10000038,,2.599999905,0.899999976,1.370000005,1.950000048,1.700000048,1.200000048,1.700000048,2.849999905,4.669999599,3.100000143,,3.0,5.699999809,0.850000024
1.1013E+14,Vadavalli,Ground water,Cgwb,Tamil nadu,Coimbatore,Annur,Manual,Annur,Vadavalli,11.025,76.9083,1996-01-05,2025-01-30,Dug well,Unconfined,50.56,HGZ,MANUAL-Water Level,m,36.36000061,37.27999878,36.45999908,35.36000061,34.54000092,,31.10000038,36.40999985,,35.06000137,36.36999893,36.13000107,35.79999924,39.0,40.41999817,41.22000122,,43.22999954,44.59999847,44.25999832,42.20000076,42.49000168,43.66999817,42.59999847,39.20000076,39.02999878,39.84999847,50.02999878,36.41999817,35.31999969,36.88999939,36.88999939,35.52000046,34.20000076,36.40000153,35.40000153,37.70000076,35.54999924,34.90000153,33.97999954,32.40000153,34.20000076,34.90000153,36.09999847,31.87000084,28.29999924,27.60000038,27.64999962,26.79999924,25.89999962,,,24.39999962,,27.42000008,29.29000092,29.5,30.85000038,31.79999924,29.93000031,33.22000122,32.25,31.12999916,31.25,,34.54999924,31.89999962,35.04999924,41.65000153,,42.0,44.15000153,41.75999832,47.45999908,47.25999832,46.65000153,45.90000153,47.41999817,46.34999847,43.70000076,42.75999832,,43.06999969,48.40000153,41.54999924,,45.25999832,47.58000183,40.88000107,45.65000153,44.75,37.59999847,38.39999771,39.20000076,41.84000015,41.61999893,,36.45000076,37.5,32.90000153
1.2E+14,Bommidimalapurm,Ground water,Cgwb,Tamil nadu,Dharmapuri,Dharmapuri,Manual,Dharmapuri,Bommidimalapurm,12.0,78.25,1996-01-05,2025-01-30,Dug well,Unconfined,18.9,HGZ,MANUAL-Water Level,m,4.050000191,6.650000095,8.979999542,7.630000114,10.44999981,15.75,15.96000004,11.05000019,7.630000114,12.68000031,18.04999924,12.35000038,,,20.47999954,14.56999969,,10.77999973,12.43000031,3.869999886,7.980000019,9.729999542,11.82999992,1.629999995,2.640000105,5.429999828,9.079999924,4.03000021,3.930000067,9.930000305,6.53000021,4.630000114,3.630000114,9.029999733,9.729999542,7.690000057,5.860000134,,12.39999962,14.82999992,13.21000004,15.32999992,12.52999973,10.59000015,3.210000038,6.480000019,7.980000019,5.380000114,5.230000019,8.630000114,,,6.78000021,13.22999954,12.22999954,6.429999828,7.480000019,12.38000011,9.640000343,,6.429999828,5.050000191,6.03000021,2.450000048,,6.980000019,11.98999977,8.029999733,7.300000191,17.39999962,8.699999809,7.71999979,10.65999985,14.85000038,9.899999619,14.61999989,11.35000038,18.53000069,12.22999954,6.110000134,9.529999733,,5.449999809,4.380000114,4.78000021,,7.090000153,6.420000076,2.5,4.519999981,3.589999914,3.119999886,2.829999924,6.329999924,7.289999962,,4.5,4.829999924,2.700000048,
1.20305E+14,Harur2,Ground water,Cgwb,Tamil nadu,Dharmapuri,Harur,Manual,Harur,Harur,12.0514,78.4833,2000-05-15,2025-01-30,Bore well,Unconfined,49,HGZ,MANUAL-Water Level,m,,17.52000046,13.11999989,,11.39999962,,15.72999954,9.210000038,10.47000027,15.11999989,16.23999977,15.11999989,14.25,19.62000084,17.03000069,17.39999962,17.81999969,15.89999962,18.0,11.60999966,7.900000095,16.70000076,17.60000038,10.60000038,6.599999905,,13.11999989,9.0,9.800000191,14.39000034,16.10000038,11.89999962,7.699999809,13.89999962,14.19999981,13.03999996,11.30000019,23.10000038,16.95000076,14.10000038,11.80000019,17.20000076,16.10000038,14.30000019,8.979999542,13.94999981,13.35000038,12.68000031,11.64999962,16.89999962,,8.130000114,,15.05000019,,10.44999981,10.39999962,13.60000038,,,13.10000038,14.81999969,14.81999969,10.43000031,,12.11999989,12.81999969,17.39999962,15.10000038,,16.54999924,13.94999981,,18.23999977,18.07999992,,19.71999931,19.20000076,18.20000076,12.56999969,13.13000011,,10.56000042,11.57999992,7.449999809,,10.72999954,11.14999962,,11.84000015,7.690000057,9.819999695,9.769999504,11.93999958,13.10999966,,11.30000019,16.14999962,17.10000038,
1.208E+14,Indoor,Ground water,Cgwb,Tamil nadu,Dharmapuri,Dharmapuri,Manual,Dharmapuri,Indoor,12.1333,78.0583,1996-01-05,2025-01-30,Dug well,Unconfined,10.8,HGZ,MANUAL-Water Level,m,1.960000038,2.650000095,1.5,5.579999924,1.570000052,7.210000038,5.71999979,4.380000114,6.429999828,10.14999962,12.10999966,10.05000019,,10.31999969,8.800000191,7.539999962,7.670000076,7.650000095,7.25,6.300000191,8.850000381,8.75,9.569999695,1.600000024,1.75,3.450000048,4.599999905,4.800000191,5.25,8.449999809,7.400000095,7.0,4.300000191,6.650000095,7.599999905,5.849999905,5.150000095,7.210000038,7.53000021,6.300000191,6.869999886,10.0,8.31000042,8.850000381,2.089999914,5.449999809,7.349999905,7.510000229,5.550000191,6.449999809,,,7.400000095,,10.14999962,6.75,,8.130000114,8.390000343,,7.340000153,7.349999905,7.809999943,3.180000067,,6.630000114,6.590000153,10.55000019,7.699999809,,10.78999996,4.400000095,,7.659999847,7.900000095,7.449999809,8.75,8.069999695,6.650000095,3.5,3.829999924,,,4.159999847,4.449999809,,6.300000191,5.070000172,1.960000038,4.619999886,2.700000048,2.119999886,,2.100000143,2.769999981,,2.349999905,4.75,4.860000134,
1.208E+14,Nagadasampatti,Ground water,Cgwb,Tamil nadu,Dharmapuri,Pennagaram,Manual,Pennagaram,Nagadasampatti,12.1333,77.9833,1996-01-05,2025-01-30,Dug well,Unconfined,15,HGZ,MANUAL-Water Level,m,3.390000105,8.350000381,6.800000191,0.860000014,7.320000172,12.81000042,10.94999981,5.269999981,6.869999886,10.44999981,10.02999973,14.68999958,,14.85999966,14.80000019,6.579999924,7.860000134,11.69999981,12.05000019,11.69999981,13.0,14.60000038,12.77999973,2.400000095,0.75999999,2.849999905,4.380000114,3.650000095,4.960000038,12.10000038,13.60000038,6.650000095,8.300000191,14.60000038,14.39999962,13.69999981,12.92000008,12.69999981,13.5,11.22999954,14.13000011,14.36999989,13.89999962,6.010000229,1.639999986,1.549999952,3.549999952,2.349999905,4.0,15.10000038,,,12.25,13.89999962,14.39999962,6.400000095,6.75,11.14999962,12.93999958,,6.650000095,5.670000076,5.599999905,4.360000134,,6.400000095,10.19999981,13.30000019,10.10000038,12.75,10.80000019,2.549999952,3.160000086,6.019999981,6.340000153,7.099999905,9.989999771,10.28999996,14.10000038,2.049999952,2.849999905,,5.519999981,4.449999809,3.650000095,,7.900000095,4.050000191,2.230000019,4.599999905,1.5,11.18000031,1.550000072,2.820000172,3.930000305,,3.049999952,5.099999905,5.5,
1.02845E+14,Ayyalur,Ground water,Cgwb,Tamil nadu,Dindigul,Vedasandur,Manual,Vedasandur,Ayyalur,10.4792,78.1833,1999-05-15,2025-01-30,Bore well,Unconfined,62.5,HGZ,MANUAL-Water Level,m,10.8,11.04,,13.68,12.44,14.6,16.84,9.75,,16.85,17.74,17.89,17.76,18.49,20.32,22.15,18.4,25.45,22.7,18.0,13.61,17.05,,16.7,8.9,12.76,13.8,15.0,12.78,14.97,15.93,15.83,12.08,12.78,11.01,,11.5,13.6,14.5,16.3,12.7,16.68,17.54,16.9,12.1,20.4,16.25,14.42,2.65,14.15,,16.07,17.12,,,21.0,18.86,,18.94,,18.5,19.1,26.4,,,19.2,13.52,26.2,10.95,10.36,,15.5,17.57,18.9,23.05,20.63,18.75,21.9,19.79,14.35,16.8,,18.6,,15.19,,17.9,13.6,,14.08,,13.08,12.889999,5.4,,5.48,,6.42,,6.71
1.028E+14,Chattrapatti,Ground water,Cgwb,Tamil nadu,Dindigul,Oddanchatram,Manual,Oddanchatram,Chattrapatti,10.4667,77.6583,1996-01-05,2025-01-30,Dug well,Unconfined,19.47,HGZ,MANUAL-Water Level,m,7.9,12.3,14.5,15.55,12.97,14.55,16.93,15.9,11.65,15.3,17.53,16.43,13.98,16.38,17.95,16.47,11.16,15.07,17.0,10.3,7.65,10.16,,12.76,3.78,5.29,11.25,8.08,9.15,13.54,15.75,11.9,6.68,10.18,11.88,8.72,4.73,9.25,12.78,13.43,7.25,11.7,15.05,11.2,4.74,9.8,13.55,,5.4,,,12.24,14.5,16.98,17.73,13.78,15.43,17.08,17.48,,9.98,13.85,,,,14.88,,18.38,17.08,18.45,19.45,12.23,11.2,15.63,15.78,12.75,11.95,18.2,17.85,14.4,12.4,,15.95,16.85,5.87,,8.52,6.85,2.5,5.05,6.35,3.85,2.8600001,5.7,8.82,12.75,,10.23,10.26,8.2
1.02105E+14,Hanumanthanagar,Ground water,Cgwb,Tamil nadu,Dindigul,Dindigul,Manual,Dindigul,Hanumanthanagar,10.3514,77.9944,1996-01-05,2025-01-30,Dug well,Unconfined,12.7,HGZ,MANUAL-Water Level,m,0.6,5.08,2.39,1.5,0.55,2.09,3.06,2.05,1.35,,4.0,0.48,1.15,1.21,3.43,1.82,2.72,2.83,4.1,0.5,0.85,1.37,,0.45,0.6,2.15,2.44,2.07,0.9,2.47,2.33,0.93,0.98,1.77,2.73,0.97,0.75,,2.67,2.94,1.2,2.0,2.5,0.7,0.95,2.4,2.35,0.64,0.75,1.95,,,1.59,3.17,4.01,2.57,5.52,5.52,4.8,0.87,1.37,2.45,2.47,,,3.37,5.07,5.42,5.38,5.65,,3.0,3.56,4.6,5.45,4.85,3.9,5.4,5.4,1.45,1.35,,3.0,4.3,0.55,,2.31,0.25,0.9,1.4,1.5,0.4,1.75,1.25,2.19,1.95,,4.75,4.05,0.35
1.0453E+14,Idayapatti,Ground water,Cgwb,Tamil nadu,Dindigul,Vedasandur,Manual,Vedasandur,Idayapatti,10.7583,78.0333,1996-01-05,2025-01-30,Dug well,Unconfined,18.6,HGZ,MANUAL-Water Level,m,,4.18,5.2,4.98,5.85,9.33,12.15,13.2,13.14,14.0,14.05,14.02,14.1,14.36,14.42,14.06,12.88,13.79,15.03,13.98,13.66,13.08,,8.14,2.44,5.12,5.7,5.68,6.1,10.58,12.02,12.45,10.08,5.28,8.64,,,12.48,11.83,7.43,11.18,12.33,10.88,10.98,8.08,9.18,10.35,10.23,8.88,9.28,,10.69,10.85,12.98,13.68,8.08,,14.16,13.8,,9.38,6.43,10.68,,,11.78,13.4,14.05,14.3,14.28,11.93,7.66,7.88,,,11.03,12.08,13.98,14.14,12.75,13.33,,13.68,13.93,12.61,,13.31,13.65,11.15,12.88,13.75,12.43,9.9800005,12.58,13.83,13.610001,,13.98,13.7,11.18
1.01405E+14,Kodaikanal,Ground water,Cgwb,Tamil nadu,Dindigul,Kodaikanal,Manual,Kodaikanal,Kodaikanal,10.2347,77.4833,1996-01-05,2025-01-30,Dug well,Unconfined,10.2,HGZ,MANUAL-Water Level,m,3.329999924,6.550000191,4.710000038,4.860000134,2.069999933,6.150000095,2.309999943,1.100000024,5.75,4.070000172,6.75,4.349999905,6.269999981,6.429999828,,4.679999828,6.199999809,6.849999905,2.0,1.149999976,6.28000021,,,3.170000076,5.480000019,7.239999771,6.769999981,1.769999981,6.21999979,7.409999847,7.21999979,5.179999828,3.079999924,6.320000172,4.210000038,2.769999981,5.570000172,6.949999809,8.050000191,6.21999979,5.699999809,6.449999809,6.150000095,,4.800000191,6.449999809,6.53000021,3.299999952,3.769999981,6.449999809,,,7.050000191,7.119999886,7.119999886,7.21999979,,6.349999905,5.119999886,,6.21999979,5.21999979,6.119999886,,,6.269999981,3.819999933,6.119999886,7.389999866,5.5,4.570000172,5.510000229,5.849999905,5.300000191,6.579999924,,6.199999809,6.449999809,5.570000172,4.5,5.25,,5.949999809,6.25,5.5,,3.849999905,4.019999981,,3.799999952,5.420000076,4.840000153,5.880000114,5.769999981,6.079999924,4.400000095,,5.920000076,3.5,5.409999847
1.0353E+14,Kovilur (ramanathapuram),Ground water,Cgwb,Tamil nadu,Dindigul,Vedasandur,Manual,Vedasandur,Kovilur (ramanathapuram),10.5917,78.0861,1999-05-15,2025-01-30,Bore well,Unconfined,45.3,HGZ,MANUAL-Water Level,m,3.5,,,3.299999952,2.329999924,4.300000191,5.550000191,,3.75,5.400000095,6.53000021,,4.429999828,6.130000114,6.380000114,6.699999809,5.900000095,7.119999886,8.300000191,3.400000095,3.700000048,6.199999809,,2.769999981,1.320000052,5.090000153,3.519999981,3.799999952,3.769999981,5.639999866,5.699999809,5.119999886,2.920000076,4.5,5.510000229,4.079999924,3.200000048,5.199999809,6.800000191,7.5,4.699999809,7.199999809,,4.400000095,2.650000095,4.199999809,5.360000134,0.850000024,2.0,3.700000048,,,4.900000095,,,7.5,7.920000076,9.329999924,8.210000038,,5.599999905,3.180000067,4.75,,,5.800000191,5.550000191,6.519999981,7.300000191,8.279999733,4.010000229,3.5,3.700000048,4.75,5.21999979,4.099999905,4.400000095,4.0,3.5,2.650000095,2.849999905,,,4.300000191,2.650000095,,3.710000038,3.599999905,2.799999952,3.049999952,3.400000095,2.349999905,1.980000138,3.369999886,4.420000076,3.519999981,,4.849999905,4.96999979,3.5
1.0132E+14,Natham1,Ground water,Cgwb,Tamil nadu,Dindigul,Natham,Manual,Natham,Natham,10.2222,78.2472,1996-01-05,2025-01-30,Dug well,Unconfined,12.4,HGZ,MANUAL-Water Level,m,4.630000114,6.179999828,7.03000021,7.0,7.0,8.699999809,,10.55000019,10.39999962,9.399999619,11.22999954,7.539999962,7.300000191,7.449999809,7.860000134,7.5,7.800000191,12.39999962,10.30000019,6.699999809,4.5,5.710000038,,5.510000229,3.130000114,4.960000038,4.559999943,2.630000114,2.940000057,4.489999771,5.190000057,5.03000021,3.329999924,4.050000191,3.730000019,2.380000114,2.470000029,4.599999905,4.880000114,5.679999828,3.799999952,5.5,6.28000021,2.900000095,2.200000048,3.400000095,4.199999809,2.0,2.0,4.25,,5.289999962,5.769999981,7.230000019,7.400000095,6.03000021,6.75,7.25,9.130000114,,6.929999828,7.78000021,9.279999733,,,8.630000114,8.510000229,5.340000153,6.880000114,8.850000381,9.350000381,6.449999809,6.199999809,8.550000191,9.899999619,8.600000381,7.400000095,10.10000038,10.60000038,6.599999905,6.449999809,,4.380000114,4.550000191,3.349999905,,5.119999886,4.150000095,2.670000076,3.349999905,4.099999905,1.950000048,3.299999952,3.750000238,4.320000172,2.700000048,,4.599999905,5.199999809,2.5
1.01358E+14,Nattam,Ground water,Cgwb,Tamil nadu,Dindigul,Natham,Manual,Natham,Nattam,10.2328,78.2333,1999-08-25,2025-01-30,Bore well,Unconfined,51.25,HGZ,MANUAL-Water Level,m,4.920000076,4.599999905,,6.400000095,5.179999828,6.840000153,8.550000191,8.0,7.800000191,8.649999619,8.800000191,4.0,4.130000114,5.789999962,6.110000134,5.900000095,6.0,8.680000305,9.300000191,3.799999952,3.200000048,5.699999809,,3.980000019,3.200000048,,2.789999962,2.0,3.299999952,4.5,10.42000008,4.300000191,3.180000067,3.660000086,3.599999905,2.900000095,9.199999809,3.900000095,3.900000095,5.199999809,3.599999905,5.71999979,5.320000172,2.799999952,3.099999905,4.400000095,3.700000048,2.200000048,3.200000048,4.099999905,,4.159999847,4.960000038,,,5.300000191,6.099999905,7.090000153,6.420000076,,5.199999809,6.46999979,7.449999809,,,7.099999905,6.71999979,5.630000114,5.420000076,7.449999809,5.789999962,4.400000095,,7.099999905,7.380000114,4.860000134,5.699999809,9.100000381,7.949999809,7.400000095,4.75,,,3.700000048,2.079999924,,3.839999914,2.599999905,3.150000095,,2.779999971,,3.680000067,,3.950000048,2.399999857,,3.349999905,,2.900000095
1.02927E+14,Oddanchatram1,Ground water,Cgwb,Tamil nadu,Dindigul,Oddanchatram,Manual,Oddanchatram,Oddanchatram,10.4908,77.7528,1999-05-15,2025-01-30,Bore well,Unconfined,70.5,HGZ,MANUAL-Water Level,m,9.0,9.119999886,,10.31999969,11.60999966,14.80000019,21.46999931,17.60000038,12.69999981,15.60000038,23.54999924,18.0,20.60000038,20.79999924,,16.57999992,9.770000458,,15.05000019,13.5,7.449999809,11.0,,11.89000034,4.179999828,6.519999981,7.650000095,9.600000381,9.170000076,13.90999985,,16.37999916,9.920000076,9.0,12.36999989,,,12.60000038,15.60000038,18.89999962,10.89999962,13.44999981,,14.39999962,10.60000038,11.39999962,14.97000027,,6.199999809,7.75,,12.63000011,13.82999992,19.04999924,,20.39999962,26.80999947,21.79999924,20.64999962,,17.29999924,15.81999969,17.19000053,,,10.5,10.39999962,,,27.5,,12.5,9.279999733,11.69999981,14.21000004,10.22000027,12.69999981,23.89999962,23.0,29.17000008,27.39999962,,7.920000076,30.81999969,10.69999981,,7.440000057,6.730000019,3.849999905,4.989999771,6.25,5.110000134,3.940000057,5.400000095,7.710000038,8.059999466,,10.11999989,10.64000034,8.359999657
1.02915E+14,Oodanchatram,Ground water,Cgwb,Tamil nadu,Dindigul,Oddanchatram,Manual,Oddanchatram,Oodanchatram,10.4875,77.7542,1996-01-05,2025-01-30,Dug well,Unconfined,22.3,HGZ,MANUAL-Water Level,m,4.889999866,6.860000134,8.760000229,8.159999847,7.099999905,11.09000015,19.35000038,15.48999977,7.420000076,13.09000015,20.32999992,16.40999985,11.78999996,20.61000061,21.17000008,12.39999962,7.480000019,9.600000381,14.64999962,8.5,5.679999828,7.349999905,,8.079999924,2.880000114,4.670000076,6.190000057,5.849999905,5.889999866,11.94999981,14.47000027,9.25,5.570000172,6.949999809,10.85000038,6.599999905,5.0,7.949999809,11.05000019,13.94999981,6.099999905,21.20000076,,12.30000019,6.449999809,7.699999809,11.60000038,7.050000191,3.799999952,4.900000095,,8.720000267,9.399999619,,20.64999962,14.25,14.85000038,21.54999924,,,10.25,10.55000019,12.10000038,,,7.400000095,10.97999954,14.27999973,15.97999954,19.5,18.21999931,7.449999809,6.019999981,7.5,10.77999973,8.699999809,8.949999809,14.89999962,21.04999924,17.20000076,10.94999981,,11.56999969,12.10000038,5.159999847,,3.900000095,3.549999952,1.879999995,2.700000048,2.900000095,1.830000043,1.4799999,2.200000048,3.680000067,3.800000191,,5.849999905,5.860000134,4.349999905
1.026E+14,Palani2,Ground water,Cgwb,Tamil nadu,Dindigul,Palani,Manual,Palani,Palani,10.4333,77.5125,1996-01-05,2025-01-30,Dug well,Unconfined,14.45,HGZ,MANUAL-Water Level,m,2.690000057,2.390000105,1.809999943,1.639999986,0.649999976,2.140000105,3.200000048,0.790000021,1.889999986,2.339999914,3.650000095,0.939999998,1.889999986,2.670000076,4.760000229,2.49000001,2.50999999,5.539999962,5.989999771,1.190000057,3.779999971,2.049999952,,2.309999943,0.810000002,3.609999895,3.99000001,5.369999886,3.039999962,4.429999828,5.96999979,2.690000057,4.0,3.190000057,3.269999981,2.210000038,2.690000057,3.24000001,3.650000095,5.769999981,2.619999886,2.599999905,3.690000057,5.920000076,1.74000001,3.089999914,3.390000105,1.419999957,2.890000105,3.390000105,,2.970000029,3.039999962,4.869999886,,4.269999981,3.819999933,4.769999981,5.570000172,,2.869999886,2.769999981,3.430000067,,,3.420000076,3.599999905,3.420000076,4.46999979,4.199999809,5.480000019,1.850000024,2.119999886,2.5,3.799999952,2.220000029,2.25,4.190000057,5.610000134,3.049999952,2.99000001,,3.970000029,3.890000105,2.589999914,,2.49000001,1.570000052,2.450000048,2.319999933,2.400000095,2.220000029,2.559999943,2.690000057,2.819999933,2.49000001,,2.670000076,2.0,2.440000057
1.0153E+14,Sanarpatti,Ground water,Cgwb,Tamil nadu,Dindigul,Dindigul,Manual,Dindigul,Sanarpatti,10.2583,78.1,1999-08-25,2025-01-30,Bore well,Unconfined,69.4,HGZ,MANUAL-Water Level,m,5.889999866,15.69999981,,13.39999962,15.57999992,17.05999947,22.48999977,5.400000095,,13.10000038,25.03000069,20.17000008,13.80000019,14.72000027,6.210000038,18.28000069,18.95000076,25.93000031,28.20000076,20.20000076,14.72000027,17.45000076,,20.5,11.85999966,,11.77999973,12.89999962,12.10000038,16.10000038,16.94000053,16.44000053,12.69999981,11.65999985,12.60000038,,10.60000038,11.80000019,15.10000038,15.5,18.39999962,19.62000084,22.39999962,22.10000038,13.30000019,,15.55000019,2.200000048,11.60000038,13.30000019,,16.0,16.79000092,,,27.75,29.02000046,29.54000092,,,24.60000038,25.70999908,28.39999962,,,30.0,47.40000153,,32.5,36.43000031,41.65000153,33.70000076,33.33000183,39.04999924,44.0,,28.5,30.70000076,38.70000076,29.54999924,24.0,,26.53000069,26.54999924,24.19000053,,,20.45999908,12.64999962,16.21999931,18.89999962,15.10999966,11.62999916,15.57999992,20.93000031,20.55999947,,26.72999954,26.12999916,22.27000046
1.0213E+14,Vadamadurai,Ground water,Cgwb,Tamil nadu,Dindigul,Dindigul,Manual,Dindigul,Vadamadurai,10.3583,78.1,1996-01-05,2025-01-30,Dug well,Unconfined,20.8,HGZ,MANUAL-Water Level,m,1.559999943,6.840000153,8.199999809,2.799999952,2.430000067,,9.949999809,10.35000038,9.850000381,11.80000019,13.60000038,3.900000095,4.170000076,8.319999695,10.85000038,9.619999886,6.539999962,10.25,11.64999962,4.900000095,3.0,18.89999962,,1.5,0.800000012,5.690000057,8.470000267,6.400000095,1.629999995,7.480000019,9.399999619,4.71999979,0.769999981,9.590000153,6.320000172,2.75999999,2.200000048,,10.94999981,11.10000038,3.529999971,9.350000381,10.57999992,9.5,2.75,5.699999809,8.760000229,7.980000019,2.099999905,7.300000191,,7.300000191,8.510000229,12.69999981,13.35000038,12.69999981,12.5,13.81999969,,,8.600000381,8.390000343,10.52000046,,,9.300000191,9.779999733,10.86999989,9.340000153,12.11999989,11.60000038,3.670000076,,10.25,12.27999973,8.0,6.400000095,12.19999981,13.64999962,9.5,9.670000076,,11.44999981,12.0,3.769999981,,12.10000038,9.279999733,5.5,12.14999962,14.97999954,7.849999905,6.079999924,7.699999809,12.90999985,10.38000011,,13.52000046,13.64999962,7.179999828
1.0393E+14,Alangiyam,Ground water,Cgwb,Tamil nadu,Erode,Dharapuram,Manual,Dharapuram,Alangiyam,10.6583,77.4958,1999-01-05,2025-01-30,Bore well,Unconfined,52.2,HGZ,MANUAL-Water Level,m,5.880000114,,,5.699999809,4.570000172,11.44999981,11.05000019,,5.75,9.75,5.0,4.550000191,6.099999905,10.69999981,14.21000004,13.19999981,7.949999809,12.48999977,10.89000034,4.199999809,5.269999981,6.800000191,,5.059999943,3.339999914,6.039999962,7.260000229,4.480000019,3.299999952,10.30000019,7.369999886,3.900000095,1.600000024,6.590000153,8.369999886,4.0,4.769999981,7.400000095,7.070000172,5.0,4.349999905,8.699999809,10.05000019,,3.609999895,7.050000191,16.39999962,7.599999905,3.200000048,12.02999973,,6.449999809,8.199999809,,,4.619999886,5.849999905,38.18999863,34.34999847,,4.510000229,7.800000191,,4.71999979,,17.20000076,31.12000084,,36.27999878,,,30.79999924,5.900000095,5.75,5.75,4.199999809,4.5,8.550000191,39.68000031,5.980000019,5.5,,11.10000038,9.199999809,4.150000095,,,3.799999952,,6.050000191,6.75,4.71999979,,6.949999809,8.0,6.130000114,5.849999905,,7.230000019,2.910000086
1.1373E+14,Ammapet1,Ground water,Cgwb,Tamil nadu,Erode,Anthiyur,Manual,Anthiyur,Ammapet,11.625,77.7167,1998-11-05,2025-01-30,Bore well,Unconfined,31,HGZ,MANUAL-Water Level,m,6.119999886,8.329999924,7.130000114,5.139999866,5.0,6.789999962,4.320000172,,5.269999981,8.5,,7.599999905,3.799999952,10.55000019,11.05000019,8.93999958,8.5,11.60000038,10.31000042,6.199999809,5.400000095,5.809999943,,3.460000038,4.75,6.420000076,7.090000153,5.110000134,5.440000057,9.260000229,5.159999847,5.050000191,4.699999809,4.840000153,6.25,4.949999809,,5.53000021,5.670000076,3.549999952,5.650000095,6.559999943,5.849999905,3.5,5.619999886,6.099999905,7.5,2.25,5.0,7.480000019,,6.599999905,7.199999809,9.600000381,,5.269999981,3.599999905,7.599999905,8.800000191,,4.96999979,4.75,6.71999979,5.099999905,,7.300000191,7.75,8.350000381,8.550000191,10.64999962,9.329999924,6.309999943,7.400000095,7.170000076,5.909999847,5.300000191,5.579999924,6.960000038,6.400000095,3.900000095,6.25,,5.550000191,5.099999905,4.860000134,,,4.900000095,5.300000191,5.599999905,,4.110000134,5.300000191,7.400000095,8.699999809,7.990000248,9.039999962,,7.789999962,5.809999943
1.1371E+14,Ammapet2,Ground water,Cgwb,Tamil nadu,Erode,Anthiyur,Manual,Anthiyur,Ammapet,11.6194,77.7444,1996-01-05,2025-01-30,Dug well,Unconfined,11.05,HGZ,MANUAL-Water Level,m,3.450000048,5.670000076,6.349999905,3.769999981,2.789999962,4.349999905,7.579999924,2.650000095,3.25999999,6.159999847,8.0,7.460000038,8.800000191,,,7.639999866,8.399999619,10.25,9.619999886,4.5,3.849999905,3.75999999,,0.699999988,2.089999914,3.799999952,5.900000095,1.799999952,2.450000048,5.800000191,7.400000095,3.829999924,2.480000019,3.400000095,4.699999809,2.599999905,4.050000191,4.590000153,5.010000229,3.400000095,3.099999905,4.889999866,6.75,3.150000095,2.980000019,6.5,4.550000191,2.200000048,2.450000048,5.679999828,,5.699999809,6.800000191,,10.10000038,3.619999886,4.0,9.359999657,7.099999905,,3.150000095,5.550000191,5.5,3.170000076,,5.199999809,6.119999886,7.900000095,8.350000381,9.56000042,8.399999619,6.360000134,7.079999924,6.639999866,5.679999828,4.71999979,4.730000019,5.570000172,7.099999905,3.700000048,4.25,,5.650000095,4.800000191,4.880000114,,,4.349999905,4.050000191,4.429999828,4.369999886,1.899999976,2.850000143,4.849999905,6.400000095,7.079999924,7.25,,9.159999847,6.099999905
1.13127E+14,Attani,Ground water,Cgwb,Tamil nadu,Erode,Anthiyur,Manual,Anthiyur,Attani,11.5242,77.5167,1996-01-05,2025-01-30,Dug well,Unconfined,19.4,HGZ,MANUAL-Water Level,m,9.319999695,15.46000004,10.55000019,9.319999695,10.0,13.39999962,12.97999954,11.80000019,11.10000038,13.34000015,13.80000019,6.260000229,11.60000038,13.46000004,12.81000042,17.15999985,11.85999966,17.15999985,12.77999973,6.760000229,10.56000042,10.67000008,,5.159999847,9.199999809,8.479999542,,6.510000229,8.840000153,12.65999985,12.56000042,5.099999905,7.860000134,9.359999657,8.56000042,8.760000229,10.81000042,10.85999966,10.68999958,10.22999954,10.71000004,11.21000004,7.159999847,4.610000134,11.51000023,9.460000038,9.56000042,8.460000038,8.06000042,11.96000004,,11.06000042,12.56000042,13.85999966,14.26000023,9.460000038,16.05999947,13.03999996,14.15999985,,13.15999985,9.970000267,11.51000023,8.130000114,,12.35999966,12.53999996,12.35999966,12.80000019,15.46000004,13.94999981,10.18000031,13.76000023,11.13000011,9.880000114,7.699999809,11.56000042,11.47999954,12.21000004,6.360000134,11.71000004,,9.010000229,8.81000042,10.19999981,,12.18000031,6.380000114,,11.26000023,7.760000229,6.260000229,8.86000061,9.93999958,11.32999992,8.710000038,8.840000153,9.800000191,11.06999969,8.050000191
1.1483E+14,Bhavani1,Ground water,Cgwb,Tamil nadu,Erode,Anthiyur,Manual,Anthiyur,Bhavani,11.8083,77.5333,1996-01-05,2025-01-30,Dug well,Unconfined,10.6,HGZ,MANUAL-Water Level,m,8.720000267,8.979999542,8.25,7.75,8.289999962,9.239999771,8.170000076,8.68999958,8.529999733,9.510000229,9.649999619,8.670000076,8.850000381,9.569999695,9.300000191,8.43999958,8.569999695,9.109999657,8.619999886,8.619999886,8.069999695,9.090000153,,5.769999981,7.75,8.630000114,7.769999981,8.039999962,7.840000153,8.220000267,7.369999886,7.590000153,7.869999886,8.470000267,6.869999886,,7.420000076,7.460000038,6.869999886,5.71999979,7.170000076,7.96999979,7.340000153,7.619999886,7.610000134,8.069999695,7.46999979,7.570000172,7.369999886,8.270000458,,8.069999695,,8.770000458,7.96999979,7.880000114,8.270000458,8.550000191,8.119999886,,7.96999979,8.619999886,7.96999979,,,8.489999771,8.489999771,8.020000458,8.600000381,9.050000191,9.409999847,8.039999962,8.869999886,8.569999695,7.5,7.590000153,8.239999771,8.970000267,8.020000458,7.849999905,8.319999695,,7.71999979,5.71999979,8.699999809,,7.46999979,7.150000095,7.46999979,7.96999979,6.769999981,,7.670000076,8.369999886,7.96999979,7.670000076,7.730000019,8.81000042,7.269999981,7.46999979
1.10945E+14,Chennimalai2,Ground water,Cgwb,Tamil nadu,Erode,Perundurai,Manual,Perundurai,Chennimalai,11.1625,77.5972,1996-01-05,2025-01-30,Dug well,Unconfined,17.2,HGZ,MANUAL-Water Level,m,6.429999828,7.420000076,7.96999979,7.929999828,7.769999981,9.020000458,9.890000343,7.329999924,6.659999847,8.840000153,10.01000023,13.17000008,10.97000027,,,11.97000027,9.470000267,13.53999996,8.369999886,7.369999886,6.769999981,7.510000229,,6.46999979,4.909999847,6.170000076,7.170000076,5.829999924,4.769999981,6.269999981,8.569999695,6.5,4.789999962,5.519999981,5.820000172,5.21999979,5.269999981,6.519999981,7.670000076,8.270000458,6.369999886,7.010000229,7.329999924,5.579999924,4.019999981,4.670000076,5.269999981,4.820000172,3.069999933,5.670000076,,6.369999886,7.170000076,7.96999979,8.369999886,6.320000172,6.320000172,7.170000076,7.659999847,,6.300000191,6.099999905,7.21999979,6.150000095,,6.070000172,5.960000038,6.519999981,6.670000076,9.659999847,7.829999924,7.159999847,7.460000038,7.0,7.400000095,,7.070000172,7.909999847,8.020000458,6.369999886,6.170000076,,6.019999981,5.46999979,5.96999979,,5.789999962,5.039999962,4.849999905,4.949999809,5.0,2.74000001,5.019999981,5.610000134,5.96999979,5.669999599,6.349999905,6.319999695,6.849999905,5.96999979
1.1233E+14,Chittodu,Ground water,Cgwb,Tamil nadu,Erode,Erode,Manual,Erode,Chittodu,11.3917,77.6778,1996-01-05,2025-01-30,Dug well,Unconfined,14.3,HGZ,MANUAL-Water Level,m,5.079999924,5.429999828,4.599999905,2.920000076,2.970000029,4.179999828,6.840000153,2.779999971,5.550000191,6.980000019,7.840000153,5.380000114,6.139999866,8.539999962,2.529999971,7.320000172,7.789999962,,5.340000153,2.440000057,4.28000021,2.769999981,,0.540000021,2.059999943,3.589999914,5.989999771,3.420000076,3.569999933,5.340000153,7.539999962,4.099999905,3.190000057,5.840000153,4.889999866,5.690000057,3.74000001,5.0,,6.739999771,6.440000057,7.900000095,6.889999866,3.730000019,3.640000105,6.440000057,5.639999866,6.139999866,3.99000001,5.239999771,,6.289999962,6.239999771,7.440000057,7.699999809,5.110000134,7.239999771,10.61999989,8.789999962,,6.340000153,6.889999866,8.789999962,4.900000095,,7.699999809,9.579999924,12.03999996,12.39999962,12.06000042,9.119999886,12.0,11.73999977,12.03999996,11.03999996,6.539999962,6.889999866,7.28000021,10.53999996,4.340000153,6.139999866,,7.840000153,3.410000086,8.539999962,,7.380000114,3.119999886,2.789999962,5.840000153,8.239999771,2.890000105,2.74000001,3.49000001,6.139999866,2.980000019,2.789999962,4.039999962,3.549999952,4.340000153
1.044E+14,Dharapuram1,Ground water,Cgwb,Tamil nadu,Erode,Dharapuram,Manual,Dharapuram,Dharapuram,10.7333,77.5333,1998-11-05,2025-01-30,Bore well,Unconfined,79.5,HGZ,MANUAL-Water Level,m,2.400000095,,3.079999924,1.830000043,1.450000048,2.650000095,2.410000086,,,,5.46999979,2.900000095,3.410000086,5.650000095,6.480000019,8.43999958,4.300000191,6.019999981,5.920000076,1.450000048,2.5,3.130000114,,1.899999976,1.440000057,2.799999952,3.400000095,1.720000029,2.119999886,,2.400000095,,1.399999976,2.599999905,1.870000005,1.100000024,1.460000038,2.059999943,1.950000048,1.649999976,1.779999971,4.099999905,4.800000191,,1.779999971,2.900000095,3.599999905,4.25,1.700000048,3.529999971,,2.799999952,6.0,,,2.849999905,3.700000048,5.099999905,5.050000191,,3.200000048,2.299999952,4.599999905,2.470000029,,3.25,3.839999914,4.400000095,4.380000114,8.5,9.869999886,3.150000095,2.599999905,3.460000038,2.599999905,1.899999976,2.00999999,3.799999952,5.150000095,2.880000114,4.0,,4.199999809,1.149999976,1.399999976,,2.450000048,,0.879999995,2.049999952,2.269999981,1.279999971,1.399999976,2.25,2.599999905,2.150000095,1.950000048,,3.180000067,1.679999948
1.1114E+14,Elmattur,Ground water,Cgwb,Tamil nadu,Erode,Erode,Manual,Erode,Elmattur,11.1944,77.7792,1996-01-05,2025-01-30,Dug well,Unconfined,9.65,HGZ,MANUAL-Water Level,m,7.599999905,3.609999895,6.210000038,2.349999905,1.889999986,4.570000172,8.619999886,0.579999983,0.910000026,1.710000038,0.839999974,2.190000057,3.49000001,7.440000057,7.300000191,3.99000001,6.440000057,6.239999771,5.639999866,2.190000057,1.340000033,4.210000038,,3.49000001,1.730000019,3.640000105,6.429999828,0.720000029,4.110000134,3.789999962,6.170000076,3.5,1.519999981,1.99000001,2.940000057,1.340000033,1.409999967,4.639999866,5.769999981,4.639999866,2.789999962,2.289999962,3.890000105,1.090000033,1.539999962,1.690000057,6.340000153,4.889999866,2.49000001,5.039999962,,7.590000153,7.389999866,,8.289999962,2.190000057,,7.389999866,7.989999771,,4.190000057,3.190000057,6.889999866,1.690000057,,5.989999771,6.46999979,8.140000343,7.989999771,7.940000057,7.349999905,7.5,6.460000038,6.320000172,2.890000105,1.139999986,1.659999967,4.659999847,6.820000172,2.190000057,2.390000105,,1.940000057,1.289999962,1.039999962,,6.849999905,5.480000019,3.690000057,1.539999962,1.789999962,1.24000001,1.139999986,2.190000057,4.489999771,2.769999981,3.119999886,3.609999895,4.829999924,1.439999938
1.12E+14,Erode2,Ground water,Cgwb,Tamil nadu,Erode,Erode,Manual,Erode,Erode,11.3333,77.7333,1996-01-05,2024-11-30,Dug well,Unconfined,12,HGZ,MANUAL-Water Level,m,4.309999943,6.340000153,5.019999981,3.950000048,4.730000019,7.849999905,5.400000095,1.789999962,4.28000021,,,2.549999952,4.670000076,,6.590000153,1.149999976,8.75,5.25,8.75,5.400000095,5.199999809,6.179999828,,,3.549999952,6.25,6.25,3.920000076,4.150000095,5.25,5.949999809,2.400000095,2.900000095,10.69999981,6.900000095,6.400000095,5.349999905,7.050000191,7.389999866,6.989999771,7.150000095,7.329999924,7.0,6.610000134,6.550000191,6.449999809,5.75,3.450000048,6.050000191,,,5.25,6.050000191,6.75,5.690000057,5.53000021,5.949999809,6.199999809,7.0,5.650000095,4.929999828,5.199999809,6.150000095,5.25,,6.53000021,7.25,7.349999905,7.150000095,8.149999619,8.090000153,5.949999809,6.75,6.550000191,6.96999979,6.449999809,4.309999943,6.0,7.650000095,5.329999924,6.550000191,,6.650000095,5.050000191,8.199999809,,5.349999905,3.650000095,4.550000191,7.599999905,5.300000191,5.420000076,5.400000095,5.449999809,6.449999809,6.510000229,7.349999905,8.369999886,7.929999828,6.880000114
1.1273E+14,Gobichettipalayam1,Ground water,Cgwb,Tamil nadu,Erode,Gobichettipalayam,Manual,Gobichettipalayam,Gobichettipalayam,11.4583,77.4458,1996-01-05,2025-01-30,Dug well,Unconfined,20.5,HGZ,MANUAL-Water Level,m,3.720000029,7.659999847,7.170000076,2.140000105,2.450000048,6.53000021,8.159999847,6.010000229,7.269999981,,9.81000042,4.610000134,5.809999943,10.60999966,7.760000229,7.329999924,8.460000038,8.31000042,8.260000229,3.210000038,3.710000038,6.239999771,,0.810000002,2.059999943,2.710000038,4.679999828,2.539999962,2.410000086,6.159999847,6.110000134,2.140000105,1.809999943,3.390000105,4.860000134,3.210000038,3.25999999,4.559999943,6.309999943,5.590000153,5.659999847,6.480000019,5.960000038,0.930000007,2.309999943,3.109999895,,4.409999847,4.809999943,7.559999943,,2.599999905,7.210000038,8.010000229,10.81000042,5.739999771,,9.090000153,8.840000153,,8.18999958,9.600000381,7.110000134,3.809999943,,9.359999657,9.159999847,11.51000023,11.51000023,10.76000023,9.119999886,5.329999924,10.01000023,4.71999979,1.99000001,2.410000086,4.309999943,7.929999828,9.659999847,4.659999847,,,3.559999943,2.609999895,3.109999895,,7.75,1.700000048,2.74000001,4.860000134,3.890000105,1.559999943,2.309999943,3.339999914,5.510000229,2.659999847,2.710000038,6.170000076,5.460000038,2.589999914
1.127E+14,Indiampalayam,Ground water,Cgwb,Tamil nadu,Erode,Sathyamangalam,Manual,Sathyamangalam,Indiampalayam,11.45,77.2694,1996-01-05,2025-01-30,Dug well,Unconfined,12.52,HGZ,MANUAL-Water Level,m,1.460000038,5.570000172,5.329999924,3.519999981,2.160000086,5.309999943,,,2.220000029,,6.289999962,4.420000076,,6.670000076,6.309999943,4.650000095,3.5,,6.25,4.599999905,2.670000076,3.960000038,,7.570000172,1.090000033,2.349999905,4.449999809,2.059999943,2.309999943,3.150000095,3.849999905,0.469999999,0.550000012,2.390000105,2.829999924,2.450000048,3.400000095,3.400000095,3.690000057,1.669999957,1.0,2.539999962,2.400000095,0.769999981,1.389999986,2.549999952,3.099999905,3.349999905,1.0,2.650000095,,1.850000024,3.049999952,4.949999809,4.849999905,3.289999962,3.75,4.550000191,4.849999905,,1.399999976,3.849999905,7.75,4.349999905,,4.900000095,4.800000191,4.349999905,5.710000038,6.730000019,7.210000038,3.890000105,4.670000076,3.849999905,3.089999914,1.799999952,3.25,3.710000038,4.449999809,1.0,2.700000048,,5.650000095,5.199999809,6.150000095,,4.920000076,0.600000024,1.279999971,3.150000095,3.25,0.949999988,2.029999971,2.349999905,3.099999905,0.580000043,0.850000024,2.549999952,2.680000067,1.450000048
1.1001E+14,Kangayam2,Ground water,Cgwb,Tamil nadu,Erode,Kangeyam,Manual,Kangeyam,Kangayam,11.0028,77.5625,1996-01-05,2025-01-30,Dug well,Unconfined,24.4,HGZ,MANUAL-Water Level,m,5.550000191,6.010000229,6.440000057,6.179999828,6.019999981,7.539999962,9.729999542,8.56000042,8.5,11.78999996,14.44999981,11.52000046,13.53999996,15.47999954,18.12000084,11.67000008,10.92000008,14.52000046,18.15999985,21.12000084,12.81999969,14.35999966,,6.96999979,3.940000057,4.820000172,5.960000038,5.789999962,4.170000076,5.21999979,7.170000076,6.119999886,4.619999886,5.320000172,5.920000076,4.619999886,4.519999981,6.519999981,9.020000458,,6.820000172,8.729999542,9.369999886,6.28000021,3.579999924,5.170000076,7.71999979,9.119999886,5.320000172,8.050000191,,6.199999809,11.61999989,,,12.02000046,13.77000046,,17.62000084,9.020000458,9.590000153,9.420000076,9.420000076,9.989999771,,9.569999695,10.64000034,13.67000008,15.47000027,21.96999931,13.77000046,11.02000046,10.34000015,8.170000076,,8.100000381,8.539999962,11.59000015,13.36999989,14.72000027,17.12000084,,16.12000084,13.77999973,7.420000076,,7.550000191,7.300000191,6.300000191,6.820000172,7.619999886,6.170000076,4.170000076,2.769999981,6.71999979,6.989999771,7.21999979,8.590000153,12.09000015,8.960000038
1.1272E+14,Kasipalayam,Ground water,Cgwb,Tamil nadu,Erode,Gobichettipalayam,Manual,Gobichettipalayam,Kasipalayam,11.4556,77.3394,1996-01-05,2025-01-30,Dug well,Unconfined,19.15,HGZ,MANUAL-Water Level,m,1.419999957,9.640000343,11.5,5.679999828,5.130000114,9.619999886,11.5,3.039999962,2.279999971,11.53999996,12.11999989,9.899999619,11.22000027,11.72999954,12.35999966,10.89999962,12.0,11.19999981,11.94999981,7.5,6.800000191,6.03000021,,0.600000024,2.25999999,2.599999905,9.619999886,2.799999952,3.599999905,7.699999809,11.19999981,1.049999952,1.649999976,6.5,9.449999809,4.400000095,5.0,6.650000095,11.93000031,1.25,3.25,8.0,10.72999954,3.079999924,3.75,7.199999809,16.39999962,6.099999905,1.850000024,10.89999962,,,15.0,16.95000076,16.79999924,7.090000153,7.349999905,12.27000046,16.70000076,,1.799999952,8.399999619,17.79999924,6.159999847,,11.10000038,11.60000038,17.89999962,18.10000038,15.77999973,15.10000038,8.119999886,9.829999924,8.449999809,6.809999943,3.299999952,3.930000067,8.119999886,11.0,1.799999952,5.800000191,,6.0,4.800000191,5.159999847,,,1.100000024,,6.5,6.199999809,,3.200000048,2.099999905,7.599999905,0.569999993,1.100000024,11.03999996,9.050000191,3.350000143
1.1252E+14,Kavundapadi1,Ground water,Cgwb,Tamil nadu,Erode,Bhavani,Manual,Bhavani,Kavundapadi,11.4222,77.5583,1996-01-05,2025-01-30,Dug well,Unconfined,16.3,HGZ,MANUAL-Water Level,m,4.289999962,5.28000021,7.96999979,4.889999866,5.179999828,5.579999924,9.710000038,4.28000021,2.440000057,6.320000172,7.409999847,9.960000038,9.159999847,12.26000023,13.43000031,12.81000042,13.27999973,13.60000038,14.72000027,7.460000038,6.110000134,4.460000038,,14.96000004,1.879999995,4.809999943,6.639999866,5.920000076,2.529999971,5.110000134,6.260000229,3.50999999,2.880000114,3.859999895,4.760000229,4.360000134,3.859999895,5.900000095,9.479999542,4.610000134,3.859999895,6.25,5.53000021,2.359999895,3.25999999,6.059999943,6.710000038,3.559999943,5.860000134,7.5,,8.460000038,9.56000042,12.60000038,15.40999985,7.289999962,6.809999943,9.260000229,13.51000023,,3.529999971,5.710000038,7.010000229,5.860000134,,6.059999943,7.559999943,11.31000042,12.81000042,14.71000004,14.31000042,8.529999733,6.059999943,5.860000134,7.820000172,4.159999847,4.639999866,4.78000021,8.260000229,3.160000086,3.50999999,,5.510000229,5.960000038,5.559999943,,6.130000114,1.799999952,2.25999999,2.809999943,3.460000038,2.089999914,2.960000038,3.960000038,5.860000134,4.010000229,2.50999999,4.160000324,5.050000191,3.890000105
1.13212E+14,Krishnapuram,Ground water,Cgwb,Tamil nadu,Erode,Anthiyur,Manual,Anthiyur,Krishnapuram,11.5367,77.7097,1996-01-05,2025-01-30,Dug well,Unconfined,19.5,HGZ,MANUAL-Water Level,m,1.690000057,12.18000031,7.420000076,1.320000052,3.0,11.44999981,14.10999966,1.379999995,2.960000038,14.39999962,17.98999977,8.340000153,7.659999847,,18.70999908,18.76000023,13.06000042,18.76000023,17.90999985,1.860000014,2.660000086,8.399999619,,1.519999981,2.319999933,10.81000042,9.800000191,0.879999995,2.460000038,2.859999895,8.06000042,1.909999967,3.480000019,8.06000042,12.35999966,3.25999999,7.159999847,9.609999657,16.55999947,2.460000038,2.160000086,10.31000042,12.96000004,1.379999995,3.170000076,10.81000042,8.0,2.00999999,3.309999943,8.56000042,,12.71000004,17.61000061,18.76000023,9.760000229,2.190000057,4.159999847,13.76000023,17.01000023,,4.460000038,11.51000023,17.65999985,3.980000019,,18.05999947,,18.76000023,18.65999985,18.76000023,17.77000046,12.48999977,15.14999962,15.55000019,14.09000015,2.069999933,6.059999943,13.02999973,13.01000023,1.75999999,6.909999847,,3.859999895,2.109999895,3.519999981,,,2.549999952,3.400000095,6.559999943,,2.460000038,3.25999999,7.659999847,12.65999985,11.13000011,11.96000004,18.07999992,15.48999977,2.289999962
1.0473E+14,Mulanur2,Ground water,Cgwb,Tamil nadu,Erode,Dharapuram,Manual,Dharapuram,Mulanur,10.7917,77.7083,1996-01-05,2025-01-30,Dug well,Unconfined,9.55,HGZ,MANUAL-Water Level,m,6.480000019,8.319999695,10.52000046,8.93999958,8.369999886,4.039999962,12.80000019,8.739999771,8.079999924,15.14000034,,6.039999962,6.139999866,8.539999962,8.880000114,8.539999962,8.640000343,,8.789999962,,2.039999962,,,7.760000229,4.159999847,6.539999962,6.369999886,7.71999979,8.140000343,8.239999771,8.289999962,14.03999996,4.889999866,6.340000153,7.739999771,7.340000153,6.440000057,7.539999962,8.239999771,8.68999958,6.639999866,8.170000076,9.539999962,4.340000153,3.49000001,4.409999847,6.340000153,5.940000057,4.190000057,8.039999962,,5.739999771,7.539999962,8.739999771,,8.840000153,8.18999958,8.039999962,8.489999771,,6.869999886,2.789999962,3.890000105,3.690000057,,4.840000153,5.389999866,5.639999866,6.039999962,6.860000134,8.789999962,3.710000038,4.239999771,4.639999866,8.43999958,7.639999866,5.019999981,6.360000134,6.039999962,5.059999943,5.789999962,,5.090000153,3.49000001,3.289999962,,5.449999809,3.450000048,2.839999914,4.989999771,8.239999771,6.139999866,5.039999962,3.640000105,8.789999962,,3.869999886,4.379999638,5.559999943,2.890000105
1.1023E+14,Muttur1,Ground water,Cgwb,Tamil nadu,Erode,Kangeyam,Manual,Kangeyam,Muttur,11.0417,77.7333,1996-01-05,2025-01-30,Dug well,Unconfined,20.2,HGZ,MANUAL-Water Level,m,2.529999971,4.630000114,5.210000038,5.440000057,2.00999999,3.089999914,3.440000057,3.160000086,2.880000114,4.690000057,5.489999771,4.489999771,4.869999886,7.420000076,11.06999969,11.43999958,11.90999985,15.28999996,15.21000004,9.789999962,6.039999962,6.710000038,,5.989999771,2.369999886,3.339999914,5.489999771,4.340000153,1.75,5.690000057,4.889999866,3.890000105,2.49000001,3.920000076,4.789999962,1.590000033,2.339999914,2.99000001,4.889999866,4.909999847,3.74000001,5.760000229,4.650000095,2.130000114,1.610000014,2.99000001,4.590000153,7.090000153,4.489999771,9.31000042,,11.18999958,12.09000015,,13.59000015,10.09000015,4.590000153,5.639999866,9.140000343,,4.239999771,5.940000057,3.539999962,2.829999924,,6.489999771,7.840000153,7.039999962,11.52000046,,14.73999977,6.420000076,4.559999943,5.880000114,7.789999962,5.289999962,5.670000076,5.559999943,9.989999771,9.18999958,10.09000015,,8.239999771,3.940000057,2.890000105,,,3.650000095,2.839999914,4.389999866,4.050000191,4.090000153,2.639999866,4.210000038,6.090000153,5.420000076,5.789999962,7.909999847,9.039999962,6.699999809
1.1201E+14,Nasiyanur,Ground water,Cgwb,Tamil nadu,Erode,Perundurai,Manual,Perundurai,Nasiyanur,11.3361,77.5861,1996-01-05,2025-01-30,Dug well,Unconfined,15.85,HGZ,MANUAL-Water Level,m,3.75,4.81,5.85,1.64,2.45,5.27,10.44,5.39,5.62,11.79,12.92,8.19,8.19,11.39,,11.37,11.44,10.89,1.59,0.79,1.29,1.74,,0.89,1.17,1.76,4.34,2.64,2.09,2.89,3.09,1.54,1.34,6.12,8.54,4.79,3.24,6.74,2.59,2.04,1.09,1.09,3.14,6.1,9.99,9.59,3.89,9.99,5.54,5.89,,2.95,,6.34,8.29,5.72,8.9,9.37,8.79,,6.44,14.34,6.59,6.01,,7.62,6.55,6.69,7.39,4.93,6.12,10.29,10.24,7.28,10.11,7.72,8.15,5.35,5.54,6.79,4.64,,1.89,3.14,6.84,,5.55,3.9,4.36,5.09,3.09,6.05,1.4900001,6.69,8.64,6.94,2.04,9.29,8.92,8.39
1.11645E+14,Perundurai1,Ground water,Cgwb,Tamil nadu,Erode,Perundurai,Manual,Perundurai,Perundurai,11.2792,77.5847,1996-01-05,2025-01-30,Dug well,Unconfined,24.95,HGZ,MANUAL-Water Level,m,8.979999542,12.21000004,12.60000038,8.930000305,9.180000305,13.0,14.69999981,11.03999996,10.97999954,16.92000008,20.53000069,12.82999992,14.42000008,17.07999992,15.96000004,13.32999992,19.15999985,16.52000046,14.02999973,11.43000031,11.18000031,14.43000031,,12.18000031,9.380000114,12.88000011,4.78000021,12.46000004,10.27999973,14.27999973,17.18000031,12.93000031,10.82999992,13.97999954,13.52999973,13.47999954,14.13000011,14.82999992,14.18000031,13.52999973,11.77999973,12.52999973,12.82999992,12.43000031,9.430000305,12.77999973,12.47999954,9.079999924,7.829999924,13.18000031,,13.13000011,15.27999973,14.07999992,15.32999992,14.28999996,17.28000069,18.68000031,16.57999992,,13.42000008,16.37999916,18.18000031,15.93000031,,18.37999916,18.22999954,18.47999954,19.51000023,22.28000069,21.97999954,14.38000011,18.30999947,14.60000038,14.13000011,13.5,14.96000004,19.12999916,20.82999992,13.57999992,16.82999992,,16.22999954,15.27999973,16.72999954,,15.30000019,14.44999981,15.38000011,16.18000031,14.47999954,12.97999954,12.43000031,17.18000031,15.38000011,9.680000305,9.210000038,11.38000011,,10.38000011
1.1073E+14,Unjalur,Ground water,Cgwb,Tamil nadu,Erode,Erode,Manual,Erode,Unjalur,11.125,77.875,1996-01-05,2025-01-30,Dug well,Unconfined,7,HGZ,MANUAL-Water Level,m,3.690000057,4.300000191,3.619999886,3.450000048,3.680000067,3.650000095,3.430000067,2.869999886,4.190000057,4.440000057,4.300000191,3.450000048,3.25,5.579999924,5.690000057,5.449999809,5.599999905,4.75,3.75,2.950000048,3.329999924,4.050000191,,3.25,3.349999905,3.75,3.680000067,3.309999943,3.930000067,6.25,3.549999952,3.599999905,3.569999933,3.799999952,3.24000001,3.5,3.400000095,6.150000095,3.670000076,3.700000048,3.349999905,3.569999933,3.400000095,3.390000105,3.539999962,4.550000191,4.5,3.549999952,3.549999952,4.880000114,,2.549999952,3.950000048,5.800000191,5.550000191,3.529999971,3.75,5.300000191,,3.119999886,3.400000095,3.630000114,3.549999952,3.400000095,,4.349999905,4.929999828,5.300000191,5.510000229,6.349999905,6.25,3.400000095,3.849999905,3.900000095,3.099999905,3.25,3.349999905,3.700000048,4.449999809,3.369999886,3.599999905,,3.349999905,3.0,3.400000095,,3.880000114,3.650000095,3.450000048,3.650000095,3.25,3.180000067,1.299999952,3.670000076,3.099999905,3.140000105,3.450000048,4.260000229,3.220000029,3.190000057
1.12905E+14,Urachikottai,Ground water,Cgwb,Tamil nadu,Erode,Bhavani,Manual,Bhavani,Urachikottai,11.4847,77.6917,1998-11-05,2025-01-30,Bore well,Unconfined,31,HGZ,MANUAL-Water Level,m,3.549999952,5.429999828,,1.929999948,0.860000014,3.910000086,5.570000172,,,3.900000095,7.309999943,5.639999866,6.099999905,,7.670000076,4.579999924,6.699999809,6.550000191,6.659999847,5.210000038,5.070000172,3.5,,0.100000001,,10.94999981,4.010000229,2.019999981,1.649999976,4.460000038,1.919999957,2.700000048,1.600000024,2.200000048,2.680000067,,2.390000105,3.799999952,4.699999809,4.699999809,3.950000048,5.420000076,6.010000229,2.089999914,1.610000014,2.5,3.0,0.349999994,1.5,4.940000057,,5.5,7.699999809,,8.800000191,6.0,7.599999905,8.079999924,8.699999809,,3.569999933,4.900000095,7.0,5.809999943,,6.900000095,5.150000095,6.949999809,7.670000076,,8.819999695,2.089999914,4.139999866,5.0,5.679999828,4.800000191,4.920000076,10.31999969,8.25,2.200000048,4.300000191,,1.75,1.75,2.079999924,,6.239999771,2.569999933,2.339999914,3.970000029,5.139999866,1.149999976,1.550000072,5.599999905,6.550000191,5.990000248,3.529999971,,6.320000172,4.160000324
1.0533E+14,Uthiyur,Ground water,Cgwb,Tamil nadu,Erode,Kangeyam,Manual,Kangeyam,Uthiyur,10.8917,77.5292,1996-01-05,2025-01-30,Dug well,Unconfined,11.9,HGZ,MANUAL-Water Level,m,4.960000038,7.800000191,7.840000153,7.539999962,6.5,6.840000153,8.369999886,7.199999809,6.650000095,8.960000038,10.84000015,10.48999977,8.779999733,11.34000015,10.52000046,5.869999886,6.369999886,8.489999771,9.609999657,8.43999958,6.940000057,7.369999886,,6.190000057,4.599999905,6.309999943,7.440000057,7.380000114,4.940000057,6.239999771,8.640000343,8.239999771,3.089999914,5.840000153,8.239999771,6.989999771,7.139999866,8.090000153,9.239999771,,6.789999962,7.78000021,7.739999771,5.340000153,4.889999866,3.839999914,6.340000153,5.139999866,4.940000057,7.139999866,,7.539999962,8.239999771,9.090000153,9.890000343,7.590000153,7.940000057,10.23999977,3.599999905,,5.739999771,7.590000153,8.390000343,7.389999866,,8.68999958,9.289999962,10.19999981,9.960000038,10.38000011,10.78999996,6.929999828,7.059999943,5.329999924,7.590000153,6.869999886,8.159999847,9.239999771,9.239999771,5.269999981,6.889999866,,7.739999771,7.389999866,7.389999866,,6.199999809,8.670000076,5.150000095,10.34000015,7.440000057,5.690000057,3.640000105,5.409999847,5.989999771,6.539999962,6.260000229,8.079999924,7.460000038,7.789999962
1.25E+14,Kancheepuram,Ground water,Cgwb,Tamil nadu,Kancheepuram,Kancheepuram,Manual,Kancheepuram,Kancheepuram,12.8333,79.7083,1996-01-05,2025-01-30,Dug well,Unconfined,17.1,HGZ,MANUAL-Water Level,m,5.869999886,6.78000021,6.179999828,6.929999828,5.179999828,6.670000076,6.730000019,7.03000021,5.630000114,8.68999958,7.130000114,7.199999809,6.550000191,10.63000011,8.010000229,6.050000191,5.230000019,6.630000114,8.529999733,4.28000021,6.03000021,6.829999924,,5.25,3.410000086,5.070000172,5.889999866,4.929999828,7.53000021,6.78000021,7.929999828,6.230000019,5.929999828,5.300000191,3.599999905,6.829999924,5.670000076,7.230000019,9.550000191,8.029999733,6.03000021,9.529999733,6.829999924,8.300000191,6.429999828,11.18000031,11.32999992,8.680000305,,8.649999619,,11.22999954,9.979999542,10.52999973,,10.13000011,8.779999733,,,10.93000031,10.59000015,10.72999954,7.360000134,7.150000095,,5.480000019,6.929999828,6.329999924,6.130000114,7.380000114,6.929999828,5.659999847,5.78000021,7.03000021,8.529999733,7.230000019,8.329999924,11.43000031,10.27999973,6.179999828,6.179999828,,6.829999924,5.929999828,4.829999924,,6.630000114,5.829999924,3.660000086,5.449999809,5.5,5.730000019,5.529999733,5.630000114,6.630000114,,4.53000021,6.170000076,6.130000114,6.130000114
1.23145E+14,Madurantagam1,Ground water,Cgwb,Tamil nadu,Kancheepuram,Madhuranthagam,Manual,Madhuranthagam,Madurantagam,12.5292,79.9,1996-01-05,2025-01-30,Dug well,Unconfined,12,HGZ,MANUAL-Water Level,m,2.57,5.57,7.62,3.62,1.57,5.17,8.04,1.49,1.5,8.17,8.15,6.12,5.27,9.35,5.58,3.88,3.8,4.18,8.8,0.8,2.3,9.5,,2.15,2.12,7.12,6.34,3.2,4.65,12.2,7.44,3.0,0.9,3.85,,5.2,2.81,5.6,6.88,0.88,2.98,7.92,8.1,5.1,2.3,5.15,5.94,3.22,1.5,6.93,,3.79,3.9,7.0,6.62,3.55,5.31,6.96,8.33,,9.77,9.18,8.0,0.52,,6.05,6.9,5.9,5.9,7.84,6.65,2.15,5.2,7.7,8.9,,6.25,8.84,8.6,5.8,5.45,,7.8,4.35,1.7,,6.4,6.0,2.1,6.3,6.81,1.9,2.6,7.62,6.05,,1.3000001,6.42,7.9,4.0
1.2373E+14,Mahabalipuram,Ground water,Cgwb,Tamil nadu,Kancheepuram,Thirukalukundram,Manual,Thirukalukundram,Mahabalipuram,12.625,80.1917,1996-01-05,2025-01-30,Dug well,Unconfined,10,HGZ,MANUAL-Water Level,m,1.99,2.97,4.56,3.24,3.44,4.54,4.04,3.82,2.12,,4.43,3.15,2.91,5.05,3.84,4.3,3.05,3.27,4.6,3.05,2.55,3.55,,1.43,0.95,3.4,3.95,2.75,2.83,4.05,3.31,2.0,0.95,3.03,3.95,3.25,2.33,4.0,5.52,1.85,2.55,3.95,3.55,2.26,1.6,3.29,3.77,2.05,1.75,2.86,,1.97,2.6,3.79,4.82,3.55,3.5,4.16,4.38,3.42,3.15,4.2,4.55,4.15,,,3.17,2.85,3.35,4.13,4.5,2.85,,2.85,4.8,3.95,3.55,4.55,5.26,3.95,3.05,,4.05,3.45,1.74,,4.84,0.81,2.05,5.07,,3.95,1.9499999,3.35,,,0.87,4.55,4.0,3.35
1.25445E+14,Paddapai,Ground water,Cgwb,Tamil nadu,Kancheepuram,Sriperumbudur,Manual,Sriperumbudur,Paddapai,12.9125,80.0125,2000-01-05,2024-11-30,Bore well,Unconfined,36.9,HGZ,MANUAL-Water Level,m,2.200000048,6.300000191,7.480000019,5.260000229,,7.78000021,8.199999809,3.400000095,,7.21999979,9.100000381,4.28000021,4.400000095,8.090000153,8.390000343,4.650000095,6.900000095,7.949999809,9.260000229,4.829999924,4.269999981,7.360000134,,1.419999957,1.100000024,2.609999895,7.400000095,3.5,2.390000105,6.0,4.800000191,1.600000024,1.049999952,4.349999905,6.199999809,5.019999981,2.450000048,6.53000021,7.800000191,7.099999905,2.059999943,6.900000095,7.199999809,6.71999979,2.950000048,6.699999809,6.449999809,3.650000095,2.299999952,7.230000019,,6.699999809,5.690000057,,7.599999905,5.429999828,4.739999771,9.149999619,9.920000076,5.619999886,5.599999905,9.75,9.75,10.14999962,,6.539999962,6.820000172,7.199999809,4.400000095,9.75,8.800000191,,3.5,7.5,8.949999809,2.0,9.300000191,11.75,7.320000172,3.900000095,2.299999952,,6.900000095,7.550000191,1.330000043,,7.050000191,0.050000001,1.049999952,6.449999809,6.579999924,,3.0,8.5,6.400000095,,2.099999905,3.099999905,6.699999809,4.5
1.256E+14,Tambaram1,Ground water,Cgwb,Tamil nadu,Kancheepuram,St.thomas,Manual,St.thomas,Tambaram,12.9333,80.1333,1996-01-05,2025-01-30,Dug well,Unconfined,14,HGZ,MANUAL-Water Level,m,5.599999905,4.550000191,10.60000038,8.300000191,8.119999886,13.0,13.0,6.300000191,3.690000057,,9.800000191,4.349999905,5.5,10.97000027,11.25,5.800000191,6.300000191,8.0,10.05000019,4.449999809,5.869999886,7.800000191,,1.529999971,3.079999924,8.460000038,8.460000038,3.200000048,4.550000191,8.350000381,7.400000095,4.210000038,3.799999952,7.300000191,8.199999809,6.199999809,4.119999886,9.25,10.5,8.800000191,3.390000105,8.149999619,6.880000114,6.5,5.199999809,8.239999771,8.079999924,3.549999952,3.049999952,10.35999966,,5.099999905,5.199999809,9.699999809,5.980000019,4.599999905,4.670000076,9.449999809,8.399999619,3.200000048,4.400000095,10.42000008,9.800000191,8.899999619,,7.480000019,7.800000191,,4.800000191,8.5,,2.849999905,7.400000095,12.0,10.30000019,11.10000038,8.300000191,11.30000019,11.28999996,6.400000095,4.099999905,,8.399999619,5.300000191,3.549999952,,5.199999809,2.299999952,4.349999905,10.11999989,10.14999962,4.0,1.5,,3.5,,4.059999943,4.800000191,5.550000191,3.5
1.24415E+14,Thirumukkudal,Ground water,Cgwb,Tamil nadu,Kancheepuram,Uthiramerur,Manual,Uthiramerur,Thirumukkudal,12.7375,79.8417,2000-01-05,2025-01-30,Bore well,Unconfined,61.6,HGZ,MANUAL-Water Level,m,2.230000019,3.049999952,,2.400000095,,3.109999895,3.25,2.200000048,4.21999979,2.890000105,3.0,1.190000057,2.299999952,3.710000038,2.099999905,1.649999976,2.450000048,2.380000114,2.910000086,1.620000005,1.679999948,,,0.699999988,1.649999976,3.5,,3.299999952,2.150000095,2.950000048,2.329999924,1.450000048,,2.849999905,2.599999905,1.799999952,2.150000095,2.799999952,2.400000095,1.200000048,,2.049999952,0.699999988,3.299999952,1.25,2.059999943,1.919999957,1.399999976,1.330000043,3.099999905,,1.570000052,4.150000095,,2.339999914,1.919999957,2.460000038,3.279999971,2.839999914,1.460000038,2.099999905,3.450000048,2.599999905,0.720000029,,1.5,1.799999952,1.700000048,1.5,2.339999914,1.399999976,1.279999971,1.450000048,2.5,1.899999976,1.600000024,2.200000048,,2.599999905,1.5,2.0,,2.099999905,1.299999952,1.049999952,,2.700000048,1.600000024,,4.480000019,4.599999905,1.399999976,1.600000024,2.400000095,,,1.499999881,2.0,1.700000048,1.299999952
1.2363E+14,Uthiramerur2,Ground water,Cgwb,Tamil nadu,Kancheepuram,Uthiramerur,Manual,Uthiramerur,Uthiramerur,12.6083,79.7375,1996-01-05,2025-01-30,Dug well,Unconfined,12.75,HGZ,MANUAL-Water Level,m,2.650000095,6.800000191,8.100000381,4.199999809,5.699999809,8.100000381,8.0,2.099999905,2.450000048,6.369999886,7.199999809,4.599999905,,8.949999809,4.409999847,5.019999981,6.0,7.800000191,8.949999809,6.380000114,3.519999981,8.899999619,,7.179999828,2.119999886,5.630000114,7.159999847,4.599999905,3.720000029,8.5,6.400000095,2.25999999,1.940000057,5.199999809,,4.900000095,2.650000095,7.0,9.100000381,,3.200000048,8.0,7.949999809,4.539999962,2.150000095,5.130000114,5.650000095,3.849999905,2.349999905,5.699999809,,5.650000095,4.900000095,7.949999809,6.949999809,5.849999905,6.539999962,5.420000076,8.25,5.800000191,5.0,10.30000019,9.800000191,1.039999962,,4.349999905,6.400000095,5.25,6.300000191,8.720000267,7.900000095,2.299999952,4.46999979,6.900000095,7.5,7.199999809,6.099999905,9.43999958,9.220000267,4.900000095,4.349999905,,10.10000038,7.900000095,1.700000048,,6.699999809,,1.600000024,4.079999924,4.510000229,1.0,2.600000143,6.050000191,6.900000095,,2.0,5.900000095,5.199999809,4.599999905
1.2463E+14,Walajabad,Ground water,Cgwb,Tamil nadu,Kancheepuram,Kancheepuram,Manual,Kancheepuram,Walajabad,12.775,79.825,1996-01-05,2025-01-30,Dug well,Unconfined,12.85,HGZ,MANUAL-Water Level,m,5.630000114,9.949999809,7.0,6.099999905,6.800000191,6.869999886,7.949999809,2.599999905,4.420000076,7.360000134,7.71999979,2.349999905,5.570000172,10.02000046,1.610000014,2.450000048,4.0,4.019999981,6.179999828,1.320000052,4.300000191,6.179999828,,0.5,1.700000048,5.550000191,6.599999905,0.400000006,2.839999914,6.800000191,8.569999695,1.0,1.100000024,5.199999809,6.070000172,2.74000001,2.599999905,5.5,6.71999979,,1.320000052,6.800000191,0.980000019,0.800000012,2.099999905,4.909999847,2.150000095,0.980000019,0.899999976,5.690000057,,0.800000012,3.099999905,6.150000095,1.029999971,1.299999952,4.53000021,6.300000191,2.940000057,0.529999971,2.960000038,6.360000134,5.699999809,0.479999989,,5.25,6.5,3.940000057,3.900000095,6.699999809,5.25,1.350000024,4.369999886,6.25,6.849999905,5.199999809,5.449999809,7.730000019,8.0,1.200000048,3.299999952,,3.5,,1.399999976,,6.699999809,1.200000048,1.049999952,5.150000095,5.400000095,1.200000048,,8.899999619,3.5,,2.100000143,6.380000114,2.099999905,4.400000095
1.058E+14,Paramatti1,Ground water,Cgwb,Tamil nadu,Karur,Aravakurichi,Manual,Aravakurichi,Paramatti,10.9667,77.9125,1996-01-05,2025-01-30,Dug well,Unconfined,17.62,HGZ,MANUAL-Water Level,m,3.25,4.050000191,,5.039999962,,6.619999886,8.350000381,3.519999981,4.769999981,6.0,7.21999979,,6.460000038,9.430000305,10.64000034,8.380000114,6.980000019,8.520000458,9.609999657,7.199999809,7.679999828,9.779999733,,8.279999733,2.00999999,2.859999895,3.480000019,2.480000019,2.130000114,3.769999981,4.739999771,4.400000095,3.130000114,3.210000038,3.960000038,,2.079999924,3.480000019,4.980000019,2.380000114,3.420000076,2.230000019,,5.650000095,1.279999971,3.380000114,3.579999924,3.180000067,1.029999971,2.519999981,,3.180000067,3.779999971,5.739999771,,5.239999771,4.900000095,6.71999979,7.539999962,,1.879999995,2.160000086,3.150000095,2.880000114,,2.299999952,3.390000105,5.730000019,5.380000114,,7.289999962,4.380000114,2.880000114,2.5,,2.130000114,1.980000019,1.620000005,1.980000019,1.429999948,1.429999948,,1.0,1.279999971,0.779999971,,1.279999971,0.620000005,,1.730000019,1.929999948,,1.029999971,1.409999967,1.959999919,0.660000026,,1.879999995,1.129999995,0.079999998
1.234E+14,Anusonai,Ground water,Cgwb,Tamil nadu,Krishnagiri,Denganikottai,Manual,Denganikottai,Anusonai,12.5667,77.9,1996-01-05,2025-01-30,Dug well,Unconfined,16,HGZ,MANUAL-Water Level,m,4.789999962,8.760000229,7.710000038,3.559999943,7.179999828,8.359999657,8.75,2.859999895,8.25,9.020000458,8.539999962,,,7.989999771,8.039999962,6.989999771,7.690000057,6.639999866,5.960000038,3.710000038,7.460000038,7.860000134,7.159999847,0.409999996,3.569999933,6.960000038,6.880000114,6.659999847,7.179999828,7.460000038,7.059999943,6.860000134,6.559999943,10.15999985,5.559999943,4.860000134,,6.460000038,6.679999828,4.909999847,5.019999981,6.820000172,,5.909999847,5.679999828,6.610000134,6.809999943,3.960000038,5.710000038,7.360000134,,,6.760000229,7.260000229,7.559999943,6.690000057,6.860000134,7.809999943,6.269999981,,5.809999943,5.409999847,5.360000134,2.910000086,,5.78000021,2.609999895,3.440000057,5.0,4.800000191,5.599999905,1.570000052,,,6.199999809,5.800000191,5.650000095,3.730000019,2.900000095,0.300000012,0.50999999,,1.350000024,0.959999979,2.410000086,,2.349999905,2.0,2.25,1.75999999,1.019999981,0.800000012,3.409999847,0.930000007,7.169999599,2.299999952,3.359999895,3.00999999,2.650000095,
1.223E+14,Mattur2,Ground water,Cgwb,Tamil nadu,Krishnagiri,Uthangarai,Manual,Uthangarai,Mattur,12.3833,78.4167,2000-01-05,2025-01-30,Bore well,Unconfined,46.2,HGZ,MANUAL-Water Level,m,9.720000267,15.5,8.789999962,,8.0,10.26000023,10.22000027,3.75,6.300000191,9.859999657,10.64000034,9.539999962,7.400000095,12.27000046,10.60000038,7.710000038,8.960000038,11.69999981,9.699999809,5.840000153,7.300000191,9.149999619,11.68999958,2.849999905,4.199999809,7.400000095,8.960000038,8.600000381,8.75,11.19999981,8.399999619,8.199999809,8.100000381,8.800000191,9.899999619,9.699999809,10.10000038,,11.94999981,,10.46000004,13.60000038,11.18999958,11.31000042,10.64000034,12.5,11.14999962,9.720000267,14.89999962,12.39999962,,8.600000381,10.39999962,7.800000191,8.25,7.849999905,,9.949999809,10.39999962,,10.64999962,10.89999962,11.38000011,7.78000021,,10.18000031,10.14999962,10.85000038,,10.19999981,,8.100000381,,,12.63000011,10.13000011,10.52000046,12.84000015,12.30000019,10.0,9.449999809,,9.010000229,7.619999886,7.710000038,,8.479999542,7.0,5.090000153,5.610000134,5.139999866,4.880000114,5.180000305,6.090000153,,5.809999943,5.860000134,9.100000381,5.300000191,
1.00445E+14,Kadavoor,Ground water,Cgwb,Tamil nadu,Madurai,Madurai north,Manual,Madurai north,Kadavoor,10.0792,78.175,1996-01-05,2025-01-30,Dug well,Unconfined,8.2,HGZ,MANUAL-Water Level,m,3.369999886,5.150000095,5.800000191,5.849999905,6.210000038,7.550000191,6.5,4.96999979,5.5,6.300000191,6.599999905,0.680000007,2.130000114,5.28000021,3.809999943,4.510000229,5.21999979,6.150000095,7.550000191,0.899999976,1.24000001,4.650000095,5.050000191,3.150000095,1.049999952,5.690000057,4.78000021,3.849999905,4.449999809,5.360000134,5.230000019,4.75,3.619999886,4.800000191,5.380000114,3.960000038,4.309999943,6.400000095,6.099999905,6.449999809,5.139999866,6.300000191,6.440000057,0.540000021,2.49000001,3.589999914,4.130000114,1.440000057,0.939999998,3.640000105,,3.75999999,6.840000153,5.699999809,5.699999809,5.599999905,5.800000191,6.260000229,6.550000191,,4.239999771,5.099999905,6.28000021,,,,6.929999828,6.760000229,6.869999886,6.079999924,,4.690000057,5.690000057,,7.639999866,,6.039999962,8.899999619,7.96999979,5.400000095,5.75,,6.96999979,6.400000095,4.570000172,,5.21999979,3.650000095,,4.75,3.839999914,1.450000048,2.470000029,2.900000095,3.579999924,1.759999871,,4.239999771,2.170000076,1.179999948
1.00245E+14,Kallandri1,Ground water,Cgwb,Tamil nadu,Madurai,Madurai north,Manual,Madurai north,Kallandri,10.0458,78.2,1999-08-25,2025-01-30,Bore well,Unconfined,55.4,HGZ,MANUAL-Water Level,m,1.5,3.779999971,,2.200000048,,,2.299999952,1.470000029,1.379999995,4.25,5.139999866,1.559999943,7.199999809,5.210000038,5.21999979,5.630000114,2.059999943,4.400000095,4.400000095,0.899999976,1.559999943,2.170000076,2.730000019,1.429999948,1.5,,0.600000024,4.179999828,1.460000038,3.660000086,1.570000052,1.330000043,1.360000014,2.319999933,1.320000052,1.340000033,1.350000024,3.099999905,2.299999952,4.199999809,1.600000024,2.900000095,4.699999809,0.699999988,1.379999995,3.099999905,1.279999971,,1.899999976,3.599999905,,3.25,,,3.299999952,1.5,,5.28000021,7.440000057,,1.549999952,4.570000172,2.200000048,,,4.71999979,4.300000191,1.980000019,6.71999979,9.25,8.699999809,3.700000048,1.929999948,5.449999809,1.179999948,1.200000048,1.899999976,5.599999905,1.350000024,1.25,1.700000048,,1.350000024,1.200000048,0.800000012,,1.149999976,0.970000029,,3.650000095,1.0,0.980000019,,2.180000067,3.99000001,1.659999967,,1.919999957,0.980000019,1.149999976
1.132E+14,Ayilpatti,Ground water,Cgwb,Tamil nadu,Namakkal,Rasipuram,Manual,Rasipuram,Ayilpatti,11.5333,78.35,1996-01-05,2025-01-30,Dug well,Unconfined,22.47,HGZ,MANUAL-Water Level,m,5.159999847,9.300000191,11.73999977,12.43000031,11.23999977,23.10000038,21.21999931,20.93000031,17.04000092,22.10000038,19.39999962,11.64000034,21.95999908,21.35000038,13.5,11.35000038,19.29999924,9.300000191,9.5,17.0,6.699999809,11.21000004,,3.460000038,2.599999905,5.650000095,8.0,4.909999847,4.760000229,8.970000267,17.0,14.10000038,9.699999809,7.550000191,9.619999886,10.10000038,8.5,12.89999962,16.89999962,19.45000076,19.79999924,19.60000038,20.64999962,9.899999619,5.400000095,5.849999905,5.5,5.099999905,4.5,16.47999954,,16.39999962,,,22.29999924,10.19999981,,21.79999924,16.20000076,,15.39999962,16.39999962,18.75,15.19999981,,,14.85000038,12.80000019,16.87999916,17.5,17.17000008,7.269999981,16.03000069,,5.849999905,13.80000019,18.5,,12.39999962,8.579999924,12.69999981,,6.099999905,9.350000381,8.899999619,,9.25,7.0,10.31000042,12.39999962,17.29999924,5.840000153,7.25,13.85999966,11.10000038,2.720000029,13.60000038,10.68000031,9.369999886,10.44999981
1.11215E+14,Irumbapalam,Ground water,Cgwb,Tamil nadu,Namakkal,Paramathivellur,Manual,Paramathivellur,Irumbapalam,11.2042,77.9917,1996-01-05,2025-01-30,Dug well,Unconfined,17.9,HGZ,MANUAL-Water Level,m,1.179999948,3.190000057,2.210000038,1.330000043,1.730000019,1.450000048,2.980000019,1.360000014,2.519999981,3.450000048,4.019999981,1.149999976,2.130000114,3.609999895,2.559999943,1.799999952,2.299999952,2.099999905,2.5,1.5,2.24000001,1.870000005,,0.800000012,0.769999981,1.649999976,2.819999933,0.930000007,1.0,3.0,3.099999905,1.200000048,1.440000057,10.80000019,9.329999924,1.100000024,3.150000095,10.5,10.89999962,11.11999989,10.89999962,10.39999962,10.68000031,10.94999981,10.60000038,11.85000038,10.89999962,10.89999962,11.10000038,,,10.5,10.89999962,3.960000038,1.899999976,10.30000019,1.399999976,,10.69999981,,10.85000038,3.5,4.300000191,,,2.849999905,2.299999952,2.849999905,3.25,2.049999952,10.81000042,0.730000019,2.700000048,1.950000048,2.480000019,1.870000005,2.25,2.420000076,2.700000048,1.480000019,2.650000095,,1.549999952,1.600000024,1.879999995,,,1.279999971,1.5,1.5,1.0,0.75,1.0,1.399999976,2.150000095,1.140000105,1.899999976,4.010000229,4.21999979,3.549999952
1.12E+14,K.naickanpatti,Ground water,Cgwb,Tamil nadu,Namakkal,Namakkal,Manual,Namakkal,K.naickanpatti,11.3333,78.2458,1996-01-05,2025-01-30,Dug well,Unconfined,29.89,HGZ,MANUAL-Water Level,m,6.820000172,12.27000046,12.64000034,8.93999958,7.800000191,10.92000008,,11.5,,23.31999969,,18.93000031,9.399999619,,24.42000008,23.78000069,14.68000031,20.37999916,13.57999992,10.82999992,11.27999973,13.48999977,,6.230000019,1.50999999,3.880000114,5.429999828,3.640000105,7.579999924,8.93999958,11.68000031,7.380000114,7.21999979,9.079999924,11.27999973,4.730000019,5.630000114,10.18000031,10.06000042,,,21.11000061,13.93000031,12.27999973,15.47999954,12.38000011,13.18000031,13.43000031,13.68000031,17.37999916,,12.57999992,18.97999954,13.38000011,13.27999973,12.57999992,,7.679999828,13.57999992,,12.22999954,10.57999992,10.32999992,10.31000042,,12.02999973,11.07999992,11.97999954,11.07999992,12.88000011,12.09000015,5.849999905,7.090000153,8.960000038,8.149999619,9.699999809,10.72999954,11.82999992,9.579999924,6.829999924,9.680000305,,6.980000019,7.03000021,6.980000019,,8.369999886,4.800000191,7.0,7.78000021,6.699999809,5.28000021,6.980000019,7.010000229,7.679999828,6.919999599,7.179999828,7.590000153,7.090000153,6.819999695
1.131E+14,Kalipatti,Ground water,Cgwb,Tamil nadu,Namakkal,Thiruchengodu,Manual,Thiruchengodu,Kalipatti,11.5167,78.0361,1996-01-05,2025-01-30,Dug well,Unconfined,24,HGZ,MANUAL-Water Level,m,5.53000021,12.42000008,15.57999992,6.369999886,8.079999924,11.97999954,,6.739999771,8.869999886,12.97999954,11.88000011,9.079999924,10.18000031,21.37999916,9.029999733,9.079999924,8.100000381,10.77999973,12.07999992,11.68000031,13.97999954,15.68000031,,2.700000048,2.279999971,7.130000114,8.220000267,2.720000029,3.619999886,9.020000458,9.979999542,5.559999943,5.800000191,10.05000019,7.079999924,5.28000021,4.900000095,12.30000019,12.30000019,12.38000011,12.68000031,20.23999977,8.710000038,5.929999828,5.809999943,5.929999828,11.47999954,5.579999924,6.78000021,7.860000134,,8.979999542,10.68000031,,,8.779999733,8.979999542,23.18000031,10.60999966,,9.75,10.47999954,12.32999992,7.75,,14.02999973,8.729999542,,10.72999954,20.12999916,19.60000038,7.159999847,16.01000023,16.69000053,17.19000053,13.10000038,19.38999939,19.68000031,20.22999954,7.46999979,11.27999973,,16.03000069,9.329999924,11.47999954,,12.10000038,6.5,5.429999828,6.53000021,5.079999924,,3.480000019,6.800000191,6.880000114,6.109999657,7.28000021,11.69999981,6.980000019,5.509999752
1.131E+14,Metala,Ground water,Cgwb,Tamil nadu,Namakkal,Rasipuram,Manual,Rasipuram,Metala,11.5167,78.3417,1996-11-05,2025-01-30,Dug well,Unconfined,23.77,HGZ,MANUAL-Water Level,m,5.639999866,7.849999905,11.93999958,9.960000038,4.690000057,7.599999905,8.68999958,7.929999828,7.989999771,14.78999996,21.98999977,15.44999981,16.51000023,22.71999931,14.64999962,12.94999981,11.55000019,15.25,12.27000046,9.25,6.849999905,10.52999973,,5.75,2.589999914,2.670000076,5.400000095,4.269999981,3.5,8.090000153,10.44999981,14.14999962,9.949999809,7.400000095,6.550000191,5.300000191,4.199999809,4.480000019,6.820000172,8.149999619,8.100000381,12.47999954,11.25,6.650000095,4.0,3.900000095,4.849999905,4.050000191,3.150000095,9.399999619,,11.10000038,11.35000038,15.75,10.25,8.729999542,7.400000095,12.25,13.55000019,,10.14999962,18.54999924,14.85000038,14.52999973,,17.95000076,14.0,15.75,22.79999924,23.02000046,15.31000042,6.179999828,6.119999886,8.380000114,12.75,12.35000038,12.61999989,17.35000038,13.75,5.929999828,7.199999809,,2.200000048,11.55000019,10.5,,12.35000038,11.30000019,4.349999905,9.550000191,11.35000038,8.460000038,5.699999809,9.5,11.60000038,8.699999809,9.100000381,13.82999992,10.59000015,7.199999809
1.1034E+14,Mohanur,Ground water,Cgwb,Tamil nadu,Namakkal,Namakkal,Manual,Namakkal,Mohanur,11.0611,78.1417,1998-05-15,2025-01-30,Bore well,Unconfined,56.65,HGZ,MANUAL-Water Level,m,,3.359999895,3.190000057,2.720000029,2.599999905,,3.079999924,2.930000067,3.119999886,,,1.75,2.599999905,4.449999809,4.159999847,3.470000029,3.099999905,3.00999999,3.980000019,2.299999952,2.519999981,2.769999981,,,1.5,2.769999981,3.400000095,1.399999976,2.119999886,3.200000048,2.400000095,2.099999905,0.800000012,2.140000105,0.75999999,1.399999976,1.299999952,2.650000095,3.049999952,2.420000076,2.049999952,3.299999952,3.579999924,2.150000095,2.390000105,2.5,3.599999905,3.099999905,3.200000048,,,0.699999988,3.200000048,,5.5,2.730000019,2.779999971,4.199999809,4.699999809,,0.629999995,4.400000095,4.400000095,2.400000095,,4.400000095,4.199999809,4.800000191,4.619999886,5.329999924,2.920000076,4.110000134,4.429999828,5.579999924,5.570000172,,6.230000019,6.75,5.300000191,3.779999971,4.75,,4.900000095,,4.699999809,,4.050000191,2.200000048,2.25,3.650000095,3.599999905,3.190000057,3.799999952,1.25999999,,0.720000029,4.03000021,3.339999914,3.950000048,2.610000134
1.13045E+14,Mohanur1,Ground water,Cgwb,Tamil nadu,Namakkal,Rasipuram,Manual,Rasipuram,Mohanur,11.5125,78.1417,1996-01-05,2025-01-30,Dug well,Unconfined,4.3,HGZ,MANUAL-Water Level,m,1.480000019,2.289999962,2.019999981,1.519999981,1.179999948,2.160000086,2.0,1.159999967,,2.200000048,2.400000095,0.449999988,0.949999988,1.980000019,2.25,1.299999952,1.600000024,1.470000029,2.950000048,0.699999988,1.149999976,1.350000024,,0.5,0.560000002,1.200000048,1.360000014,0.370000005,0.860000014,1.649999976,1.100000024,0.449999988,0.550000012,1.100000024,0.800000012,0.600000024,0.550000012,1.350000024,,1.350000024,0.850000024,1.49000001,1.700000048,0.689999998,0.680000007,1.0,1.200000048,0.699999988,0.850000024,,,3.299999952,0.699999988,2.700000048,3.099999905,0.5,1.100000024,1.799999952,2.049999952,,,0.699999988,1.570000052,0.100000001,,1.450000048,1.950000048,1.700000048,2.529999971,3.049999952,2.920000076,1.629999995,1.799999952,1.960000038,2.799999952,2.880000114,2.950000048,3.200000048,3.5,1.600000024,1.600000024,,,2.569999933,2.200000048,,1.309999943,,0.5,1.100000024,1.200000048,0.270000011,0.529999971,3.900000095,1.5,0.520000041,0.949999988,1.019999981,2.779999971,0.349999964
1.116E+14,Nallur1,Ground water,Cgwb,Tamil nadu,Namakkal,Thiruchengodu,Manual,Thiruchengodu,Nallur,11.2667,77.8667,1996-01-05,2025-01-30,Dug well,Unconfined,18.95,HGZ,MANUAL-Water Level,m,4.559999943,6.480000019,7.900000095,4.53000021,3.779999971,5.630000114,6.820000172,5.53000021,4.110000134,7.28000021,9.300000191,8.449999809,7.300000191,10.30000019,11.31999969,11.14999962,10.19999981,11.35999966,8.050000191,6.900000095,4.699999809,4.150000095,,1.269999981,0.800000012,2.299999952,3.930000067,2.299999952,2.25,8.699999809,7.0,6.900000095,6.150000095,7.0,8.050000191,4.800000191,3.299999952,4.949999809,7.699999809,8.859999657,8.600000381,10.18999958,10.14999962,10.30000019,6.099999905,3.799999952,6.400000095,5.949999809,6.199999809,8.720000267,,10.35000038,10.39999962,8.0,11.5,9.25,7.599999905,10.64999962,11.35000038,,,9.800000191,11.39999962,10.38000011,,5.300000191,4.849999905,5.75,6.050000191,8.949999809,8.579999924,6.519999981,8.760000229,7.03000021,6.670000076,9.170000076,9.819999695,10.69999981,10.5,5.920000076,6.949999809,,6.199999809,5.650000095,5.75,,9.470000267,8.739999771,6.099999905,6.449999809,3.799999952,3.799999952,1.679999948,2.599999905,3.5,2.119999886,,4.5,5.550000191,3.860000134
1.113E+14,Namakkal2,Ground water,Cgwb,Tamil nadu,Namakkal,Namakkal,Manual,Namakkal,Namakkal,11.2167,78.1722,1996-01-05,2025-01-30,Dug well,Unconfined,17.62,HGZ,MANUAL-Water Level,m,2.619999886,3.559999943,3.119999886,2.829999924,2.819999933,3.089999914,3.25,2.079999924,2.809999943,5.170000076,6.070000172,4.800000191,5.369999886,,7.349999905,5.670000076,4.96999979,7.96999979,6.019999981,4.46999979,4.849999905,5.579999924,,2.670000076,1.179999948,1.620000005,9.989999771,1.139999986,1.470000029,2.769999981,4.269999981,4.46999979,4.46999979,5.070000172,4.670000076,3.069999933,2.970000029,2.769999981,5.869999886,7.849999905,10.67000008,10.55000019,2.599999905,13.60000038,12.18999958,5.619999886,4.369999886,6.21999979,5.71999979,7.369999886,,9.800000191,6.170000076,13.27000046,8.520000458,3.670000076,3.769999981,,3.019999981,,3.700000048,7.920000076,5.670000076,3.049999952,,4.420000076,4.619999886,2.670000076,5.46999979,13.06999969,11.61999989,2.109999895,4.139999866,5.239999771,4.550000191,4.070000172,6.75,5.019999981,4.570000172,1.950000048,2.420000076,,1.019999981,0.340000004,0.819999993,,1.809999943,1.850000024,1.110000014,,,0.819999993,1.519999981,5.190000057,,0.449999988,0.569999993,0.99000001,1.610000014,0.339999974
1.1273E+14,Rasipuram1,Ground water,Cgwb,Tamil nadu,Namakkal,Rasipuram,Manual,Rasipuram,Rasipuram,11.4583,78.225,1996-01-05,2025-01-30,Dug well,Unconfined,17.75,HGZ,MANUAL-Water Level,m,7.449999809,11.77000046,12.89000034,5.670000076,8.079999924,9.5,11.56999969,10.77000046,11.76000023,14.64000034,,12.81999969,13.47000027,17.52000046,16.52000046,9.119999886,11.81999969,11.92000008,9.170000076,8.920000076,10.11999989,14.14000034,,4.119999886,5.380000114,5.21999979,8.56000042,5.349999905,6.28000021,9.319999695,10.42000008,6.920000076,7.840000153,7.71999979,9.720000267,11.72000027,9.069999695,15.81999969,16.62000084,15.36999989,16.21999931,16.96999931,17.27000046,8.760000229,8.520000458,12.81999969,12.81999969,8.220000267,10.17000008,12.94999981,,10.81999969,11.61999989,14.42000008,11.97000027,10.98999977,11.57999992,,15.22000027,,12.56000042,16.21999931,14.36999989,10.64000034,,14.06999969,14.06999969,11.27000046,12.02000046,16.29999924,13.82999992,8.260000229,12.02999973,10.56000042,11.81999969,11.11999989,12.31999969,15.97000027,14.72000027,8.819999695,11.47000027,,10.47000027,9.720000267,9.970000267,,12.19999981,5.349999905,6.0,9.220000267,6.679999828,5.869999886,4.869999886,6.059999943,7.869999886,6.489999771,7.670000076,10.76000023,9.729999542,5.869999886
1.125E+14,Singalanadu prm,Ground water,Cgwb,Tamil nadu,Namakkal,Rasipuram,Manual,Rasipuram,Singalanadu prm,11.4167,78.3,1996-01-05,2025-01-30,Dug well,Unconfined,31.8,HGZ,MANUAL-Water Level,m,15.77999973,16.30999947,15.52999973,14.71000004,15.71000004,15.64000034,17.23999977,15.52999973,,,6.53000021,15.22999954,16.32999992,16.07999992,16.47999954,15.88000011,17.62999916,,16.03000069,17.32999992,16.43000031,,,14.02999973,14.36999989,14.32999992,16.92000008,15.27000046,15.89999962,14.43000031,15.52999973,13.32999992,14.63000011,15.43000031,14.32999992,15.93000031,16.32999992,15.52999973,14.63000011,15.52999973,15.82999992,15.89999962,13.88000011,12.81999969,13.97000027,14.47999954,13.18000031,11.77999973,15.02999973,15.02999973,,14.52999973,15.02999973,16.43000031,14.63000011,13.44999981,15.32999992,16.43000031,15.02999973,,15.18000031,10.72999954,14.88000011,,,14.32999992,14.85000038,18.53000069,15.85000038,,13.27000046,13.34000015,18.32999992,14.90999985,14.80000019,12.63000011,13.60999966,15.02999973,15.38000011,13.81000042,15.02999973,,14.32999992,11.19999981,15.52999973,,15.5,13.10000038,,15.5,15.5,13.85000038,14.63000011,15.22999954,13.63000011,16.55999947,15.82999992,14.25,15.22999954,14.35000038
1.115E+14,Solasiramani,Ground water,Cgwb,Tamil nadu,Namakkal,Paramathivellur,Manual,Paramathivellur,Solasiramani,11.25,77.9083,1998-05-15,2025-01-30,Bore well,Unconfined,49.5,HGZ,MANUAL-Water Level,m,5.63,7.52,,4.97,5.14,,6.28,,6.23,7.5,9.0,4.64,7.4,10.05,9.9,2.65,2.25,8.8,10.9,5.25,7.5,7.4,,0.55,6.43,8.68,,4.47,6.6,8.1,,1.54,5.3,4.71,4.42,5.05,5.78,6.4,5.52,6.16,7.3,6.4,7.34,5.2,6.08,6.4,6.65,5.69,5.29,7.24,,2.2,2.8,,8.7,4.87,5.27,7.37,6.33,,5.07,5.2,5.2,,,7.5,6.05,5.5,6.48,10.55,9.37,,8.2,4.6,4.17,,6.05,7.68,6.6,5.87,6.2,,4.5,4.8,6.15,,6.0,4.34,5.52,5.1,5.3,4.1,5.82,5.8,5.9,4.84,5.25,6.83,5.96,5.08
1.123E+14,Thiruchengodu,Ground water,Cgwb,Tamil nadu,Namakkal,Thiruchengodu,Manual,Thiruchengodu,Thiruchengodu,11.3833,77.9083,1996-01-05,2025-01-30,Dug well,Unconfined,13.5,HGZ,MANUAL-Water Level,m,4.949999809,7.670000076,4.659999847,3.819999933,3.880000114,5.03000021,7.28000021,3.309999943,3.470000029,5.480000019,7.619999886,4.28000021,5.179999828,8.180000305,9.340000153,4.679999828,4.980000019,6.78000021,8.5,5.78000021,6.980000019,7.329999924,,3.680000067,2.880000114,4.579999924,9.739999771,5.210000038,5.03000021,8.920000076,11.88000011,4.28000021,4.579999924,5.53000021,5.829999924,5.03000021,4.730000019,7.829999924,9.079999924,10.18000031,8.880000114,10.57999992,10.93000031,9.329999924,7.78000021,6.980000019,8.579999924,8.130000114,8.479999542,9.979999542,,8.979999542,9.880000114,11.27999973,8.279999733,9.079999924,8.979999542,10.18000031,6.679999828,,,7.880000114,9.529999733,3.579999924,,7.329999924,11.19999981,9.279999733,13.0,9.229999542,,5.159999847,8.380000114,5.809999943,7.380000114,10.89999962,7.889999866,8.350000381,7.429999828,3.630000114,4.130000114,,3.279999971,3.329999924,5.480000019,,4.199999809,2.200000048,2.720000029,3.279999971,,2.180000067,2.880000114,3.180000067,4.179999828,2.960000038,3.529999971,3.880000114,4.28000021,3.190000057
1.12E+14,Vaiyappamalai,Ground water,Cgwb,Tamil nadu,Namakkal,Thiruchengodu,Manual,Thiruchengodu,Vaiyappamalai,11.3333,78.0833,1996-01-05,2025-01-30,Dug well,Unconfined,20.76,HGZ,MANUAL-Water Level,m,5.880000114,12.39999962,13.47000027,5.889999866,7.760000229,11.81000042,13.77000046,15.38000011,15.36999989,18.27000046,19.47999954,7.829999924,9.930000305,15.43000031,15.02999973,7.230000019,11.13000011,,24.5,23.68000031,23.62999916,24.01000023,,1.960000038,1.419999957,6.329999924,10.05000019,4.550000191,6.300000191,12.46000004,13.72999954,10.68000031,8.680000305,9.479999542,10.52999973,6.980000019,5.230000019,10.02999973,11.18999958,11.77999973,12.72999954,16.93000031,13.18000031,8.890000343,5.679999828,8.829999924,10.22999954,4.130000114,5.130000114,10.93000031,,10.27999973,12.22999954,17.32999992,13.77999973,10.32999992,,15.51000023,14.22999954,,7.179999828,12.43000031,15.57999992,9.550000191,,12.02999973,,13.22999954,16.07999992,20.22999954,15.13000011,2.609999895,7.329999924,5.110000134,5.730000019,4.829999924,7.599999905,10.85000038,11.82999992,3.920000076,7.230000019,,8.479999542,4.179999828,9.409999847,,11.14999962,2.799999952,2.480000019,4.929999828,3.960000038,1.279999971,2.930000067,5.050000191,7.130000114,4.46999979,5.630000114,8.390000343,6.050000191,4.800000191
1.1063E+14,Velur,Ground water,Cgwb,Tamil nadu,Namakkal,Paramathivellur,Manual,Paramathivellur,Velur,11.1083,78.0033,1996-01-05,2025-01-30,Dug well,Unconfined,5.9,HGZ,MANUAL-Water Level,m,1.5,1.840000033,1.230000019,1.559999943,1.330000043,,2.069999933,1.120000005,1.559999943,3.599999905,4.46999979,1.299999952,1.620000005,5.75,5.639999866,5.650000095,3.849999905,4.800000191,5.400000095,3.099999905,0.899999976,2.849999905,,0.600000024,1.200000048,1.75,1.5,0.870000005,1.600000024,2.349999905,2.400000095,1.549999952,1.299999952,1.899999976,1.149999976,1.399999976,1.299999952,1.549999952,2.549999952,1.75,1.649999976,2.289999962,1.389999986,1.299999952,1.629999995,1.75,1.299999952,1.5,1.399999976,,,1.799999952,1.950000048,4.519999981,5.300000191,1.629999995,1.830000043,3.799999952,4.510000229,,1.860000014,1.600000024,,0.699999988,,1.799999952,2.549999952,2.849999905,3.730000019,5.639999866,4.909999847,3.5,4.800000191,3.400000095,,4.050000191,4.849999905,4.5,5.900000095,3.890000105,4.150000095,,3.549999952,3.700000048,3.680000067,,3.859999895,3.059999943,2.619999886,3.599999905,2.799999952,1.379999995,2.150000095,2.599999905,3.450000048,2.360000134,3.200000048,4.440000057,3.819999933,1.75
1.13045E+14,Vennandur,Ground water,Cgwb,Tamil nadu,Namakkal,Rasipuram,Manual,Rasipuram,Vennandur,11.5125,78.0958,1996-01-05,2025-01-30,Dug well,Unconfined,25.8,HGZ,MANUAL-Water Level,m,6.09,11.13,13.23,6.99,6.93,10.27,10.71,8.81,9.5,10.26,12.81,8.06,12.06,23.8,10.33,8.21,9.61,11.61,10.81,10.31,14.21,13.0,,3.31,3.38,6.63,6.73,3.88,4.26,8.08,9.21,5.11,4.81,6.69,2.11,5.46,2.61,10.61,10.51,11.42,11.31,16.69,11.26,7.63,6.81,6.36,8.41,6.51,6.56,11.21,,16.41,10.81,,16.31,12.16,12.51,24.91,,,9.21,11.51,,,,12.96,11.46,12.31,14.96,22.64,20.68,19.89,6.97,,,6.39,11.31,21.46,8.21,4.24,8.86,,9.71,5.41,8.26,,9.89,4.39,5.11,6.81,5.91,3.26,3.74,6.44,6.91,5.88,5.76,4.69,3.78,2.82
1.13045E+14,Cherambadi,Ground water,Cgwb,Tamil nadu,Nilgiris,Gudalur,Manual,Gudalur,Cherambadi,11.5125,76.275,1996-01-05,2025-01-30,Dug well,Unconfined,6.08,HGZ,MANUAL-Water Level,m,3.61,2.79,2.6,3.02,2.66,2.74,1.68,1.42,1.77,4.59,2.46,2.9,3.99,,4.32,2.59,3.54,,2.44,2.84,2.46,4.37,2.49,2.54,3.45,4.0,2.79,2.43,3.13,,1.96,1.69,1.79,2.15,2.12,2.55,3.52,4.54,1.54,2.87,3.04,4.08,2.7,2.29,3.09,4.24,2.24,2.14,3.24,4.14,,3.34,4.01,4.79,1.59,2.12,3.37,4.69,2.8,,3.39,4.24,2.58,3.09,,4.04,4.5,4.39,4.64,4.98,3.64,3.24,4.04,4.14,2.21,3.14,3.44,3.2,,2.84,3.44,,2.04,2.49,2.99,,2.35,2.25,2.94,2.5,1.95,2.7,2.8,4.44,2.8899999,2.84,,3.94,2.22,2.59
1.1213E+14,Mullur,Ground water,Cgwb,Tamil nadu,Nilgiris,Kotagiri,Manual,Kotagiri,Mullur,11.3583,76.9083,1996-01-05,2025-01-30,Dug well,Unconfined,6.5,HGZ,MANUAL-Water Level,m,2.549999952,5.449999809,6.059999943,3.779999971,2.670000076,4.150000095,4.260000229,3.269999981,1.929999948,4.769999981,6.300000191,2.359999895,3.200000048,2.900000095,3.390000105,3.049999952,3.230000019,2.910000086,3.319999933,2.970000029,,3.75999999,4.619999886,0.649999976,2.519999981,3.210000038,3.470000029,0.200000003,2.859999895,4.289999962,4.739999771,2.769999981,2.809999943,1.409999967,2.970000029,2.75,2.960000038,4.150000095,3.799999952,3.799999952,2.789999962,4.53000021,3.880000114,1.220000029,2.900000095,3.849999905,4.449999809,0.850000024,2.819999933,5.449999809,,3.269999981,4.349999905,3.279999971,3.900000095,3.200000048,3.25,3.650000095,3.5,,3.0,3.00999999,3.519999981,0.600000024,,5.050000191,,5.300000191,5.650000095,5.050000191,6.050000191,2.970000029,4.389999866,2.950000048,3.569999933,2.099999905,3.299999952,4.25,3.150000095,2.049999952,2.549999952,,3.25,4.099999905,0.5,,2.410000086,1.269999981,2.529999971,3.049999952,3.0,2.470000029,2.950000048,5.5,5.200000286,0.799999952,,3.049999952,3.75,2.5
1.1284E+14,Pandalur,Ground water,Cgwb,Tamil nadu,Nilgiris,Gudalur,Manual,Gudalur,Pandalur,11.4778,76.3472,1996-01-05,2025-01-30,Dug well,Unconfined,6.75,HGZ,MANUAL-Water Level,m,3.440000057,2.619999886,2.029999971,2.529999971,3.450000048,,1.379999995,1.389999986,2.150000095,3.680000067,1.659999967,2.059999943,3.5,4.449999809,4.400000095,2.650000095,4.25,2.670000076,1.940000057,2.049999952,2.230000019,4.070000172,1.850000024,2.25999999,4.829999924,3.839999914,1.299999952,,3.24000001,,1.450000048,1.389999986,1.710000038,2.74000001,2.130000114,2.269999981,4.150000095,5.150000095,1.399999976,2.75,4.190000057,4.670000076,1.450000048,2.200000048,3.269999981,4.949999809,1.049999952,2.700000048,4.25,5.789999962,,3.049999952,5.0,6.75,1.909999967,3.289999962,4.480000019,4.340000153,1.070000052,,,2.5,2.5,2.829999924,,2.819999933,2.650000095,3.450000048,5.400000095,6.010000229,2.25,1.870000005,,,2.670000076,2.950000048,4.199999809,5.289999962,,3.25,4.849999905,,1.399999976,2.349999905,6.050000191,,1.25999999,2.980000019,1.99000001,,,0.039999999,2.75,3.25,3.049999952,3.200000048,,2.700000048,0.899999976,1.930000067
1.128E+14,Pykara,Ground water,Cgwb,Tamil nadu,Nilgiris,Ootacamund,Manual,Ootacamund,Pykara,11.4667,76.6125,1996-01-05,2025-01-30,Dug well,Unconfined,3.64,HGZ,MANUAL-Water Level,m,2.369999886,2.150000095,1.610000014,2.029999971,1.889999986,3.630000114,1.649999976,1.690000057,2.049999952,,1.779999971,2.099999905,2.869999886,3.650000095,1.370000005,2.299999952,2.299999952,2.069999933,1.25,1.350000024,0.180000007,1.600000024,1.320000052,1.340000033,2.029999971,1.940000057,1.700000048,1.649999976,1.460000038,1.99000001,1.480000019,1.320000052,1.74000001,1.169999957,1.570000052,1.340000033,1.379999995,1.580000043,1.769999981,1.700000048,1.320000052,1.620000005,1.0,1.299999952,1.570000052,0.649999976,1.25,1.350000024,1.600000024,1.700000048,,1.600000024,3.140000105,3.599999905,1.730000019,1.769999981,1.980000019,3.089999914,2.130000114,,1.600000024,1.659999967,0.49000001,1.75,,1.649999976,0.310000002,2.549999952,3.049999952,1.5,1.600000024,1.450000048,1.899999976,1.549999952,1.019999981,1.379999995,1.480000019,1.470000029,,1.5,1.549999952,,1.450000048,2.849999905,1.5,,1.570000052,0.699999988,1.470000029,0.699999988,1.049999952,1.25,1.400000095,1.600000024,1.480000019,1.549999952,,1.350000024,1.299999952,1.400000095
1.1235E+14,Udhagamandalam,Ground water,Cgwb,Tamil nadu,Nilgiris,Ootacamund,Manual,Ootacamund,Udhagamandalam,11.3972,76.7,1996-01-05,2025-01-30,Dug well,Unconfined,3.62,HGZ,MANUAL-Water Level,m,0.57,1.4,1.39,1.22,1.26,0.39,0.53,0.97,1.5,1.46,1.95,1.06,1.33,1.4,1.17,1.82,1.59,1.17,0.94,1.04,1.35,,1.11,1.23,1.35,1.2,1.07,0.86,1.28,0.83,0.95,0.95,1.03,1.31,0.79,1.02,1.06,1.21,1.05,0.97,0.92,1.04,0.9,0.72,1.02,0.92,0.82,0.72,1.02,0.87,,0.82,1.04,1.06,1.05,1.05,1.08,1.35,1.3,,1.07,0.97,0.02,0.75,,0.78,0.94,1.7,1.07,0.77,1.02,0.92,1.14,0.87,0.84,1.02,1.0,0.6,0.77,0.96,1.51,,0.92,0.12,0.82,,0.89,0.84,1.07,0.97,0.87,0.72,0.77,0.52,0.62,0.56999993,,0.62,,0.66999996
1.123E+14,Wellington,Ground water,Cgwb,Tamil nadu,Nilgiris,Coonoor,Manual,Coonoor,Wellington,11.3833,76.8083,1996-01-05,2025-01-30,Dug well,Unconfined,4.74,HGZ,MANUAL-Water Level,m,1.39,1.3,1.46,1.32,2.29,1.37,1.62,1.43,1.41,1.71,1.85,1.37,1.46,1.8,1.84,1.76,1.74,1.82,1.99,1.59,1.57,1.42,1.57,1.48,1.42,1.25,2.15,0.91,1.98,1.23,1.2,1.03,0.98,2.14,,1.18,1.11,1.42,1.1,,1.11,1.49,1.54,1.34,1.39,1.34,1.24,1.49,1.24,1.86,,1.64,1.74,1.25,1.43,1.58,1.25,1.88,1.6,,1.09,1.34,0.46,1.15,,1.39,1.13,,1.66,1.62,1.69,1.89,1.99,1.41,1.36,1.74,1.69,1.54,1.64,0.89,1.14,,1.44,1.24,0.99,,1.15,0.82,1.09,1.24,1.24,1.29,1.28,1.73,1.6700001,1.5899999,,1.49,1.74,1.54
1.11255E+14,Ammapalayam,Ground water,Cgwb,Tamil nadu,Perambalur,Perambalur,Manual,Perambalur,Ammapalayam,11.2153,78.7472,1996-01-05,2025-01-30,Dug well,Unconfined,14.45,HGZ,MANUAL-Water Level,m,3.200000048,5.900000095,6.849999905,5.099999905,3.549999952,6.409999847,,6.429999828,5.909999847,9.479999542,9.949999809,6.900000095,8.899999619,9.970000267,10.10000038,4.949999809,6.349999905,2.549999952,6.949999809,1.600000024,3.700000048,6.550000191,,2.819999933,1.649999976,3.75,4.949999809,1.440000057,3.599999905,7.46999979,5.550000191,4.019999981,2.859999895,4.449999809,6.25,5.800000191,2.799999952,5.75,6.949999809,6.949999809,4.599999905,7.949999809,8.149999619,5.050000191,3.279999971,4.510000229,6.440000057,3.960000038,2.640000105,4.96999979,,1.899999976,6.349999905,11.44999981,13.0,7.090000153,7.860000134,,9.779999733,,9.25,9.649999619,,4.75,,6.440000057,7.369999886,1.139999986,,10.42000008,8.350000381,,5.449999809,7.829999924,9.850000381,9.210000038,9.649999619,9.949999809,10.25,3.25999999,5.449999809,,7.320000172,7.210000038,4.829999924,,8.300000191,1.019999981,2.799999952,3.150000095,3.529999971,2.400000095,3.700000048,3.329999924,3.5,2.75,3.630000114,4.539999962,3.950000048,2.849999905
1.1135E+14,Kunnam,Ground water,Cgwb,Tamil nadu,Perambalur,Kunnam,Manual,Kunnam,Kunnam,11.2306,79.025,1996-01-05,2025-01-30,Dug well,Unconfined,11.3,HGZ,MANUAL-Water Level,m,1.899999976,3.930000067,4.050000191,1.980000019,0.810000002,3.529999971,5.079999924,2.579999924,2.650000095,5.550000191,6.889999866,4.809999943,5.980000019,8.569999695,7.900000095,5.199999809,5.5,4.900000095,6.760000229,2.279999971,3.099999905,5.369999886,,1.429999948,1.100000024,3.849999905,4.820000172,1.980000019,2.079999924,3.579999924,3.900000095,1.559999943,1.139999986,3.569999933,3.75,3.700000048,1.350000024,3.900000095,2.75,3.099999905,1.299999952,3.5,4.079999924,3.400000095,1.539999962,2.809999943,4.019999981,1.080000043,1.190000057,4.769999981,,3.160000086,4.099999905,10.30000019,6.46999979,4.150000095,4.880000114,6.599999905,6.519999981,,4.800000191,6.699999809,8.380000114,6.199999809,,4.650000095,6.289999962,6.949999809,7.300000191,8.25,3.859999895,4.650000095,3.829999924,6.920000076,8.380000114,,7.900000095,8.300000191,8.399999619,6.389999866,6.5,,7.199999809,7.929999828,2.25,,4.829999924,0.699999988,1.399999976,1.659999967,1.99000001,1.230000019,2.319999933,3.329999924,4.739999771,2.849999905,3.329999924,6.199999809,6.460000038,4.070000172
1.11405E+14,Kurumbalur,Ground water,Cgwb,Tamil nadu,Perambalur,Perambalur,Manual,Perambalur,Kurumbalur,11.2347,78.8014,1996-01-05,2025-01-30,Dug well,Unconfined,20.66,HGZ,MANUAL-Water Level,m,4.539999962,6.389999866,8.68999958,7.940000057,7.789999962,9.170000076,7.909999847,11.94999981,9.680000305,10.81000042,13.36999989,12.64000034,13.68999958,12.30000019,11.60000038,7.900000095,10.60000038,7.900000095,15.25,10.14999962,12.19999981,15.35000038,,5.300000191,2.400000095,4.800000191,12.07999992,5.329999924,6.78000021,8.520000458,9.800000191,10.19999981,7.789999962,11.60000038,8.300000191,9.600000381,4.5,12.0,10.64999962,13.69999981,4.449999809,9.600000381,10.30000019,12.0,5.789999962,8.529999733,8.850000381,8.800000191,2.720000029,6.800000191,,,8.649999619,15.0,11.42000008,15.26000023,15.72000027,19.04999924,16.89999962,,12.25,12.72999954,9.800000191,5.199999809,,4.690000057,6.059999943,8.079999924,10.55000019,11.92000008,10.77999973,4.690000057,9.479999542,14.43999958,12.60000038,7.820000172,8.899999619,11.68000031,11.84000015,5.929999828,6.630000114,,8.300000191,,5.75,,7.039999962,4.0,1.75,2.099999905,3.579999924,1.24000001,1.199999928,2.099999905,2.900000095,1.959999919,1.950000048,3.420000076,3.180000067,3.789999962
1.114E+14,Perambalur2,Ground water,Cgwb,Tamil nadu,Perambalur,Perambalur,Manual,Perambalur,Perambalur,11.2333,78.875,1997-05-15,2025-01-30,Dug well,Unconfined,10.4,HGZ,MANUAL-Water Level,m,2.980000019,6.579999924,6.78000021,2.329999924,2.279999971,6.480000019,7.800000191,4.889999866,4.0,7.639999866,8.880000114,6.480000019,7.980000019,,,8.449999809,6.800000191,5.449999809,6.670000076,2.599999905,3.579999924,7.119999886,,4.03000021,2.019999981,4.579999924,6.380000114,4.630000114,4.0,6.78000021,5.5,4.059999943,2.400000095,5.25,6.099999905,4.25,1.0,5.300000191,6.0,4.400000095,2.0,5.550000191,5.349999905,3.099999905,2.539999962,3.200000048,5.199999809,1.639999986,1.75999999,5.070000172,,3.450000048,5.449999809,8.949999809,8.270000458,3.880000114,4.360000134,7.150000095,7.300000191,,9.93999958,6.900000095,6.900000095,6.300000191,,5.25,6.340000153,7.099999905,6.489999771,10.05000019,5.650000095,5.400000095,3.519999981,6.949999809,9.25,5.670000076,8.600000381,9.550000191,4.510000229,2.160000086,4.329999924,,5.630000114,,1.789999962,,4.809999943,2.25,2.599999905,3.109999895,2.220000029,2.109999895,2.49000001,,3.400000095,4.789999962,3.549999952,8.789999962,7.309999943,4.090000153
1.1153E+14,Ranjankudi,Ground water,Cgwb,Tamil nadu,Perambalur,Perambalur,Manual,Perambalur,Ranjankudi,11.2583,78.9417,1999-01-05,2025-01-30,Bore well,Unconfined,42.6,HGZ,MANUAL-Water Level,m,2.200000048,5.090000153,,,2.400000095,,6.599999905,4.349999905,3.019999981,,8.5,,7.400000095,9.270000458,7.150000095,4.849999905,,4.349999905,5.070000172,3.940000057,2.650000095,4.880000114,,1.440000057,1.299999952,3.170000076,4.5,2.650000095,1.870000005,4.880000114,6.599999905,2.970000029,2.25999999,3.900000095,6.099999905,4.400000095,1.450000048,2.950000048,4.5,4.599999905,1.950000048,4.340000153,6.099999905,4.900000095,1.899999976,2.619999886,3.650000095,1.75,6.679999828,3.599999905,,4.0,7.300000191,,5.28000021,2.180000067,2.50999999,3.700000048,,,3.130000114,3.920000076,6.340000153,5.0,,3.680000067,4.309999943,8.520000458,5.449999809,,7.480000019,,3.559999943,5.840000153,8.789999962,5.5,9.050000191,,9.680000305,3.75999999,2.920000076,,4.199999809,9.859999657,1.200000048,,3.529999971,0.600000024,1.25,1.539999962,2.880000114,2.230000019,2.570000172,3.480000019,2.880000114,3.5,2.0,4.199999809,3.039999962,2.630000114
1.0315E+14,Adanakottai,Ground water,Cgwb,Tamil nadu,Pudukkottai,Pudukkottai,Manual,Pudukkottai,Adanakottai,10.5306,78.9667,1996-01-05,2025-01-30,Dug well,Unconfined,10.75,HGZ,MANUAL-Water Level,m,2.140000105,5.860000134,5.119999886,5.869999886,3.200000048,5.989999771,6.630000114,5.980000019,5.53000021,6.789999962,7.730000019,7.630000114,6.599999905,,8.130000114,8.460000038,7.309999943,6.079999924,7.429999828,0.949999988,3.619999886,5.789999962,4.550000191,2.079999924,4.349999905,6.349999905,5.75,5.650000095,6.800000191,7.46999979,5.309999943,5.599999905,2.049999952,6.0,7.5,5.829999924,2.329999924,6.579999924,7.659999847,5.869999886,1.720000029,6.210000038,7.409999847,7.329999924,2.910000086,6.869999886,3.859999895,1.850000024,3.25999999,6.28000021,,4.579999924,5.78000021,7.420000076,,5.75,5.690000057,5.920000076,6.119999886,,5.980000019,6.03000021,7.699999809,7.199999809,,5.900000095,5.829999924,6.699999809,7.03000021,,5.190000057,5.230000019,6.679999828,9.520000458,8.579999924,4.980000019,6.429999828,7.179999828,7.510000229,2.960000038,6.489999771,,4.730000019,2.029999971,4.25,,6.800000191,0.379999995,3.630000114,5.139999866,6.599999905,4.53000021,5.029999733,5.730000019,4.329999924,6.25,6.429999828,8.109999657,6.349999905,
1.01E+14,Arantangi,Ground water,Cgwb,Tamil nadu,Pudukkottai,Aranthangi,Manual,Aranthangi,Arantangi,10.1667,78.9958,1996-01-05,2025-01-30,Dug well,Unconfined,7,HGZ,MANUAL-Water Level,m,4.75,6.150000095,6.519999981,2.99000001,1.139999986,,2.640000105,2.150000095,2.5,1.559999943,3.200000048,1.0,0.949999988,,6.760000229,2.650000095,1.789999962,2.25,2.700000048,0.699999988,1.309999943,2.160000086,2.200000048,0.800000012,1.600000024,2.75,2.099999905,0.600000024,1.679999948,3.079999924,2.819999933,1.299999952,0.680000007,3.599999905,4.909999847,3.700000048,2.200000048,2.75,3.779999971,3.279999971,1.419999957,4.5,4.900000095,2.720000029,1.799999952,4.570000172,3.960000038,3.599999905,3.220000029,,,2.200000048,3.150000095,4.599999905,4.400000095,4.150000095,4.349999905,4.650000095,4.5,,3.650000095,3.710000038,4.400000095,2.299999952,,3.950000048,4.349999905,,4.579999924,5.349999905,3.900000095,4.75,4.900000095,5.099999905,5.050000191,3.5,4.5,4.940000057,4.25,1.5,2.75,,4.28000021,3.400000095,1.929999948,,3.0,1.360000014,2.0,3.0,1.75,2.150000095,2.099999905,3.0,3.450000048,2.400000095,2.599999905,4.5,4.150000095,2.660000086
1.0043E+14,Avudaiyarkoil1,Ground water,Cgwb,Tamil nadu,Pudukkottai,Avudaiyarkoil,Manual,Avudaiyarkoil,Avudaiyarkoil,10.075,79.0336,1996-11-05,2025-01-30,Dug well,Unconfined,7,HGZ,MANUAL-Water Level,m,2.559999943,2.539999962,3.369999886,3.130000114,1.50999999,2.049999952,3.359999895,2.75999999,2.559999943,2.619999886,3.660000086,1.610000014,2.109999895,3.309999943,3.440000057,3.369999886,2.880000114,4.239999771,4.260000229,2.309999943,2.109999895,2.980000019,2.910000086,1.25999999,1.710000038,2.25999999,3.140000105,1.210000038,1.340000033,3.089999914,3.819999933,2.829999924,1.299999952,2.25999999,2.160000086,1.710000038,1.559999943,2.180000067,3.029999971,2.910000086,1.049999952,1.950000048,2.910000086,1.730000019,1.059999943,2.359999895,2.880000114,1.210000038,1.179999948,2.960000038,,1.980000019,2.059999943,3.589999914,3.75999999,3.559999943,3.710000038,4.610000134,5.210000038,,3.119999886,,,4.360000134,,4.329999924,4.420000076,4.360000134,4.409999847,5.010000229,4.860000134,,5.210000038,5.829999924,5.230000019,5.019999981,5.059999943,6.460000038,7.0,4.840000153,4.679999828,,5.460000038,5.059999943,3.960000038,,,1.779999971,2.660000086,3.059999943,3.859999895,2.470000029,,3.160000086,4.059999943,3.820000172,3.460000038,4.059999943,4.400000095,3.160000086
1.0135E+14,Erachi,Ground water,Cgwb,Tamil nadu,Pudukkottai,Aranthangi,Manual,Aranthangi,Erachi,10.2306,78.9678,1996-01-05,2025-01-30,Dug well,Unconfined,8,HGZ,MANUAL-Water Level,m,1.600000024,4.769999981,5.809999943,1.460000038,0.769999981,3.279999971,3.569999933,1.700000048,1.899999976,2.900000095,5.099999905,1.200000048,1.679999948,,5.190000057,3.349999905,2.74000001,3.900000095,5.0,1.580000043,1.820000052,4.900000095,4.670000076,0.699999988,1.029999971,2.920000076,3.680000067,1.649999976,1.480000019,4.320000172,2.799999952,0.899999976,0.75,1.700000048,0.699999988,1.600000024,0.790000021,4.050000191,5.480000019,3.390000105,0.980000019,3.640000105,5.199999809,1.299999952,0.610000014,4.0,2.299999952,1.200000048,0.819999993,3.980000019,,1.580000043,1.799999952,5.179999828,4.320000172,3.150000095,4.78000021,4.900000095,4.929999828,,4.550000191,4.53000021,3.75,2.5,,5.21999979,3.140000105,3.25,4.210000038,4.920000076,3.900000095,4.96999979,6.849999905,5.829999924,,3.339999914,5.429999828,7.099999905,5.480000019,1.360000014,4.349999905,,7.019999981,3.700000048,2.849999905,,4.679999828,0.600000024,2.599999905,4.920000076,3.269999981,4.21999979,3.950000286,4.650000095,,3.800000191,6.0,4.099999905,,2.5
1.03425E+14,Gandharvakottai1,Ground water,Cgwb,Tamil nadu,Pudukkottai,Gandarvakottai,Manual,Gandarvakottai,Gandharvakottai,10.5736,79.0167,1996-01-05,2025-01-30,Dug well,Unconfined,15.65,HGZ,MANUAL-Water Level,m,0.600000024,1.039999962,3.390000105,3.400000095,0.819999993,3.950000048,7.699999809,1.350000024,1.399999976,3.099999905,7.400000095,2.25,3.200000048,,5.789999962,3.279999971,2.819999933,2.400000095,5.800000191,0.280000001,2.900000095,3.170000076,9.100000381,0.5,6.300000191,2.549999952,4.150000095,1.149999976,1.879999995,4.670000076,2.400000095,1.399999976,0.850000024,1.399999976,4.300000191,2.299999952,3.599999905,3.369999886,5.119999886,2.079999924,1.450000048,2.769999981,4.760000229,3.960000038,0.600000024,4.019999981,2.029999971,0.620000005,1.019999981,5.519999981,,1.200000048,3.150000095,5.400000095,5.650000095,3.829999924,3.619999886,4.449999809,5.28000021,,1.850000024,5.949999809,7.429999828,5.199999809,,5.139999866,5.349999905,,7.900000095,7.579999924,5.380000114,5.059999943,4.650000095,9.279999733,,3.299999952,6.5,,8.800000191,0.850000024,2.670000076,,5.559999943,2.980000019,0.819999993,,4.650000095,0.75,1.899999976,1.649999976,3.400000095,0.949999988,1.099999905,2.299999952,3.019999981,3.419999838,2.769999981,4.099999905,2.75,0.900000036
1.0022E+14,Manamelkudi1,Ground water,Cgwb,Tamil nadu,Pudukkottai,Manamelkudi,Manual,Manamelkudi,Manamelkudi,10.0389,79.2333,1996-01-05,2025-01-30,Dug well,Unconfined,7.2,HGZ,MANUAL-Water Level,m,3.25,2.269999981,3.690000057,2.960000038,2.380000114,3.119999886,3.529999971,3.150000095,2.549999952,3.109999895,3.950000048,1.5,2.700000048,3.900000095,3.839999914,3.75999999,3.329999924,3.400000095,4.03000021,2.099999905,2.650000095,3.299999952,2.819999933,2.859999895,2.200000048,2.849999905,3.700000048,1.779999971,1.960000038,3.089999914,3.25,1.850000024,1.299999952,1.75,1.450000048,0.800000012,2.650000095,,2.869999886,2.690000057,2.329999924,3.519999981,3.880000114,3.349999905,2.480000019,3.349999905,3.200000048,1.950000048,2.5,4.070000172,,2.549999952,2.849999905,2.549999952,0.889999986,2.950000048,2.950000048,3.140000105,3.5,,2.849999905,2.519999981,2.450000048,1.149999976,,,2.849999905,3.049999952,5.329999924,4.619999886,4.699999809,4.699999809,,5.099999905,5.0,3.299999952,3.75,4.389999866,4.849999905,2.0,3.369999886,,4.449999809,4.050000191,3.0,,,1.379999995,3.25,4.050000191,3.450000048,1.899999976,3.25,3.25,3.849999905,3.670000076,2.970000029,3.700000048,2.5,2.599999905
1.00956E+14,Nakkudi1,Ground water,Cgwb,Tamil nadu,Pudukkottai,Aranthangi,Manual,Aranthangi,Nakkudi,10.1656,79.125,1996-01-05,2025-01-30,Dug well,Unconfined,9,HGZ,MANUAL-Water Level,m,2.5,4.289999962,4.389999866,0.860000014,0.899999976,6.269999981,,4.199999809,4.199999809,4.400000095,5.800000191,3.299999952,3.25999999,5.420000076,5.860000134,5.289999962,3.769999981,4.869999886,6.0,2.150000095,2.019999981,4.230000019,4.929999828,1.700000048,3.099999905,5.5,5.550000191,2.5,2.400000095,6.300000191,,3.049999952,1.600000024,4.5,4.5,3.079999924,1.5,4.849999905,6.079999924,4.380000114,1.799999952,4.5,5.900000095,4.300000191,1.950000048,5.050000191,5.199999809,3.670000076,1.980000019,5.070000172,,3.900000095,3.700000048,5.849999905,7.0,4.550000191,4.96999979,7.300000191,,,3.859999895,3.279999971,5.0,3.200000048,,5.599999905,6.300000191,7.599999905,,8.399999619,8.399999619,8.319999695,6.849999905,8.399999619,,,5.800000191,8.399999619,9.0,,3.849999905,,,4.0,2.0,,,0.5,0.649999976,,2.25,3.200000048,,4.300000191,,4.050000191,3.400000095,,5.900000095,3.350000143
1.0231E+14,Pudukkottai,Ground water,Cgwb,Tamil nadu,Pudukkottai,Pudukkottai,Manual,Pudukkottai,Pudukkottai,10.3861,78.8042,1999-08-25,2025-01-30,Bore well,Unconfined,45,HGZ,MANUAL-Water Level,m,4.900000095,,5.230000019,,3.599999905,5.0,5.420000076,4.900000095,4.5,3.609999895,5.099999905,6.300000191,5.329999924,6.829999924,7.0,5.929999828,5.610000134,6.039999962,6.300000191,3.700000048,3.950000048,4.510000229,5.199999809,0.699999988,1.950000048,4.599999905,5.0,4.0,5.820000172,4.730000019,6.099999905,4.380000114,3.200000048,4.5,5.0,3.799999952,1.200000048,4.869999886,5.440000057,5.989999771,4.610000134,5.96999979,8.649999619,5.400000095,3.220000029,5.0,5.670000076,4.599999905,3.119999886,4.300000191,,5.099999905,5.150000095,,6.400000095,5.050000191,6.800000191,7.400000095,7.0,,5.900000095,6.050000191,6.050000191,5.300000191,,4.880000114,5.159999847,,5.179999828,5.739999771,5.900000095,,5.53000021,5.980000019,5.369999886,3.779999971,3.900000095,4.840000153,4.949999809,0.790000021,3.180000067,,3.099999905,4.360000134,2.400000095,,5.070000172,,1.50999999,4.900000095,5.159999847,4.829999924,,5.130000114,5.590000153,5.570000172,5.019999981,6.0,5.579999924,4.53000021
1.014E+14,Thirumayam1,Ground water,Cgwb,Tamil nadu,Pudukkottai,Thirumayam,Manual,Thirumayam,Thirumayam,10.2333,78.7458,1999-08-25,2024-11-30,Bore well,Unconfined,37.45,HGZ,MANUAL-Water Level,m,1.5,3.109999895,,3.900000095,1.730000019,4.820000172,4.309999943,2.049999952,2.269999981,3.970000029,5.019999981,1.169999957,3.190000057,8.130000114,3.410000086,2.970000029,3.269999981,6.260000229,8.199999809,1.99000001,2.670000076,4.679999828,5.920000076,2.670000076,1.529999971,4.559999943,4.570000172,3.339999914,2.670000076,,4.190000057,4.199999809,1.919999957,2.470000029,2.069999933,2.069999933,1.919999957,3.75999999,4.940000057,4.869999886,1.820000052,4.400000095,3.150000095,3.690000057,2.130000114,5.369999886,1.919999957,1.870000005,1.570000052,3.869999886,,2.369999886,3.269999981,,5.170000076,4.769999981,5.46999979,6.619999886,6.670000076,,2.099999905,2.460000038,5.21999979,2.170000076,,5.03000021,4.289999962,3.069999933,4.159999847,5.909999847,4.800000191,,3.980000019,5.809999943,5.679999828,2.650000095,3.650000095,6.03000021,6.25,0.709999979,2.829999924,,3.25999999,1.850000024,1.399999976,,1.549999952,0.5,1.299999952,2.49000001,,0.209999993,,2.029999971,1.870000124,2.120000124,1.879999995,2.00999999,1.960000038,1.040000081
1.02E+14,Valathirakkotai,Ground water,Cgwb,Tamil nadu,Pudukkottai,Alangudi,Manual,Alangudi,Valathirakkotai,10.3333,78.8625,1996-01-05,2025-01-30,Dug well,Unconfined,11.6,HGZ,MANUAL-Water Level,m,5.539999962,4.960000038,6.389999866,4.909999847,4.110000134,5.630000114,,3.839999914,5.840000153,4.429999828,5.340000153,2.24000001,4.309999943,,3.700000048,2.950000048,6.849999905,3.589999914,4.949999809,3.190000057,6.340000153,6.539999962,6.360000134,4.190000057,4.050000191,5.300000191,4.849999905,2.849999905,5.25,5.300000191,3.700000048,5.5,5.400000095,4.300000191,3.0,,4.460000038,5.539999962,5.599999905,3.400000095,4.449999809,4.389999866,4.190000057,4.889999866,4.369999886,4.679999828,4.579999924,3.339999914,3.799999952,4.690000057,,4.139999866,4.039999962,4.449999809,3.349999905,,4.199999809,5.329999924,4.519999981,,4.039999962,5.090000153,4.599999905,3.680000067,,5.599999905,5.099999905,4.75,4.579999924,5.480000019,4.650000095,4.599999905,5.239999771,4.199999809,4.869999886,,4.079999924,4.639999866,4.21999979,4.21999979,4.809999943,,4.789999962,4.550000191,4.090000153,,3.950000048,3.109999895,1.840000033,3.839999914,4.0,4.239999771,4.239999771,,4.559999943,4.389999866,4.400000095,,4.28000021,4.489999771
1.1353E+14,Athur,Ground water,Cgwb,Tamil nadu,Salem,Attur,Manual,Attur,Athur,11.5917,78.5861,1998-05-15,2024-08-30,Bore well,Unconfined,59,HGZ,MANUAL-Water Level,m,7.300000191,9.739999771,16.79999924,7.980000019,8.260000229,10.55000019,25.14999962,7.349999905,6.920000076,8.300000191,,16.45999908,11.25,,8.800000191,9.819999695,7.909999847,9.039999962,8.840000153,6.5,5.5,10.02000046,24.79999924,6.949999809,4.579999924,6.980000019,8.75,6.630000114,6.630000114,15.10000038,6.619999886,6.119999886,5.360000134,23.56999969,22.70000076,,,,50.40000153,50.40000153,39.0,58.0,58.0,50.40000153,8.239999771,9.449999809,35.90000153,25.5,,26.89999962,,50.40000153,56.09999847,,,32.5,19.45000076,54.25,13.39999962,,,13.17000008,13.17000008,12.80000019,,,49.47999954,53.54999924,53.43999863,,54.54000092,11.69999981,10.64999962,29.29999924,51.06999969,,54.74000168,34.52000046,16.39999962,8.369999886,9.600000381,,9.159999847,11.43999958,3.950000048,,4.260000229,3.809999943,7.320000172,4.340000153,5.159999847,3.920000076,,7.559999943,8.359999657,,6.050000191,9.050000191,9.550000191,
1.136E+14,Attur fire st.,Ground water,Cgwb,Tamil nadu,Salem,Attur,Manual,Attur,Attur fire st.,11.6,78.6083,1996-01-05,2025-01-30,Dug well,Unconfined,13.96,HGZ,MANUAL-Water Level,m,4.110000134,7.5,8.100000381,5.889999866,10.81999969,10.0,9.050000191,5.849999905,6.949999809,10.35000038,10.43000031,7.449999809,11.09000015,,6.849999905,6.300000191,7.0,8.649999619,6.96999979,6.150000095,5.949999809,8.420000076,10.05000019,5.070000172,4.289999962,6.800000191,8.460000038,6.579999924,7.099999905,8.720000267,9.170000076,7.019999981,,8.319999695,8.220000267,6.75,5.150000095,,9.420000076,10.0,9.149999619,10.10000038,8.329999924,5.050000191,4.650000095,10.75,8.25,6.599999905,,8.75,,7.349999905,9.350000381,11.72000027,12.52000046,8.770000458,8.819999695,10.02000046,9.369999886,,7.949999809,9.239999771,8.449999809,7.659999847,,,9.670000076,10.39999962,8.25,10.88000011,9.949999809,7.400000095,7.849999905,8.75,9.479999542,,12.94999981,9.75,7.449999809,7.679999828,8.430000305,,7.659999847,6.400000095,5.199999809,,5.53000021,5.0,3.519999981,5.070000172,5.849999905,5.019999981,5.649999619,,8.109999657,,5.940000057,7.949999809,6.28000021,
1.1505E+14,Kulathur,Ground water,Cgwb,Tamil nadu,Salem,Mettur,Manual,Mettur,Kulathur,11.8472,77.7472,1998-05-15,2025-01-30,Bore well,Unconfined,65.5,HGZ,MANUAL-Water Level,m,,18.89999962,19.52000046,16.76000023,17.80999947,21.23999977,24.14999962,18.75,,22.10000038,23.09000015,19.29999924,18.79999924,,20.38999939,16.45000076,19.20000076,16.44000053,18.97999954,14.77000046,17.35000038,19.5,20.14999962,12.56999969,15.05000019,18.0,20.70000076,13.92000008,19.62000084,11.0,22.23999977,16.39999962,18.06999969,20.56999969,18.0,,16.29999924,19.29999924,19.37000084,16.92000008,17.89999962,22.79999924,,,,16.37000084,17.14999962,16.75,,20.89999962,,18.10000038,21.10000038,,24.0,20.53000069,22.70000076,26.87000084,22.10000038,,18.85000038,18.95000076,21.64999962,13.93000031,,,20.71999931,20.44000053,24.53000069,24.37000084,22.76000023,,17.93000031,21.54000092,18.89999962,20.20999908,27.64999962,27.64999962,23.35000038,15.11999989,17.64999962,,16.31999969,16.10000038,17.69000053,,20.85000038,14.56999969,16.87000084,16.70999908,15.10999966,16.96999931,18.68000031,19.8599987,21.42000008,,18.70000076,20.27000046,20.5,
1.135E+14,Kullampatti,Ground water,Cgwb,Tamil nadu,Salem,Sankari,Manual,Sankari,Kullampatti,11.5833,77.7917,1998-05-15,2025-01-30,Bore well,Unconfined,49,HGZ,MANUAL-Water Level,m,4.699999809,,,2.799999952,3.0,7.75,8.069999695,3.079999924,2.150000095,9.399999619,13.60000038,5.900000095,5.400000095,,12.64999962,4.78000021,4.400000095,12.81000042,7.320000172,3.299999952,3.400000095,6.639999866,4.800000191,0.949999988,2.539999962,8.039999962,4.96999979,2.769999981,3.299999952,3.599999905,5.699999809,2.700000048,2.700000048,,9.609999657,,2.799999952,5.599999905,5.900000095,3.900000095,3.150000095,9.800000191,11.30000019,1.399999976,2.700000048,5.650000095,4.099999905,2.049999952,,10.39999962,,5.199999809,7.599999905,,6.900000095,3.700000048,4.070000172,11.89999962,8.850000381,,3.349999905,5.630000114,5.0,2.400000095,,,6.849999905,13.02999973,15.47000027,20.14999962,12.86999989,,17.93000031,10.03999996,3.630000114,3.339999914,,6.920000076,7.900000095,2.190000057,2.859999895,,3.849999905,3.150000095,3.279999971,,4.579999924,1.850000024,3.079999924,6.039999962,3.359999895,2.549999952,3.199999809,6.160000324,8.259999275,,7.050000191,9.520000458,4.739999771,
1.1453E+14,Nangavalli,Ground water,Cgwb,Tamil nadu,Salem,Mettur,Manual,Mettur,Nangavalli,11.7583,77.8958,1998-05-15,2025-01-30,Bore well,Unconfined,65.8,HGZ,MANUAL-Water Level,m,,4.059999943,10.36999989,8.159999847,8.329999924,8.0,9.149999619,8.800000191,10.23999977,10.64000034,12.56999969,9.800000191,10.5,,13.39999962,,8.5,9.600000381,10.10000038,8.430000305,9.300000191,11.15999985,12.89999962,6.579999924,7.440000057,10.85000038,10.30000019,,9.569999695,10.52000046,10.76000023,7.300000191,8.029999733,8.960000038,9.520000458,,8.550000191,11.75,11.72000027,11.39999962,11.64999962,10.68000031,9.399999619,8.430000305,8.579999924,12.69999981,10.69999981,11.10000038,,12.39999962,,7.0,12.89999962,,13.39999962,12.75,12.30000019,11.86999989,8.399999619,,7.920000076,8.829999924,11.60000038,,,,10.30000019,11.68000031,11.85999966,11.15999985,10.35000038,,9.619999886,11.14000034,9.859999657,11.5,12.5,12.05000019,12.80000019,8.800000191,9.369999886,,8.779999733,8.119999886,8.350000381,,8.949999809,7.03000021,6.639999866,8.680000305,8.699999809,7.5,8.969999313,,9.379999161,,7.900000095,8.449999809,7.699999809,
1.1385E+14,P.n.palayam1,Ground water,Cgwb,Tamil nadu,Salem,Attur,Manual,Attur,P.n.palayam,11.6472,78.5125,1998-05-15,2025-01-30,Bore well,Unconfined,59,HGZ,MANUAL-Water Level,m,3.720000029,7.739999771,,7.559999943,5.449999809,,12.56999969,10.03999996,11.02000046,7.659999847,26.5,19.0,20.60000038,,23.89999962,20.20000076,19.54000092,26.5,23.70999908,13.10000038,13.39999962,27.39999962,27.20000076,13.48999977,3.089999914,6.880000114,8.399999619,6.309999943,4.5,9.100000381,9.600000381,3.650000095,6.199999809,6.159999847,8.829999924,5.860000134,4.0,,10.47000027,8.899999619,10.94999981,19.46999931,12.92000008,16.04999924,3.450000048,6.400000095,7.550000191,5.25,,8.399999619,,7.099999905,9.100000381,,13.64999962,14.75,17.20000076,24.70000076,26.39999962,,23.87999916,22.60000038,24.05999947,13.80000019,,,14.09000015,23.63999939,22.01000023,26.43000031,24.68000031,,6.949999809,11.80000019,13.52999973,16.22999954,17.38999939,23.20000076,,10.97000027,11.75,,10.30000019,6.269999981,2.829999924,,4.199999809,1.649999976,2.660000086,3.160000086,2.619999886,1.519999981,4.53000021,4.139999866,5.980000019,,6.5,11.19999981,10.80000019,
1.12615E+14,Sendarpatti,Ground water,Cgwb,Tamil nadu,Salem,Gangavalli,Manual,Gangavalli,Sendarpatti,11.4375,78.5,1998-05-15,2024-08-30,Bore well,Unconfined,70.5,HGZ,MANUAL-Water Level,m,,4.28000021,,2.329999924,1.779999971,3.200000048,8.079999924,2.559999943,,6.5,7.75,1.899999976,4.699999809,6.849999905,,1.600000024,3.900000095,,,1.700000048,,3.900000095,4.699999809,0.75,1.450000048,3.0,5.03000021,1.940000057,2.650000095,3.569999933,14.69999981,3.700000048,2.400000095,3.5,5.699999809,,1.519999981,,7.449999809,6.199999809,2.75,5.510000229,5.849999905,2.299999952,1.960000038,4.099999905,5.949999809,1.549999952,,16.89999962,,2.5,5.199999809,,15.39999962,2.299999952,3.349999905,7.829999924,4.300000191,,1.399999976,1.899999976,2.24000001,0.519999981,,,3.680000067,15.94999981,6.53000021,8.260000229,3.079999924,,1.889999986,7.46999979,,2.710000038,7.139999866,6.599999905,5.25,1.299999952,1.409999967,,2.50999999,2.150000095,0.949999988,,2.109999895,1.940000057,0.819999993,1.850000024,2.25,1.950000048,1.800000072,2.360000134,3.28000021,,0.899999976,1.899999976,1.830000043,
1.1283E+14,Veraganur,Ground water,Cgwb,Tamil nadu,Salem,Gangavalli,Manual,Gangavalli,Veraganur,11.475,78.7375,1998-05-15,2025-01-30,Bore well,Unconfined,52,HGZ,MANUAL-Water Level,m,6.690000057,7.539999962,8.199999809,6.440000057,6.0,7.510000229,8.149999619,7.599999905,,4.5,5.199999809,11.46000004,10.39999962,,10.80000019,9.0,7.900000095,7.110000134,9.729999542,6.840000153,6.699999809,8.399999619,8.800000191,6.860000134,4.820000172,6.320000172,7.849999905,6.679999828,5.900000095,13.10000038,7.119999886,6.739999771,6.159999847,6.269999981,7.46999979,,6.550000191,8.300000191,9.5,11.10000038,8.100000381,10.03999996,9.5,8.649999619,5.429999828,6.650000095,7.75,7.519999981,,7.699999809,,9.050000191,9.850000381,,13.5,10.89999962,10.75,12.25,12.55000019,,,8.779999733,8.779999733,8.090000153,,,12.19999981,11.57999992,12.25,14.19999981,12.96000004,,10.44999981,14.56999969,12.5,12.19999981,15.52000046,12.52999973,13.02000046,10.69999981,10.60000038,,11.11999989,10.19999981,6.900000095,,9.210000038,9.0,6.03000021,8.199999809,8.960000038,7.599999905,,8.010000229,8.159999847,,,10.93000031,10.85999966,
1.147E+14,Yercaud,Ground water,Cgwb,Tamil nadu,Salem,Yercaud,Manual,Yercaud,Yercaud,11.7833,78.2111,1996-01-05,2025-01-30,Dug well,Unconfined,6.75,HGZ,MANUAL-Water Level,m,4.449999809,6.809999943,5.289999962,0.889999986,1.25,,,1.799999952,1.570000052,3.619999886,4.46999979,0.99000001,5.21999979,5.869999886,1.570000052,1.720000029,2.170000076,1.919999957,2.769999981,1.470000029,2.470000029,3.470000029,3.519999981,1.269999981,1.75,2.769999981,2.230000019,2.289999962,2.369999886,3.319999933,2.670000076,1.690000057,2.069999933,2.589999914,1.330000043,2.019999981,2.069999933,3.670000076,1.799999952,2.849999905,2.369999886,4.710000038,1.820000052,1.220000029,1.100000024,2.619999886,1.669999957,1.070000052,,4.070000172,,0.670000017,2.420000076,3.920000076,1.970000029,,2.369999886,3.619999886,1.529999971,,2.470000029,2.420000076,2.420000076,1.090000033,,,2.529999971,5.96999979,1.830000043,3.589999914,2.269999981,1.379999995,1.99000001,,,1.679999948,2.839999914,3.680000067,2.119999886,1.700000048,2.680000067,,,1.74000001,2.369999886,,1.220000029,0.189999998,1.809999943,2.089999914,1.620000005,1.679999948,2.200000048,2.720000029,2.060000181,,1.570000052,2.420000076,1.590000033,
1.00945E+14,Chettinadu,Ground water,Cgwb,Tamil nadu,Sivaganga,Karaikudi,Manual,Karaikudi,Chettinadu,10.1625,78.7792,1996-01-05,2025-01-30,Dug well,Unconfined,14.12,HGZ,MANUAL-Water Level,m,2.180000067,4.059999943,5.46999979,4.159999847,2.75999999,,3.619999886,2.299999952,2.380000114,3.460000038,5.960000038,1.379999995,,5.449999809,5.920000076,6.210000038,5.309999943,,7.480000019,1.700000048,2.650000095,4.480000019,,0.180000007,4.28000021,3.279999971,4.079999924,2.930000067,2.230000019,5.420000076,4.579999924,3.079999924,1.029999971,2.079999924,1.580000043,1.480000019,1.179999948,3.380000114,3.480000019,2.200000048,1.159999967,2.779999971,3.319999933,1.379999995,1.700000048,3.50999999,1.539999962,0.230000004,1.480000019,3.079999924,,1.409999967,2.650000095,4.420000076,4.78000021,4.639999866,5.380000114,6.429999828,4.03000021,,2.079999924,2.75999999,3.660000086,0.180000007,,3.180000067,3.279999971,3.079999924,3.319999933,4.480000019,3.230000019,3.039999962,3.480000019,4.28000021,4.28000021,1.730000019,2.950000048,4.78000021,4.849999905,0.230000004,2.450000048,,1.580000043,0.980000019,0.74000001,,2.880000114,,0.680000007,3.450000048,4.429999828,0.980000019,1.980000019,2.660000086,3.119999886,2.099999905,3.049999952,5.329999924,2.799999952,1.099999905
1.0093E+14,Tirupathur1,Ground water,Cgwb,Tamil nadu,Sivaganga,Thiruppattur,Manual,Thiruppattur,Tirupathur,10.1583,78.575,1999-08-25,2025-01-30,Bore well,Unconfined,32,HGZ,MANUAL-Water Level,m,2.950000048,4.150000095,,5.849999905,,4.150000095,5.360000134,4.699999809,4.099999905,4.639999866,6.099999905,6.269999981,5.150000095,8.659999847,9.159999847,8.409999847,8.800000191,12.14999962,13.48999977,11.25,9.300000191,12.10000038,,10.17000008,3.220000029,5.199999809,5.0,,3.730000019,5.429999828,4.300000191,,3.299999952,5.300000191,2.5,2.299999952,2.299999952,,,4.130000114,3.319999933,4.559999943,4.480000019,2.650000095,2.450000048,3.299999952,4.71999979,5.900000095,2.349999905,3.099999905,,1.5,3.640000105,,4.699999809,4.480000019,5.25,6.130000114,6.949999809,,10.43999958,6.949999809,6.5,6.400000095,,6.869999886,7.730000019,7.900000095,8.470000267,13.05000019,10.80000019,8.609999657,8.119999886,10.71000004,,10.27999973,10.5,13.56000042,13.30000019,6.690000057,6.110000134,,10.85999966,10.14000034,7.699999809,,8.949999809,,,5.670000076,4.010000229,,,5.400000095,6.400000095,6.929999828,6.800000191,8.449999809,7.179999828,2.769999981
1.1073E+14,Lower anaicut,Ground water,Cgwb,Tamil nadu,Thanjavur,Thiruvidaimaruthur,Manual,Thiruvidaimaruthur,Lower anaicut,11.125,79.4542,1996-01-05,2025-01-30,Dug well,Unconfined,7.25,HGZ,MANUAL-Water Level,m,2.900000095,1.230000019,2.329999924,2.019999981,1.970000029,4.139999866,1.950000048,2.0,1.870000005,,2.900000095,2.400000095,2.650000095,4.980000019,5.010000229,2.650000095,2.980000019,3.650000095,5.260000229,1.200000048,2.309999943,4.099999905,0.75,2.059999943,2.130000114,4.21999979,3.450000048,2.099999905,2.579999924,4.400000095,2.0,2.200000048,2.200000048,4.699999809,2.130000114,2.099999905,1.909999967,4.46999979,2.519999981,1.899999976,2.599999905,3.049999952,4.099999905,1.940000057,1.809999943,4.75,2.0,2.0,1.850000024,3.400000095,,1.629999995,2.130000114,5.039999962,2.5,1.799999952,2.180000067,2.599999905,4.400000095,,2.200000048,2.569999933,,2.849999905,,4.300000191,5.699999809,2.900000095,5.199999809,6.0,6.400000095,2.779999971,2.599999905,5.699999809,2.349999905,1.919999957,2.5,3.400000095,3.0,1.25,3.200000048,,,1.970000029,1.850000024,,2.299999952,1.950000048,2.430000067,4.329999924,1.620000005,1.539999962,1.350000024,3.949999809,2.25,3.199999809,3.220000029,5.170000076,2.460000038,1.720000029
1.04405E+14,Melvastrachavdi,Ground water,Cgwb,Tamil nadu,Thanjavur,Thanjavur,Manual,Thanjavur,Melvastrachavdi,10.7347,79.1042,1996-01-05,2024-08-30,Dug well,Unconfined,21,HGZ,MANUAL-Water Level,m,19.39999962,26.46999931,5.53000021,,18.10000038,10.77000046,22.60000038,16.60000038,9.0,5.900000095,,8.979999542,21.39999962,23.79999924,4.630000114,,22.38999939,17.63999939,19.55999947,6.320000172,,17.79999924,14.30000019,10.30000019,18.80999947,18.31999969,23.20000076,14.60000038,19.20000076,18.79999924,15.10000038,17.20000076,17.85000038,7.170000076,8.720000267,8.800000191,8.600000381,15.60000038,15.39999962,19.70000076,3.0,15.35000038,16.89999962,4.690000057,16.0,16.95000076,16.14999962,,4.349999905,21.67000008,,9.779999733,19.12999916,19.39999962,,17.10000038,20.0,19.20000076,12.55000019,,15.97000027,,,8.260000229,,15.44999981,12.19999981,,14.52000046,,5.150000095,,2.75999999,16.95999908,,14.02999973,13.75,10.97000027,11.10000038,4.630000114,9.899999619,,,14.80000019,11.77000046,,17.90999985,10.93000031,,,13.02999973,12.40999985,15.61999989,,17.0,15.55000019,12.68000031,16.54999924,8.359999657,
1.0553E+14,Papanasam,Ground water,Cgwb,Tamil nadu,Thanjavur,Papanasam,Manual,Papanasam,Papanasam,10.925,79.275,1996-01-05,2025-01-30,Dug well,Unconfined,6.1,HGZ,MANUAL-Water Level,m,1.55,3.38,1.3,1.01,1.09,3.45,1.25,0.9,1.08,2.55,5.05,1.17,1.45,4.33,4.95,1.42,1.45,3.39,4.27,0.2,1.78,,1.95,0.21,1.46,3.5,1.13,1.05,1.08,3.58,1.55,1.09,0.93,1.57,1.2,1.05,1.15,3.32,2.87,1.07,2.15,3.35,4.38,0.77,1.0,3.78,1.1,0.66,1.15,3.65,,0.67,1.55,4.83,3.97,1.0,1.3,4.2,5.17,,1.2,3.72,,0.52,,4.45,5.15,2.78,4.71,5.3,5.3,2.02,1.55,4.75,2.1,1.29,2.25,4.55,5.35,0.65,1.65,,,2.12,0.85,,1.85,1.05,1.4,3.69,1.0,0.93,0.61,4.15,2.32,2.95,2.9,,3.9,0.9
1.0443E+14,Chattirapatti,Ground water,Cgwb,Tamil nadu,Tiruchirappalli,Srirangam,Manual,Srirangam,Chattirapatti,10.7417,78.5833,1996-01-05,2025-01-30,Dug well,Unconfined,21,HGZ,MANUAL-Water Level,m,4.199999809,6.5,,8.300000191,3.769999981,,11.39999962,10.30000019,11.89999962,,13.10000038,12.03999996,,15.18000031,15.19999981,13.61999989,14.39999962,11.06000042,13.30000019,4.860000134,16.25,15.09000015,13.30000019,,3.829999924,,11.60000038,8.050000191,7.75,14.39999962,11.69999981,13.0,,,6.610000134,12.06000042,6.099999905,14.30000019,13.72000027,18.93000031,,4.369999886,6.25,16.25,,14.69999981,10.69999981,6.449999809,5.610000134,7.550000191,,9.050000191,,17.73999977,16.29000092,9.699999809,7.300000191,13.19999981,15.89999962,,10.44999981,9.159999847,,7.800000191,,11.75,15.10000038,15.19999981,12.72000027,17.25,13.25,13.02999973,11.39999962,14.05000019,,1.919999957,10.75,15.19999981,8.600000381,4.53000021,14.64999962,,,14.10000038,3.700000048,,,1.0,1.059999943,4.420000076,2.150000095,2.680000067,3.71999979,3.599999905,4.760000229,4.0,13.5,7.570000172,9.989999771,16.5
1.0563E+14,Pullambadi1,Ground water,Cgwb,Tamil nadu,Tiruchirappalli,Lalgudi,Manual,Lalgudi,Pullambadi,10.9417,78.9125,1996-01-05,2025-01-30,Dug well,Unconfined,8.3,HGZ,MANUAL-Water Level,m,2.900000095,4.349999905,3.470000029,2.970000029,2.25,4.320000172,5.039999962,3.950000048,2.650000095,4.460000038,4.099999905,4.5,4.900000095,7.159999847,6.079999924,5.989999771,4.440000057,4.900000095,5.519999981,1.419999957,2.920000076,4.78000021,4.539999962,1.200000048,,4.800000191,4.599999905,2.730000019,2.75,4.550000191,2.25,2.900000095,2.0,4.599999905,5.0,3.579999924,1.899999976,4.650000095,4.46999979,3.700000048,2.150000095,4.349999905,5.800000191,3.920000076,2.299999952,4.340000153,1.700000048,2.529999971,2.170000076,4.099999905,,3.369999886,,5.909999847,,3.349999905,2.450000048,5.0,5.650000095,,0.699999988,1.5,,2.950000048,,4.619999886,4.349999905,3.769999981,4.5,4.800000191,4.119999886,,2.900000095,4.599999905,4.579999924,2.599999905,3.599999905,4.349999905,7.400000095,2.410000086,2.269999981,,,1.659999967,2.170000076,,,2.799999952,1.950000048,2.859999895,3.24000001,2.859999895,3.389999866,2.849999905,,3.299999714,2.420000076,4.380000114,3.950000048,2.399999857
1.10715E+14,Thathayangarpet,Ground water,Cgwb,Tamil nadu,Tiruchirappalli,Thottiyam,Manual,Thottiyam,Thathayangarpet,11.1208,78.4542,1996-01-05,2025-01-30,Dug well,Unconfined,29.53,HGZ,MANUAL-Water Level,m,11.10999966,16.76000023,,21.15999985,,,26.76000023,25.29999924,23.54000092,26.95999908,25.29000092,12.40999985,18.95999908,24.45999908,25.21999931,17.29000092,19.32999992,22.86000061,23.63999939,25.65999985,24.68000031,7.409999847,12.23999977,6.559999943,7.190000057,8.779999733,12.01000023,11.35999966,11.76000023,16.51000023,19.30999947,20.15999985,16.76000023,15.46000004,17.65999985,20.15999985,14.06000042,17.28000069,21.51000023,22.88999939,23.20999908,24.47999954,25.30999947,27.95999908,16.55999947,14.97999954,15.65999985,14.96000004,12.96000004,13.35999966,,12.21000004,,20.76000023,,24.36000061,,28.70000076,27.05999947,,23.0,14.73999977,,19.92000008,,24.65999985,23.86000061,25.15999985,27.04999924,27.45000076,28.10000038,23.63999939,25.20000076,28.54999924,27.25,24.70000076,27.25,27.21999931,28.69000053,26.57999992,25.01000023,,,25.05999947,23.55999947,,,20.63999939,11.75,11.5,11.36999989,10.72999954,21.29999924,11.01000023,12.22999954,12.65999985,13.27000046,18.29999924,14.23999977,12.30999947
1.1084E+14,Thurayur1,Ground water,Cgwb,Tamil nadu,Tiruchirappalli,Thuraiyur,Manual,Thuraiyur,Thurayur,11.1444,78.6,1999-01-05,2025-01-30,Bore well,Unconfined,99,HGZ,MANUAL-Water Level,m,,7.349999905,7.800000191,,,7.800000191,9.899999619,7.650000095,,,9.359999657,5.139999866,8.0,9.329999924,,6.920000076,6.650000095,5.949999809,8.470000267,5.150000095,7.320000172,7.829999924,7.460000038,2.700000048,3.880000114,5.900000095,,5.5,6.389999866,6.920000076,7.5,5.550000191,5.800000191,7.199999809,8.899999619,6.400000095,4.650000095,7.960000038,7.480000019,7.989999771,6.630000114,8.279999733,9.350000381,6.900000095,6.800000191,,8.25,5.25,4.849999905,6.900000095,,6.550000191,,12.69999981,10.35999966,9.260000229,9.100000381,10.55000019,11.5,,9.600000381,7.5,,5.119999886,,8.149999619,8.600000381,9.850000381,3.930000067,12.0,10.19999981,6.980000019,7.0,,9.949999809,7.599999905,9.949999809,11.64000034,13.19999981,7.150000095,8.5,,,7.400000095,6.650000095,,,4.199999809,4.230000019,6.360000134,5.699999809,,8.029999733,,,6.220000267,6.679999828,7.949999809,3.089999914,6.079999924
1.045E+14,Thuvakkudi,Ground water,Cgwb,Tamil nadu,Tiruchirappalli,Tiruchirappalli,Manual,Tiruchirappalli,Thuvakkudi,10.75,78.825,1996-01-05,2025-01-30,Dug well,Unconfined,11.1,HGZ,MANUAL-Water Level,m,2.220000029,1.309999943,,2.079999924,1.080000043,11.09000015,2.670000076,1.74000001,2.730000019,10.38000011,,3.539999962,,3.74000001,2.230000019,2.089999914,1.710000038,6.179999828,10.14000034,1.039999962,2.49000001,7.070000172,4.519999981,6.590000153,10.89000034,9.239999771,5.989999771,1.99000001,7.289999962,7.110000134,9.239999771,3.289999962,1.190000057,7.690000057,2.089999914,1.690000057,2.039999962,10.28999996,11.89999962,10.72999954,2.349999905,2.390000105,7.619999886,2.289999962,1.590000033,11.15999985,5.389999866,2.980000019,2.390000105,2.99000001,,1.690000057,,4.179999828,7.210000038,2.74000001,3.039999962,6.289999962,5.889999866,,2.069999933,3.319999933,,1.320000052,,3.450000048,2.190000057,5.389999866,3.950000048,,3.150000095,2.700000048,2.650000095,3.599999905,5.550000191,,4.440000057,5.489999771,5.789999962,2.289999962,2.559999943,,,3.24000001,1.389999986,,,1.0,1.149999976,2.900000095,2.700000048,2.529999971,2.24000001,2.819999933,2.910000086,1.99000001,2.359999895,4.239999771,5.130000114,2.190000057
1.0593E+14,Tottiyam,Ground water,Cgwb,Tamil nadu,Tiruchirappalli,Thottiyam,Manual,Thottiyam,Tottiyam,10.9917,78.3353,1999-01-05,2024-05-30,Bore well,Unconfined,49,HGZ,MANUAL-Water Level,m,7.53000021,9.25,11.27000046,8.5,,9.010000229,11.05000019,7.550000191,,9.100000381,9.220000267,1.75,4.199999809,9.369999886,,6.949999809,6.739999771,8.729999542,10.27999973,6.050000191,5.559999943,7.099999905,9.5,6.269999981,2.339999914,7.0,,0.75,6.039999962,8.0,9.619999886,8.739999771,3.700000048,5.800000191,7.599999905,3.099999905,2.200000048,5.980000019,7.110000134,7.230000019,5.329999924,7.199999809,8.050000191,7.400000095,5.840000153,,4.25,3.349999905,3.640000105,6.699999809,,,,,8.949999809,5.800000191,,7.5,9.220000267,,,3.900000095,,3.940000057,,7.300000191,8.100000381,,9.970000267,11.19999981,10.82999992,9.850000381,7.699999809,,5.099999905,7.599999905,10.93000031,10.34000015,12.5,9.31000042,7.400000095,,,7.570000172,6.480000019,,,4.460000038,4.599999905,7.340000153,5.960000038,5.389999866,9.629999161,,5.389999866,,7.349999905,9.619999886,,
1.1015E+14,Tumbalam,Ground water,Cgwb,Tamil nadu,Tiruchirappalli,Thottiyam,Manual,Thottiyam,Tumbalam,11.0306,78.4328,1996-01-05,2025-01-30,Dug well,Unconfined,16,HGZ,MANUAL-Water Level,m,3.099999905,8.199999809,,10.10000038,,,12.64999962,9.899999619,9.25,12.14999962,12.26000023,2.099999905,4.699999809,9.699999809,9.600000381,7.119999886,8.260000229,10.39999962,8.600000381,6.579999924,8.0,9.399999619,10.75,8.25,3.569999933,6.360000134,9.699999809,8.25,15.14999962,11.25,10.60000038,9.350000381,7.349999905,9.550000191,11.5,8.5,4.400000095,8.340000153,10.47000027,10.11999989,8.130000114,10.46000004,9.43999958,6.78000021,7.590000153,7.550000191,9.800000191,4.25,5.699999809,7.199999809,,2.910000086,,13.19999981,13.63000011,10.64999962,10.64999962,11.64999962,11.27000046,,9.140000343,8.899999619,,4.769999981,,8.75,9.25,9.880000114,11.02999973,11.88000011,11.21000004,10.64000034,9.579999924,12.35999966,11.81000042,,10.82999992,9.800000191,11.0,9.06000042,9.149999619,,,9.399999619,8.420000076,,,1.370000005,2.980000019,5.400000095,4.239999771,4.099999905,10.2300005,6.5,9.340000153,6.700000286,8.300000191,10.85999966,9.180000305,6.050000191
1.11105E+14,Avinashi1,Ground water,Cgwb,Tamil nadu,Tiruppur,Avinashi,Manual,Avinashi,Avinashi,11.1847,77.275,1996-01-05,2024-11-30,Dug well,Unconfined,24.82,HGZ,MANUAL-Water Level,m,13.72000027,12.68999958,16.42000008,15.13000011,15.97000027,16.31999969,16.12000084,16.07999992,16.02000046,17.31999969,18.48999977,17.04999924,17.35000038,14.75,16.22999954,15.47999954,16.25,16.61000061,17.0,16.35000038,16.96999931,17.22999954,17.64999962,15.31000042,14.69999981,17.01000023,17.87999916,16.5,13.96000004,14.93000031,15.32999992,12.93999958,11.42000008,13.13000011,11.86999989,9.25,7.949999809,10.94999981,12.64999962,12.75,11.38000011,15.44999981,15.17000008,13.25,10.5,7.25,11.25,13.10000038,9.850000381,13.39999962,,15.47999954,,17.64999962,17.72999954,15.13000011,17.97999954,17.18000031,17.26000023,,6.929999828,11.81000042,13.10000038,13.69999981,,16.0,17.39999962,20.04999924,19.39999962,20.85000038,22.14999962,,13.05000019,,,8.199999809,6.630000114,9.390000343,11.55000019,11.05000019,11.69999981,,15.10000038,14.85000038,15.35000038,,13.77999973,7.0,6.199999809,6.75,6.900000095,,5.0,5.349999905,,,,5.199999809,4.980000019,2.25
1.0363E+14,Kaniyur,Ground water,Cgwb,Tamil nadu,Tiruppur,Madathukulam,Manual,Madathukulam,Kaniyur,10.6083,77.3833,1996-01-05,2024-11-30,Dug well,Unconfined,8.87,HGZ,MANUAL-Water Level,m,0.519999981,2.390000105,1.299999952,0.620000005,1.789999962,3.079999924,2.900000095,2.930000067,0.800000012,3.980000019,5.21999979,0.600000024,2.029999971,4.75,6.639999866,5.75,4.0,4.769999981,2.950000048,1.200000048,1.570000052,2.470000029,2.430000067,,1.080000043,2.589999914,3.650000095,,2.630000114,3.730000019,4.179999828,1.309999943,0.949999988,2.50999999,2.269999981,1.5,1.5,3.319999933,3.599999905,3.5,1.75999999,3.940000057,3.75999999,1.200000048,1.100000024,2.299999952,3.5,0.800000012,1.25,,,3.680000067,,6.5,4.800000191,3.299999952,,6.079999924,5.440000057,,1.5,2.200000048,3.099999905,2.650000095,,1.919999957,3.529999971,4.0,4.349999905,6.599999905,7.650000095,3.700000048,5.389999866,,3.549999952,1.480000019,1.149999976,3.400000095,4.300000191,7.800000191,2.799999952,,4.400000095,4.199999809,2.150000095,,3.029999971,0.920000017,0.899999976,1.700000048,1.549999952,0.939999998,1.299999952,2.299999952,,,,3.380000114,3.400000095,2.25
1.11445E+14,Karamadai,Ground water,Cgwb,Tamil nadu,Tiruppur,Avinashi,Manual,Avinashi,Karamadai,11.2458,77.2125,1996-01-05,2024-11-30,Dug well,Unconfined,17.21,HGZ,MANUAL-Water Level,m,2.039999962,2.660000086,3.109999895,3.059999943,2.680000067,3.380000114,8.090000153,1.600000024,1.559999943,3.160000086,,3.25999999,,2.380000114,6.380000114,2.119999886,2.519999981,2.480000019,5.389999866,1.720000029,2.059999943,1.850000024,2.819999933,1.25,1.580000043,1.980000019,2.359999895,1.360000014,1.639999986,2.150000095,2.470000029,1.590000033,1.620000005,2.299999952,2.420000076,1.75,1.860000014,2.400000095,2.319999933,2.819999933,1.870000005,2.279999971,2.690000057,1.639999986,1.919999957,1.919999957,2.420000076,1.470000029,1.519999981,1.840000033,,1.720000029,,2.029999971,2.579999924,1.970000029,1.970000029,2.569999933,3.019999981,,,1.820000052,2.920000076,1.519999981,,1.059999943,2.019999981,3.0,2.599999905,3.119999886,7.670000076,1.820000052,2.170000076,,2.190000057,1.669999957,1.470000029,2.019999981,3.420000076,1.320000052,1.570000052,,1.820000052,2.069999933,1.519999981,,2.200000048,1.799999952,1.570000052,2.0,2.0,1.720000029,1.799999952,1.620000005,,,,1.649999976,1.820000052,1.419999957
1.03725E+14,Karattoluvu,Ground water,Cgwb,Tamil nadu,Tiruppur,Madathukulam,Manual,Madathukulam,Karattoluvu,10.6236,77.375,1998-11-05,2024-11-30,Bore well,Unconfined,39.65,HGZ,MANUAL-Water Level,m,1.75999999,,,1.799999952,4.159999847,2.170000076,2.109999895,2.099999905,1.700000048,3.519999981,2.440000057,1.080000043,1.429999948,3.420000076,4.420000076,2.5,2.180000067,3.799999952,,1.519999981,,2.230000019,1.970000029,2.019999981,,3.180000067,1.940000057,1.600000024,1.460000038,2.799999952,1.950000048,1.379999995,0.639999986,1.75999999,1.74000001,1.379999995,1.100000024,1.899999976,1.950000048,1.0,1.309999943,3.150000095,1.899999976,1.299999952,1.120000005,2.400000095,3.400000095,0.5,,2.049999952,,1.789999962,,,2.24000001,1.799999952,2.200000048,4.96999979,2.480000019,,2.0,1.25,1.710000038,1.549999952,,2.329999924,,2.019999981,3.400000095,5.349999905,,2.0,1.559999943,,0.600000024,1.200000048,1.649999976,3.74000001,3.650000095,1.299999952,1.549999952,,2.549999952,2.049999952,1.200000048,,1.570000052,0.670000017,1.0,1.549999952,1.649999976,0.790000021,1.100000024,1.950000048,,,,,2.450000048,1.799999952
1.05455E+14,Kettanur,Ground water,Cgwb,Tamil nadu,Tiruppur,Palladam,Manual,Palladam,Kettanur,10.9153,77.2611,1998-11-05,2024-11-30,Bore well,Unconfined,67.1,HGZ,MANUAL-Water Level,m,2.720000029,5.420000076,,4.71999979,5.860000134,8.869999886,12.0,,11.38000011,13.69999981,13.90999985,8.239999771,12.64999962,9.199999809,12.02000046,7.78000021,10.14000034,10.68999958,14.39999962,8.529999733,,9.109999657,8.529999733,11.93000031,6.699999809,8.229999542,9.930000305,8.050000191,7.159999847,10.39999962,8.56000042,5.730000019,4.389999866,5.880000114,7.320000172,3.720000029,3.400000095,6.96999979,8.300000191,10.18999958,7.429999828,10.60000038,10.92000008,8.899999619,4.150000095,1.649999976,4.400000095,1.700000048,0.75,2.049999952,,4.599999905,6.900000095,,10.56000042,8.840000153,10.68000031,9.390000343,,,0.850000024,4.28000021,7.0,10.18000031,,8.5,7.5,11.19999981,13.0,11.5,11.80000019,8.0,8.340000153,,4.590000153,2.400000095,2.5,2.75,3.799999952,1.620000005,1.980000019,,4.099999905,5.0,3.0,,5.25,2.269999981,1.580000043,1.850000024,2.700000048,1.179999948,1.499999881,2.349999905,,,,6.5,6.460000038,1.350000024
1.0293E+14,Kumaralingam,Ground water,Cgwb,Tamil nadu,Tiruppur,Madathukulam,Manual,Madathukulam,Kumaralingam,10.4917,77.35,1996-01-05,2024-11-30,Dug well,Unconfined,7.19,HGZ,MANUAL-Water Level,m,2.670000076,4.0,3.5,3.00999999,1.860000014,3.710000038,3.410000086,2.75999999,2.650000095,1.779999971,4.809999943,2.180000067,0.879999995,5.079999924,4.730000019,4.75,3.029999971,5.320000172,4.190000057,2.710000038,2.920000076,4.059999943,3.680000067,,2.650000095,3.519999981,3.299999952,1.850000024,2.970000029,4.610000134,3.49000001,1.860000014,1.519999981,3.349999905,1.5,1.629999995,2.410000086,4.349999905,3.549999952,2.900000095,2.230000019,4.880000114,2.710000038,2.180000067,2.369999886,3.5,3.329999924,1.100000024,2.950000048,4.659999847,,3.799999952,1.899999976,6.159999847,1.230000019,2.5,,5.829999924,1.409999967,,3.450000048,1.149999976,1.799999952,2.700000048,,5.460000038,2.099999905,1.710000038,3.930000067,6.349999905,4.75,1.049999952,0.899999976,,1.070000052,2.099999905,1.25999999,3.900000095,2.950000048,0.349999994,0.600000024,,1.850000024,0.850000024,1.769999981,,1.75,0.400000006,0.949999988,1.350000024,1.149999976,0.25,0.529999971,1.549999952,,,,0.75,0.349999994,0.0
1.029E+14,Kumaralingam1,Ground water,Cgwb,Tamil nadu,Tiruppur,Madathukulam,Manual,Madathukulam,Kumaralingam,10.4833,77.3667,1998-11-05,2024-11-30,Bore well,Unconfined,61,HGZ,MANUAL-Water Level,m,1.480000019,2.099999905,1.460000038,1.25999999,2.779999971,1.600000024,1.470000029,0.899999976,,1.929999948,1.74000001,0.670000017,1.029999971,1.669999957,1.720000029,1.899999976,1.179999948,2.420000076,2.150000095,0.850000024,,1.649999976,1.470000029,1.100000024,,1.470000029,1.299999952,0.620000005,2.150000095,2.220000029,1.299999952,0.75,0.99000001,1.879999995,1.649999976,1.100000024,1.279999971,2.519999981,1.779999971,1.120000005,1.00999999,3.099999905,2.019999981,1.149999976,1.5,2.700000048,,0.600000024,1.200000048,2.650000095,,1.450000048,,,1.379999995,0.860000014,1.5,3.269999981,1.559999943,,1.070000052,0.680000007,1.139999986,,,2.660000086,1.870000005,1.860000014,2.349999905,4.28000021,,1.350000024,2.25999999,,1.799999952,1.299999952,1.700000048,3.299999952,3.799999952,1.149999976,1.679999948,,3.549999952,1.549999952,0.949999988,,1.679999948,0.300000012,1.080000043,2.25,1.950000048,0.310000002,1.350000024,1.639999986,,,,1.159999967,1.279999971,1.049999952
1.105E+14,Nachipalayam,Ground water,Cgwb,Tamil nadu,Tiruppur,Palladam,Manual,Palladam,Nachipalayam,11.0833,77.4458,1996-01-05,2025-01-30,Dug well,Unconfined,13.51,HGZ,MANUAL-Water Level,m,1.879999995,2.890000105,3.089999914,2.299999952,3.970000029,3.660000086,5.179999828,,5.639999866,7.5,9.159999847,4.0,6.199999809,5.489999771,7.159999847,7.179999828,7.579999924,9.340000153,9.460000038,9.210000038,,6.880000114,11.14000034,6.429999828,4.880000114,5.46999979,7.53000021,,5.71999979,6.269999981,7.170000076,4.659999847,3.230000019,4.599999905,6.920000076,3.599999905,3.619999886,6.230000019,7.579999924,7.070000172,4.710000038,6.25,6.400000095,4.420000076,2.980000019,3.200000048,4.800000191,3.700000048,2.549999952,3.549999952,,6.199999809,7.099999905,9.220000267,9.300000191,,6.519999981,5.5,,,5.849999905,6.860000134,6.929999828,7.099999905,,7.050000191,6.929999828,6.150000095,7.849999905,6.449999809,7.199999809,6.320000172,7.25,,7.599999905,6.429999828,7.25,7.159999847,8.75,4.849999905,5.449999809,,4.050000191,4.349999905,4.199999809,,5.269999981,0.600000024,3.910000086,5.099999905,8.25,3.5,3.850000143,4.730000019,6.950000286,5.820000172,,6.980000019,4.909999847,5.619999886
1.1045E+14,Nachipalayam1,Ground water,Cgwb,Tamil nadu,Tiruppur,Palladam,Manual,Palladam,Nachipalayam,11.0806,77.4528,1998-11-05,2024-11-30,Bore well,Unconfined,108,HGZ,MANUAL-Water Level,m,2.549999952,,,2.599999905,3.00999999,3.599999905,5.150000095,,5.800000191,2.5,,4.190000057,6.119999886,5.519999981,7.230000019,7.0,7.679999828,9.039999962,9.729999542,9.050000191,,6.900000095,9.119999886,7.230000019,4.099999905,5.420000076,7.539999962,5.090000153,4.860000134,6.199999809,7.179999828,4.630000114,3.200000048,4.769999981,6.079999924,,4.099999905,5.900000095,7.849999905,7.179999828,4.75,6.409999847,7.559999943,5.0,2.900000095,3.599999905,5.099999905,3.700000048,2.25,4.25,,6.25,7.0,,9.180000305,4.760000229,6.480000019,9.199999809,7.760000229,,,5.909999847,7.0,7.199999809,,7.909999847,6.929999828,6.550000191,7.900000095,6.599999905,7.650000095,6.400000095,7.21999979,,8.300000191,6.449999809,6.949999809,7.599999905,8.300000191,4.75,5.449999809,,3.900000095,4.400000095,4.300000191,,5.119999886,3.950000048,3.849999905,5.25,4.980000019,3.5,3.75,4.550000191,,,,6.940000057,5.150000095,8.350000381
1.0593E+14,Palladam2,Ground water,Cgwb,Tamil nadu,Tiruppur,Palladam,Manual,Palladam,Palladam,10.9917,77.2806,2000-01-05,2024-11-30,Bore well,Unconfined,49,HGZ,MANUAL-Water Level,m,8.25,9.199999809,8.930000305,9.039999962,9.029999733,10.0,10.47000027,,9.399999619,,13.19999981,14.56999969,10.55000019,11.92000008,13.76000023,13.44999981,13.78999996,15.22999954,15.98999977,14.5,13.72000027,15.18000031,15.26000023,14.39999962,10.43999958,10.67000008,10.75,11.06000042,11.13000011,12.18999958,12.14000034,10.06000042,7.960000038,8.630000114,9.789999962,7.659999847,7.800000191,9.0,9.979999542,10.18000031,8.470000267,10.10000038,11.35000038,8.329999924,6.050000191,5.599999905,6.349999905,4.699999809,4.400000095,5.71999979,,5.130000114,4.599999905,,7.53000021,,8.119999886,6.800000191,10.89999962,,4.360000134,5.599999905,6.539999962,6.099999905,,6.840000153,7.670000076,8.649999619,7.949999809,8.75,,7.400000095,7.369999886,,,7.0,7.099999905,8.550000191,8.600000381,7.75,7.800000191,,8.800000191,8.550000191,8.300000191,,9.0,8.449999809,7.579999924,8.75,8.800000191,7.480000019,7.400000095,8.100000381,,,,8.579999924,8.449999809,8.079999924
1.035E+14,Udumalpet1,Ground water,Cgwb,Tamil nadu,Tiruppur,Udumalpet,Manual,Udumalpet,Udumalpet,10.5833,77.2472,1996-01-05,2024-11-30,Dug well,Unconfined,19.03,HGZ,MANUAL-Water Level,m,1.480000019,2.079999924,2.420000076,1.809999943,0.74000001,2.579999924,2.609999895,2.069999933,2.079999924,3.180000067,2.789999962,1.320000052,1.659999967,,3.359999895,2.579999924,1.179999948,3.049999952,,3.160000086,2.519999981,1.919999957,1.679999948,1.080000043,0.5,1.539999962,,1.049999952,1.779999971,1.799999952,1.980000019,1.879999995,0.959999979,1.99000001,1.74000001,0.239999995,1.360000014,1.710000038,2.329999924,1.399999976,1.649999976,1.940000057,2.140000105,1.080000043,1.529999971,1.779999971,1.779999971,0.680000007,1.480000019,1.830000043,,1.779999971,1.399999976,2.680000067,3.130000114,,2.869999886,3.700000048,3.400000095,,2.529999971,1.830000043,2.230000019,1.850000024,,0.920000017,2.079999924,1.929999948,2.079999924,2.829999924,3.980000019,,2.180000067,,2.380000114,1.879999995,1.929999948,1.179999948,2.029999971,1.029999971,1.529999971,,1.879999995,0.930000007,1.129999995,,2.200000048,0.449999988,1.299999952,1.5,2.150000095,0.850000024,1.560000062,1.480000019,,,,,1.600000024,1.029999971
1.31215E+14,Padiyanallur,Ground water,Cgwb,Tamil nadu,Tiruvallur,Ponneri,Manual,Ponneri,Padiyanallur,13.2042,80.1792,1996-01-05,2025-01-30,Dug well,Unconfined,99,HGZ,MANUAL-Water Level,m,2.00999999,4.550000191,,3.180000067,3.529999971,,,1.25,,6.360000134,2.0,1.299999952,2.299999952,,5.900000095,,,2.369999886,6.699999809,1.809999943,1.279999971,6.699999809,6.050000191,1.350000024,1.600000024,5.5,4.039999962,0.959999979,4.449999809,6.699999809,1.899999976,1.409999967,0.600000024,3.440000057,2.799999952,1.659999967,1.75999999,,6.699999809,6.699999809,,2.319999933,1.120000005,1.299999952,1.5,,3.319999933,3.049999952,,10.10000038,,1.399999976,2.599999905,6.699999809,6.420000076,,3.579999924,6.699999809,5.019999981,,2.779999971,5.949999809,,4.46999979,,4.420000076,5.940000057,,4.96999979,6.199999809,,1.149999976,3.349999905,7.0,,3.599999905,6.099999905,6.699999809,6.699999809,2.25,4.050000191,,6.699999809,1.200000048,1.529999971,,2.829999924,0.699999988,1.25,5.980000019,6.400000095,1.269999981,1.5,5.0,3.599999905,,1.360000014,,2.569999933,1.25
1.30345E+14,Tirumazhisai,Ground water,Cgwb,Tamil nadu,Tiruvallur,Poonamallee,Manual,Poonamallee,Tirumazhisai,13.0625,80.0625,1996-01-05,2025-01-30,Dug well,Unconfined,8.5,HGZ,MANUAL-Water Level,m,4.26,5.87,,5.45,5.84,6.25,,2.97,4.14,6.13,5.92,4.22,5.02,8.42,6.1,,,6.02,6.55,5.17,5.87,6.25,6.22,3.02,1.35,2.94,3.57,2.26,2.66,3.86,3.42,2.62,1.3,2.5,3.3,2.62,2.42,2.98,3.91,4.05,,3.42,3.66,3.17,2.32,7.24,3.92,1.52,1.04,4.15,,2.63,4.62,6.0,4.5,1.73,4.52,6.66,4.22,,6.15,7.15,6.6,7.04,,4.08,5.0,5.4,4.81,6.0,6.0,,3.45,5.8,7.3,7.3,7.27,7.82,7.57,6.62,6.72,,6.62,7.52,5.72,,5.35,3.79,1.83,4.01,4.34,2.61,2.52,4.42,3.82,,3.02,4.32,4.21,3.82
1.31115E+14,Tiruttani,Ground water,Cgwb,Tamil nadu,Tiruvallur,Tiruttani,Manual,Tiruttani,Tiruttani,13.1875,79.6083,1996-01-05,2025-01-30,Dug well,-,10.75,HGZ,MANUAL-Water Level,m,0.899999976,3.589999914,,2.069999933,1.5,3.549999952,6.0,0.039999999,,5.929999828,4.489999771,1.49000001,2.769999981,8.090000153,2.49000001,,,6.199999809,5.070000172,0.479999989,1.519999981,,6.650000095,1.00999999,0.720000029,3.339999914,4.090000153,1.690000057,0.790000021,5.289999962,2.819999933,1.399999976,0.330000013,3.690000057,4.340000153,3.690000057,3.089999914,,4.809999943,10.10000038,,4.900000095,0.99000001,0.090000004,0.49000001,3.779999971,1.320000052,0.310000002,0.49000001,,,0.529999971,2.24000001,,3.440000057,0.439999998,2.710000038,4.489999771,5.03000021,,2.5,7.090000153,6.090000153,1.730000019,,4.739999771,5.039999962,4.789999962,3.700000048,6.630000114,4.300000191,0.300000012,5.769999981,6.699999809,9.899999619,4.199999809,9.399999619,9.390000343,3.440000057,0.439999998,0.949999988,,1.289999962,0.870000005,0.540000021,,1.649999976,0.300000012,1.899999976,4.400000095,2.700000048,2.0,1.200000048,3.49000001,1.940000057,,2.49000001,3.960000038,0.949999988,0.839999974
1.2153E+14,Anandavadi,Ground water,Cgwb,Tamil nadu,Tiruvannamalai,Chengam,Manual,Chengam,Anandavadi,12.2583,78.6625,1996-01-05,2024-11-30,Dug well,Unconfined,10.47,HGZ,MANUAL-Water Level,m,7.25,9.239999771,8.68999958,5.090000153,4.559999943,7.550000191,12.43999958,3.190000057,3.160000086,10.81999969,10.61999989,,8.369999886,10.57999992,8.590000153,5.889999866,8.590000153,5.539999962,6.739999771,4.579999924,4.789999962,8.25,,3.019999981,2.319999933,7.929999828,8.0,8.600000381,8.25,8.300000191,8.199999809,4.550000191,3.279999971,7.900000095,6.139999866,8.56000042,7.690000057,8.75,8.399999619,4.360000134,7.139999866,9.039999962,8.470000267,8.890000343,,8.890000343,8.739999771,4.840000153,3.039999962,8.539999962,,5.170000076,7.090000153,8.149999619,8.699999809,5.579999924,8.329999924,8.149999619,8.210000038,,10.11999989,8.640000343,,3.950000048,,7.800000191,8.119999886,,8.640000343,8.789999962,8.640000343,,4.489999771,6.440000057,8.239999771,8.43999958,8.43999958,8.609999657,8.539999962,7.539999962,7.75,,8.739999771,6.440000057,5.440000057,,8.350000381,6.900000095,2.75999999,5.699999809,5.769999981,6.539999962,6.240000248,7.840000153,6.690000057,,5.940000057,8.0,4.159999847,6.039999962
1.2274E+14,Chetpet1,Ground water,Cgwb,Tamil nadu,Tiruvannamalai,Polur,Manual,Polur,Chetpet,12.4611,79.3583,1996-01-05,2024-11-30,Dug well,Unconfined,14.55,HGZ,MANUAL-Water Level,m,2.25999999,5.570000172,5.599999905,5.150000095,1.600000024,6.75,6.150000095,1.850000024,,7.050000191,4.760000229,7.949999809,5.579999924,,7.0,4.650000095,4.650000095,3.650000095,2.849999905,0.850000024,1.870000005,3.650000095,,1.549999952,0.949999988,1.74000001,3.950000048,0.949999988,1.399999976,3.549999952,3.75,9.5,1.370000005,2.589999914,2.880000114,1.799999952,0.949999988,3.150000095,4.699999809,2.950000048,1.710000038,4.300000191,5.449999809,4.909999847,,2.339999914,0.949999988,1.600000024,1.200000048,3.549999952,,2.039999962,1.25,,5.949999809,4.300000191,4.769999981,8.149999619,,,3.589999914,6.480000019,6.849999905,0.129999995,,2.200000048,2.549999952,,5.349999905,8.369999886,3.150000095,,,2.950000048,4.849999905,5.349999905,4.25,8.029999733,8.300000191,2.0,1.830000043,,3.650000095,3.349999905,0.699999988,,2.299999952,2.5,0.75,1.649999976,1.779999971,0.25,2.25,3.900000095,4.949999809,,3.75,6.409999847,5.170000076,4.949999809
1.2393E+14,Cheyyar2,Ground water,Cgwb,Tamil nadu,Tiruvannamalai,Cheyyar,Manual,Cheyyar,Cheyyar,12.6583,79.5333,1996-01-05,2024-11-30,Dug well,Unconfined,11.76,HGZ,MANUAL-Water Level,m,4.27,5.44,5.49,4.74,3.92,6.44,6.94,2.59,1.17,4.3,,2.54,2.3,4.34,3.89,1.44,2.74,2.35,3.29,1.4,0.52,3.69,,1.14,1.64,4.09,4.37,3.44,3.02,5.34,4.02,0.99,1.04,2.94,3.54,2.51,1.56,4.25,4.74,3.74,2.84,5.6,,1.49,,3.51,2.58,1.04,1.04,4.09,,0.92,1.54,3.99,3.06,1.26,1.99,,5.37,,2.63,5.6,5.64,0.32,,2.32,3.24,2.28,2.34,4.24,2.54,,1.89,4.64,,,4.19,7.24,6.94,1.64,2.24,,4.84,1.59,0.89,,2.7,0.9,0.92,3.74,3.66,0.74,1.74,3.04,3.04,,1.49,3.94,1.54,1.8399999
1.2123E+14,Melravandavadi,Ground water,Cgwb,Tamil nadu,Tiruvannamalai,Chengam,Manual,Chengam,Melravandavadi,12.2083,78.7083,1998-08-25,2024-05-30,Bore well,Unconfined,49.6,HGZ,MANUAL-Water Level,m,8.840000153,8.899999619,,6.400000095,4.0,6.760000229,7.449999809,4.099999905,4.739999771,,,7.989999771,6.699999809,8.949999809,,3.299999952,8.050000191,4.349999905,6.670000076,2.039999962,2.650000095,5.5,,,0.720000029,4.800000191,7.239999771,6.800000191,6.150000095,9.0,9.680000305,5.800000191,1.929999948,5.099999905,6.900000095,,4.349999905,6.130000114,7.610000134,7.800000191,4.300000191,6.800000191,8.0,6.699999809,,5.510000229,6.940000057,4.099999905,2.25,6.5,,4.480000019,5.25,,9.300000191,8.319999695,8.180000305,9.899999619,10.73999977,,5.849999905,8.119999886,8.199999809,1.460000038,,5.650000095,5.75,,,9.819999695,10.0,1.070000052,7.0,8.600000381,10.51000023,8.0,7.849999905,9.779999733,9.899999619,5.650000095,5.420000076,,6.699999809,5.050000191,3.200000048,,6.599999905,,1.0,5.079999924,5.320000172,2.200000048,2.400000095,,6.590000153,,6.059999943,7.840000153,,
1.2063E+14,Thanipadi,Ground water,Cgwb,Tamil nadu,Tiruvannamalai,Chengam,Manual,Chengam,Thanipadi,12.1083,78.8375,1996-01-05,2024-11-30,Dug well,Unconfined,12.9,HGZ,MANUAL-Water Level,m,3.97,6.8,,3.65,2.5,5.75,7.75,4.15,4.36,8.09,8.52,4.05,6.1,7.77,2.69,3.13,7.6,3.95,4.9,2.27,7.27,6.25,,4.4,0.86,5.3,5.77,1.7,2.75,5.9,5.7,0.6,0.48,4.5,4.3,3.75,2.4,6.3,6.4,3.6,1.52,4.8,5.86,3.65,,5.33,4.05,2.1,0.9,5.55,,1.4,3.6,6.3,5.98,0.21,3.32,5.8,5.02,,2.45,4.5,4.5,0.1,,5.65,6.75,4.63,6.9,7.47,3.8,,3.15,6.25,6.85,3.4,4.3,7.15,7.4,2.65,4.0,,3.45,1.65,0.55,,5.1,4.35,1.25,5.28,5.39,1.15,2.15,5.55,5.55,,3.5300002,6.22,4.65,4.65
1.23008E+14,Vandavasi1,Ground water,Cgwb,Tamil nadu,Tiruvannamalai,Vandavasi,Manual,Vandavasi,Vandavasi,12.5022,79.6056,2000-01-05,2024-11-30,Bore well,Unconfined,44.5,HGZ,MANUAL-Water Level,m,2.079999924,2.960000038,1.600000024,1.200000048,0.370000005,3.190000057,3.099999905,2.099999905,1.309999943,3.680000067,6.519999981,1.700000048,2.269999981,4.949999809,,2.329999924,4.050000191,3.400000095,5.269999981,1.75999999,2.289999962,3.700000048,,1.450000048,0.860000014,3.400000095,3.700000048,,,,3.369999886,1.379999995,1.360000014,2.700000048,3.200000048,1.75,,4.199999809,5.150000095,2.0,1.620000005,,4.170000076,2.019999981,,3.119999886,1.700000048,,0.649999976,3.700000048,,0.720000029,2.700000048,,3.599999905,2.359999895,2.99000001,5.050000191,2.730000019,,7.789999962,5.460000038,5.699999809,,,4.199999809,2.799999952,1.75,2.5,5.019999981,1.399999976,1.0,,4.800000191,5.5,2.400000095,3.099999905,4.630000114,2.930000067,1.700000048,1.200000048,,2.799999952,2.299999952,0.400000006,,5.099999905,1.399999976,0.550000012,2.630000114,3.140000105,0.600000024,0.899999976,1.399999976,1.730000019,,0.769999981,2.470000029,1.299999952,1.289999962
1.22745E+14,Alankuppam,Ground water,Cgwb,Tamil nadu,Vellore,Thiruppathur,Manual,Thiruppathur,Alankuppam,12.4625,78.4667,1996-01-05,2025-01-30,Dug well,Unconfined,13.3,HGZ,MANUAL-Water Level,m,9.529999733,10.05000019,11.0,7.699999809,9.800000191,12.92000008,12.05000019,1.950000048,5.559999943,8.18999958,13.03999996,10.68999958,,11.90999985,10.52000046,10.5,12.18999958,,11.11999989,12.47000027,10.97000027,13.47000027,14.97000027,12.86999989,5.480000019,6.170000076,5.900000095,5.050000191,4.5,6.070000172,5.769999981,5.019999981,4.920000076,6.269999981,6.96999979,6.25,6.019999981,7.46999979,7.409999847,6.570000172,6.260000229,7.369999886,6.769999981,6.630000114,5.610000134,7.019999981,6.519999981,,6.269999981,7.869999886,,6.820000172,7.769999981,8.319999695,7.96999979,8.369999886,7.769999981,10.36999989,9.210000038,,12.93000031,11.06999969,12.48999977,6.829999924,,6.360000134,6.21999979,7.369999886,7.0,9.800000191,5.619999886,5.880000114,5.679999828,6.400000095,5.679999828,5.239999771,6.480000019,7.619999886,6.019999981,6.170000076,6.21999979,,7.070000172,6.389999866,4.090000153,,4.309999943,2.049999952,2.200000048,2.50999999,3.049999952,2.75,2.670000076,4.019999981,4.440000057,2.789999962,2.75,4.849999905,4.739999771,
1.254E+14,Arcot2,Ground water,Cgwb,Tamil nadu,Vellore,Arcot,Manual,Arcot,Arcot,12.9,79.325,1996-01-05,2025-01-30,Dug well,Unconfined,10.75,HGZ,MANUAL-Water Level,m,3.72,6.25,4.5,2.35,2.35,4.51,4.15,2.05,2.47,6.26,5.5,,4.05,7.15,3.94,3.52,4.43,4.95,5.25,4.17,,5.15,6.3,4.17,,4.9,5.0,2.95,3.2,4.5,,2.15,2.35,3.25,,,1.1,4.86,4.7,3.62,2.12,,,2.92,2.11,3.05,2.9,,2.9,4.15,,2.05,3.4,4.8,4.4,2.25,3.7,5.75,4.45,,3.98,1.67,0.93,0.1,,4.95,3.5,2.92,2.05,,0.48,2.17,,4.85,2.55,5.58,4.53,4.85,5.55,1.08,0.73,,3.77,2.05,0.9,,1.42,0.87,0.81,4.51,3.6,2.25,,,1.41,0.94,0.63,3.65,2.89,
1.25745E+14,Avarakarai,Ground water,Cgwb,Tamil nadu,Vellore,Walajah,Manual,Walajah,Avarakarai,12.9625,79.2875,1998-08-25,2025-01-30,Bore well,Unconfined,39.6,HGZ,MANUAL-Water Level,m,4.92,,,3.53,2.9,5.72,5.1,3.5,2.39,5.58,,,,,4.84,3.23,3.76,4.46,5.95,4.0,3.5,4.2,6.2,1.9,1.6,5.5,4.78,2.45,2.57,,4.9,2.05,1.35,3.25,3.7,,2.23,4.24,4.87,5.04,3.44,5.2,5.51,3.86,0.56,2.9,2.7,,1.15,5.3,,0.75,2.6,,3.1,0.78,,5.05,4.83,,2.8,,,1.48,,3.66,2.91,3.84,3.0,5.25,3.17,0.71,1.65,4.4,3.85,3.57,3.62,5.25,3.53,0.78,0.66,,2.61,2.22,1.0,,0.28,,,2.18,1.36,1.21,0.8299999,2.02,0.66,1.16,0.31,1.86,0.5,
1.2284E+14,Kandili,Ground water,Cgwb,Tamil nadu,Vellore,Thiruppathur,Manual,Thiruppathur,Kandili,12.4778,78.4556,1998-08-25,2025-01-30,Bore well,Unconfined,42.9,HGZ,MANUAL-Water Level,m,4.019999981,,,8.899999619,9.899999619,14.35000038,,2.029999971,13.06999969,12.57999992,15.19999981,14.19999981,15.80000019,18.06999969,19.03000069,15.96000004,16.71999931,20.60000038,21.29999924,19.42000008,20.89999962,26.29999924,28.21999931,9.800000191,10.10999966,13.60000038,15.42000008,15.35000038,15.0,21.89999962,17.70000076,14.19999981,14.10000038,16.75,,18.65999985,13.52999973,,22.25,14.14999962,13.30000019,18.70000076,9.720000267,16.5,12.97000027,17.10000038,18.39999962,,15.75,18.0,,14.39999962,14.89999962,,20.60000038,11.5,13.69999981,17.60000038,,,17.42000008,14.94999981,18.79999924,12.80000019,,15.56000042,16.82999992,18.90999985,20.20000076,21.10000038,20.75,10.27999973,12.76000023,17.39999962,20.04999924,18.14999962,19.39999962,21.69000053,22.06999969,18.71999931,19.64999962,,10.14000034,11.40999985,12.38000011,,13.18000031,11.69999981,6.510000229,9.569999695,6.71999979,4.360000134,4.800000191,,6.380000114,5.420000076,5.449999809,8.699999809,8.06000042,
1.2344E+14,Kavalur,Ground water,Cgwb,Tamil nadu,Vellore,Vaniyambadi,Manual,Vaniyambadi,Kavalur,12.5778,78.8125,1996-01-05,2025-01-30,Dug well,Unconfined,14,HGZ,MANUAL-Water Level,m,8.149999619,11.39999962,11.35000038,7.829999924,7.550000191,13.46000004,10.14999962,5.650000095,6.849999905,10.30000019,10.72999954,11.22999954,,12.65999985,11.02000046,8.720000267,10.56999969,10.60000038,11.39999962,7.199999809,10.10000038,11.5,11.34000015,6.329999924,4.800000191,9.199999809,11.27000046,8.0,8.550000191,11.89999962,11.69999981,7.599999905,6.449999809,9.899999619,10.10000038,9.460000038,7.75,10.92000008,10.60000038,9.899999619,9.050000191,12.75,11.43000031,10.02000046,5.940000057,10.60000038,,,5.050000191,11.39999962,,10.30000019,9.600000381,12.64999962,14.0,11.27999973,8.899999619,14.0,14.0,,11.38000011,12.67000008,12.5,12.19999981,,12.56000042,12.60000038,12.48999977,12.69999981,12.19999981,12.5,9.479999542,10.35000038,12.39999962,12.67000008,12.61999989,12.5,12.75,12.25,12.64000034,12.63000011,,12.76000023,12.56999969,10.39999962,,12.60000038,12.10000038,7.53000021,11.61999989,7.0,,,12.80000019,,11.30999947,11.38000011,13.0,12.52000046,
1.2574E+14,Kv kuppam,Ground water,Cgwb,Tamil nadu,Vellore,Katpadi,Manual,Katpadi,Kv kuppam,12.9611,78.98,1998-08-25,2025-01-30,Bore well,Unconfined,49.5,HGZ,MANUAL-Water Level,m,14.31999969,15.31999969,,1.0,14.89999962,8.579999924,8.659999847,15.75,7.570000172,18.45000076,18.89999962,18.60000038,18.79000092,18.96999931,17.98999977,16.47999954,17.0,18.43000031,19.29999924,19.45000076,18.5,20.39999962,18.29999924,17.5,8.550000191,18.60000038,18.64999962,18.42000008,18.45000076,9.399999619,21.70000076,18.95000076,17.39999962,18.35000038,18.39999962,1.559999943,17.39999962,,20.39999962,,,19.0,,18.12999916,,18.10000038,29.39999962,,14.0,22.5,,19.10000038,22.89999962,,,18.10000038,18.39999962,18.53000069,18.23999977,,18.29999924,18.72999954,18.60000038,17.84000015,,17.29999924,15.25,16.04999924,6.0,19.04999924,,12.14999962,13.17000008,15.06999969,16.79999924,15.76000023,15.56999969,18.42000008,18.34000015,21.79999924,18.30999947,,18.31999969,19.35000038,18.87000084,,1.840000033,14.35000038,,8.159999847,,4.880000114,,7.53000021,6.920000076,5.869999886,5.619999886,7.039999962,5.840000153,
1.2593E+14,Lalpet,Ground water,Cgwb,Tamil nadu,Vellore,Walajah,Manual,Walajah,Lalpet,12.9917,79.3083,1996-01-05,2024-08-30,Dug well,Unconfined,12.8,HGZ,MANUAL-Water Level,m,5.130000114,12.69999981,12.85000038,9.470000267,9.699999809,10.21000004,12.19999981,6.599999905,7.920000076,9.449999809,12.30000019,,12.15999985,12.30000019,6.96999979,2.079999924,3.5,4.099999905,6.800000191,4.119999886,4.550000191,10.80000019,12.30000019,4.119999886,9.119999886,7.25,7.840000153,5.329999924,6.650000095,10.05000019,7.099999905,2.950000048,3.700000048,7.75,10.39999962,,,8.420000076,8.659999847,9.399999619,5.75,10.60000038,9.600000381,,2.099999905,7.28000021,6.650000095,,3.700000048,8.550000191,,4.300000191,6.25,9.5,8.550000191,4.039999962,6.199999809,9.300000191,8.260000229,,6.050000191,8.899999619,7.550000191,2.180000067,,6.199999809,6.800000191,7.619999886,6.699999809,9.149999619,4.349999905,1.820000052,4.369999886,7.199999809,7.329999924,6.840000153,6.880000114,8.649999619,6.5,2.920000076,3.180000067,,5.550000191,5.880000114,3.190000057,,,1.00999999,1.299999952,5.630000114,,4.650000095,4.25,4.899999619,4.239999771,2.319999933,2.460000038,7.0,3.799999952,
1.254E+14,Palligonda,Ground water,Cgwb,Tamil nadu,Vellore,Vellore,Manual,Vellore,Palligonda,12.9,78.9458,1998-08-25,2025-01-30,Bore well,Unconfined,52.2,HGZ,MANUAL-Water Level,m,10.11999989,11.0,,10.19999981,8.149999619,9.489999771,11.36999989,7.400000095,4.949999809,8.949999809,10.01000023,7.739999771,10.63000011,12.22000027,5.199999809,7.519999981,6.159999847,7.840000153,6.5,7.0,8.5,11.60000038,12.22000027,11.5,2.5,5.599999905,8.090000153,9.100000381,7.199999809,9.600000381,11.55000019,10.69999981,5.849999905,7.199999809,8.899999619,10.0,6.579999924,10.14999962,10.30000019,8.100000381,7.550000191,10.69999981,9.800000191,9.010000229,4.380000114,7.699999809,9.199999809,,5.300000191,10.0,,10.19999981,8.100000381,,11.89999962,8.409999847,9.850000381,7.199999809,13.65999985,,10.25,12.88000011,12.43000031,8.949999809,,6.710000038,7.25,9.279999733,10.0,13.10999966,9.159999847,1.860000014,3.339999914,7.210000038,9.260000229,9.210000038,9.800000191,13.69999981,16.46999931,10.11999989,9.029999733,,10.48999977,9.899999619,4.659999847,,7.820000172,5.050000191,1.74000001,6.53000021,6.789999962,7.099999905,,11.29999924,15.11999989,9.269999504,8.649999619,14.60000038,11.69999981,
1.2222E+14,Perambattu,Ground water,Cgwb,Tamil nadu,Vellore,Thiruppathur,Manual,Thiruppathur,Perambattu,12.3722,78.5889,1996-01-05,2025-01-30,Dug well,Unconfined,15.6,HGZ,MANUAL-Water Level,m,7.820000172,5.389999866,14.14000034,12.03999996,11.01000023,10.63000011,15.27000046,4.489999771,5.599999905,9.680000305,9.619999886,1.379999995,,,14.48999977,7.820000172,5.610000134,13.34000015,11.43999958,10.39000034,10.34000015,14.78999996,17.54000092,6.739999771,8.409999847,8.840000153,11.77000046,11.34000015,10.78999996,16.19000053,13.84000015,11.98999977,8.789999962,12.39000034,14.53999996,17.44000053,,14.73999977,18.13999939,,,14.75,,11.86999989,6.860000134,9.140000343,7.989999771,,12.53999996,11.14000034,,8.640000343,9.390000343,14.18999958,12.0,15.53999996,13.14999962,15.5,,,7.019999981,15.39999962,,13.93999958,,9.739999771,4.690000057,14.14999962,15.44999981,5.949999809,14.14999962,6.800000191,6.380000114,10.13000011,9.93999958,14.34000015,14.64000034,14.64000034,14.73999977,11.56999969,11.39000034,,8.619999886,6.340000153,5.840000153,,9.699999809,,4.710000038,,4.389999866,4.590000153,5.440000057,7.940000057,9.960000038,2.390000105,7.5,,9.220000267,
1.25545E+14,Ranipet1,Ground water,Cgwb,Tamil nadu,Vellore,Walajah,Manual,Walajah,Ranipet,12.9292,79.3417,1996-01-05,2025-01-30,Dug well,Unconfined,8,HGZ,MANUAL-Water Level,m,4.03000021,1.799999952,2.0,2.049999952,4.0,,,4.0,,6.800000191,4.900000095,,2.559999943,4.099999905,1.370000005,1.779999971,3.069999933,1.200000048,2.299999952,1.580000043,4.150000095,2.799999952,2.549999952,1.580000043,,3.75,2.069999933,1.0,2.049999952,2.049999952,1.25,0.899999976,1.350000024,1.950000048,1.399999976,1.5,1.539999962,2.900000095,1.950000048,1.879999995,1.5,3.0,0.180000007,0.970000029,1.549999952,2.200000048,1.149999976,,1.5,2.950000048,,0.699999988,2.799999952,4.300000191,3.0,1.5,2.5,2.700000048,1.99000001,,1.899999976,0.400000006,1.700000048,0.400000006,,2.180000067,1.25,1.820000052,2.150000095,3.599999905,0.899999976,1.149999976,3.049999952,3.5,2.049999952,2.589999914,1.899999976,2.5,2.819999933,0.800000012,1.299999952,,1.700000048,1.549999952,1.620000005,,1.950000048,1.899999976,1.519999981,3.309999943,2.25,2.670000076,1.5,2.200000048,2.210000038,2.059999943,1.129999995,2.599999905,1.149999976,
1.306E+14,Sholingar1,Ground water,Cgwb,Tamil nadu,Vellore,Walajah,Manual,Walajah,Sholingar,13.1,79.4333,1996-01-05,2025-01-30,Dug well,Unconfined,12.35,HGZ,MANUAL-Water Level,m,3.75,9.319999695,7.369999886,6.090000153,7.21999979,8.899999619,9.720000267,3.769999981,11.10000038,9.020000458,15.42000008,,9.979999542,,14.97000027,7.71999979,8.619999886,9.220000267,9.970000267,7.559999943,7.619999886,9.270000458,10.92000008,7.559999943,0.419999987,4.170000076,5.820000172,3.119999886,3.579999924,7.099999905,2.220000029,0.370000005,0.219999999,3.019999981,5.519999981,6.369999886,2.119999886,6.119999886,7.21999979,9.100000381,7.070000172,9.220000267,9.300000191,5.21999979,1.940000057,5.820000172,5.570000172,,1.600000024,,,7.369999886,6.21999979,,9.520000458,1.220000029,2.369999886,8.600000381,8.06000042,,5.730000019,7.320000172,9.420000076,5.420000076,,5.21999979,5.900000095,8.140000343,8.569999695,10.22000027,9.819999695,6.880000114,8.770000458,9.670000076,9.920000076,,9.489999771,11.56999969,8.460000038,5.539999962,7.670000076,,5.960000038,2.630000114,1.220000029,,1.429999948,,,,2.069999933,1.230000019,0.779999971,3.419999838,1.429999948,0.840000033,0.379999995,3.819999933,,
1.21145E+14,Brammadesam,Ground water,Cgwb,Tamil nadu,Viluppuram,Tindivanam,Manual,Tindivanam,Brammadesam,12.1958,79.7667,1999-11-05,2025-01-30,Bore well,Unconfined,46,HGZ,MANUAL-Water Level,m,3.460000038,3.970000029,5.849999905,2.400000095,2.549999952,,6.800000191,2.849999905,,7.199999809,7.25,4.0,4.099999905,9.380000114,7.300000191,,3.5,5.0,6.400000095,,2.24000001,5.880000114,,1.190000057,1.049999952,5.329999924,4.710000038,,1.360000014,5.21999979,5.400000095,0.839999974,0.639999986,3.069999933,,4.199999809,1.700000048,5.300000191,6.78000021,5.599999905,6.0,5.28000021,3.450000048,0.75,1.0,4.630000114,5.0,1.450000048,4.010000229,4.800000191,,1.100000024,2.700000048,,2.710000038,3.190000057,1.50999999,5.289999962,,,2.619999886,6.53000021,6.53000021,0.330000013,,2.400000095,10.61999989,2.420000076,5.159999847,8.380000114,7.349999905,3.099999905,1.360000014,5.099999905,,4.900000095,2.549999952,5.909999847,6.099999905,0.870000005,2.460000038,,10.07999992,4.409999847,0.660000026,,4.699999809,,1.049999952,1.789999962,1.049999952,,3.0,4.119999886,3.430000305,1.220000029,3.0,3.410000086,3.109999895,0.5
1.13803E+14,Chinnasalem,Ground water,Cgwb,Tamil nadu,Viluppuram,Kallakkurichi,Manual,Kallakkurichi,Chinnasalem,11.6342,78.8764,1999-01-05,2025-01-30,Bore well,Unconfined,70.3,HGZ,MANUAL-Water Level,m,2.5,4.849999905,,1.899999976,1.75999999,4.420000076,,,4.900000095,,8.399999619,5.619999886,6.929999828,,5.860000134,,1.75,,3.99000001,,1.679999948,5.789999962,,0.400000006,1.5,3.299999952,6.360000134,2.980000019,1.230000019,6.380000114,5.130000114,1.080000043,0.810000002,2.950000048,3.599999905,3.400000095,1.299999952,2.549999952,7.199999809,5.199999809,2.099999905,6.119999886,6.699999809,3.200000048,1.029999971,3.160000086,5.599999905,1.75,0.699999988,6.400000095,,2.190000057,5.670000076,,9.399999619,1.5,1.120000005,10.35000038,4.539999962,,2.079999924,2.079999924,4.139999866,3.75,,6.599999905,8.029999733,,13.10000038,12.85000038,5.269999981,6.599999905,1.059999943,5.21999979,12.30000019,3.819999933,4.5,10.47999954,12.36999989,0.899999976,,,6.230000019,1.820000052,0.519999981,,5.639999866,0.400000006,0.899999976,1.600000024,0.959999979,0.610000014,1.840000033,1.360000014,4.180000305,3.5,2.680000067,13.02000046,6.5,1.169999957
1.1373E+14,Chinnasalem1,Ground water,Cgwb,Tamil nadu,Viluppuram,Kallakkurichi,Manual,Kallakkurichi,Chinnasalem,11.625,78.95,1996-01-05,2025-01-30,Dug well,Unconfined,7.74,HGZ,MANUAL-Water Level,m,3.5,4.199999809,5.800000191,4.429999828,3.170000076,5.019999981,,1.769999981,4.300000191,,8.600000381,,,,8.850000381,6.0,,4.699999809,,1.75,1.899999976,4.449999809,,0.200000003,0.100000001,6.699999809,2.519999981,3.190000057,3.0,4.820000172,5.5,3.819999933,2.849999905,7.340000153,3.630000114,4.050000191,0.449999988,3.049999952,4.449999809,5.400000095,,6.550000191,6.5,5.0,0.340000004,1.100000024,2.119999886,6.480000019,0.150000006,1.700000048,,2.720000029,3.339999914,6.349999905,7.170000076,4.920000076,3.00999999,5.599999905,5.550000191,,3.190000057,4.0,5.019999981,4.420000076,,1.379999995,,3.950000048,3.869999886,5.519999981,,1.25,0.670000017,1.769999981,,2.730000019,4.570000172,,7.340000153,4.630000114,4.78000021,,6.449999809,4.71999979,0.379999995,,1.399999976,0.25,0.5,0.419999987,0.649999976,0.230000004,0.229999989,0.800000072,1.440000057,1.580000043,1.970000029,3.099999905,3.819999933,2.919999838
1.215E+14,Gingee1,Ground water,Cgwb,Tamil nadu,Viluppuram,Gingee,Manual,Gingee,Gingee,12.25,79.4167,1999-01-05,2025-01-30,Bore well,Unconfined,40,HGZ,MANUAL-Water Level,m,2.400000095,4.079999924,5.380000114,1.429999948,,,4.900000095,1.899999976,1.809999943,,6.019999981,,6.150000095,8.319999695,6.599999905,,4.5,,5.400000095,,1.549999952,3.809999943,,4.099999905,1.350000024,4.099999905,6.119999886,4.809999943,4.099999905,6.639999866,7.139999866,3.130000114,1.289999962,2.369999886,3.74000001,3.329999924,,3.049999952,5.199999809,5.199999809,1.350000024,3.869999886,3.950000048,3.619999886,0.970000029,1.429999948,2.170000076,1.049999952,0.479999989,3.099999905,,3.400000095,4.699999809,,5.400000095,4.900000095,4.349999905,6.480000019,6.309999943,,4.119999886,5.519999981,5.789999962,4.800000191,,2.819999933,4.800000191,6.039999962,5.269999981,7.070000172,,2.819999933,2.450000048,6.050000191,6.599999905,5.03000021,5.539999962,8.199999809,3.890000105,1.120000005,1.360000014,,2.309999943,2.089999914,0.560000002,,1.49000001,0.050000001,0.600000024,1.049999952,1.399999976,0.079999998,,3.5,1.870000005,1.570000052,2.599999905,2.569999933,1.320000052,1.329999924
1.21508E+14,Gingee2,Ground water,Cgwb,Tamil nadu,Viluppuram,Gingee,Manual,Gingee,Gingee,12.2522,79.4167,1996-01-05,2025-01-30,Dug well,Unconfined,9.85,HGZ,MANUAL-Water Level,m,4.539999962,2.369999886,5.820000172,,,5.039999962,4.570000172,5.070000172,4.369999886,5.75,5.690000057,,5.269999981,,5.570000172,4.820000172,,5.369999886,5.96999979,5.349999905,4.21999979,5.019999981,,4.25,4.070000172,4.949999809,5.110000134,4.46999979,4.449999809,5.670000076,5.849999905,4.130000114,,1.940000057,5.190000057,5.46999979,4.619999886,5.21999979,5.320000172,5.170000076,4.119999886,5.190000057,4.769999981,3.619999886,4.03000021,4.769999981,4.650000095,3.75,3.349999905,5.070000172,,4.369999886,2.5,5.179999828,4.690000057,3.950000048,4.889999866,5.670000076,5.070000172,,4.730000019,5.25,5.010000229,5.489999771,,4.889999866,4.920000076,,4.900000095,7.0,,5.019999981,5.5,,6.960000038,3.569999933,5.800000191,6.989999771,5.010000229,3.74000001,4.599999905,,4.380000114,4.28000021,3.470000029,,4.980000019,2.700000048,4.5,4.25,4.099999905,3.569999933,3.059999943,4.470000267,4.28000021,4.200000286,,4.75,4.039999962,4.210000038
1.14602E+14,Kacharapalayam,Ground water,Cgwb,Tamil nadu,Viluppuram,Kallakkurichi,Manual,Kallakkurichi,Kacharapalayam,11.7672,78.87,1996-01-05,2025-01-30,Dug well,Unconfined,10.7,HGZ,MANUAL-Water Level,m,5.429999828,7.630000114,8.579999924,4.079999924,4.360000134,5.400000095,6.059999943,,6.25,8.779999733,9.329999924,8.479999542,8.479999542,,7.349999905,4.849999905,,4.25,4.849999905,0.949999988,6.869999886,6.800000191,,2.849999905,1.919999957,9.699999809,7.590000153,4.389999866,3.450000048,6.78000021,6.0,4.050000191,2.789999962,6.050000191,6.920000076,6.050000191,3.099999905,8.199999809,10.05000019,6.849999905,5.0,8.25,9.25,6.949999809,2.700000048,5.110000134,6.199999809,4.449999809,2.079999924,6.550000191,,1.899999976,5.059999943,8.659999847,9.75,7.670000076,7.349999905,9.130000114,9.449999809,,3.569999933,5.849999905,,5.699999809,,6.849999905,,5.989999771,8.75,9.5,,6.849999905,4.099999905,6.809999943,10.14999962,7.019999981,8.350000381,10.14999962,10.14999962,6.380000114,3.900000095,,5.150000095,,1.669999957,,7.010000229,1.5,2.799999952,2.25,4.119999886,2.75,3.549999952,4.25,5.760000229,4.490000248,3.700000048,6.599999905,6.380000114,4.480000019
1.1443E+14,Kallakurichi1,Ground water,Cgwb,Tamil nadu,Viluppuram,Kallakkurichi,Manual,Kallakkurichi,Kallakurichi,11.7417,78.9667,1999-01-05,2025-01-30,Bore well,Unconfined,39.65,HGZ,MANUAL-Water Level,m,5.599999905,8.149999619,,4.300000191,4.650000095,8.510000229,9.289999962,7.980000019,7.21999979,8.829999924,9.420000076,9.850000381,9.93999958,10.5,6.170000076,,2.309999943,,5.989999771,,2.049999952,6.400000095,,2.589999914,0.75,5.920000076,7.820000172,3.5,2.690000057,8.579999924,8.0,4.199999809,2.619999886,6.300000191,9.380000114,5.300000191,1.600000024,8.550000191,8.800000191,9.100000381,5.0,7.480000019,9.600000381,3.700000048,2.289999962,6.539999962,5.889999866,3.049999952,1.450000048,10.60000038,,6.5,7.150000095,,9.359999657,7.840000153,6.849999905,9.649999619,9.210000038,,3.359999895,5.869999886,8.880000114,10.19999981,,8.470000267,8.979999542,10.47999954,9.369999886,9.729999542,8.340000153,8.470000267,2.920000076,8.140000343,14.57999992,7.199999809,8.899999619,8.829999924,9.210000038,3.920000076,3.420000076,,6.730000019,4.210000038,0.550000012,,5.099999905,0.200000003,0.519999981,0.949999988,,0.920000017,,4.289999962,7.119999886,4.369999886,3.150000095,8.100000381,5.900000095,
1.1583E+14,Mambazhapattu,Ground water,Cgwb,Tamil nadu,Viluppuram,Tirukkoyilur,Manual,Tirukkoyilur,Mambazhapattu,11.975,79.1333,1996-01-05,2025-01-30,Dug well,Unconfined,10.5,HGZ,MANUAL-Water Level,m,3.74000001,4.289999962,9.090000153,4.190000057,4.389999866,6.389999866,8.510000229,6.25,6.590000153,8.479999542,8.590000153,,9.699999809,10.39999962,10.60000038,,,6.599999905,,5.099999905,4.0,6.449999809,,2.700000048,2.299999952,3.980000019,8.399999619,5.739999771,3.519999981,10.10999966,4.730000019,0.589999974,0.5,2.599999905,8.600000381,7.699999809,3.700000048,9.5,10.14999962,8.699999809,3.920000076,8.399999619,10.5,7.900000095,4.489999771,4.699999809,4.510000229,6.5,2.75,8.5,,4.25,5.570000172,10.35000038,,9.420000076,7.78000021,10.15999985,10.47999954,,,9.479999542,9.479999542,10.5,,6.400000095,,9.909999847,10.30000019,,,6.599999905,4.980000019,7.03000021,4.010000229,7.329999924,10.59000015,10.80000019,10.75,8.100000381,9.600000381,,10.80000019,8.109999657,2.0,,5.800000191,2.349999905,3.650000095,2.940000057,3.069999933,2.269999981,3.299999952,3.910000086,5.200000286,2.559999943,3.549999952,4.329999924,4.489999771,4.400000095
1.143E+14,Pidagam,Ground water,Cgwb,Tamil nadu,Viluppuram,Ulundurpettai,Manual,Ulundurpettai,Pidagam,11.7167,79.1792,1996-01-05,2025-01-30,Dug well,Unconfined,13.05,HGZ,MANUAL-Water Level,m,0.800000012,6.800000191,6.699999809,3.75,2.769999981,5.019999981,,,1.850000024,9.199999809,4.449999809,0.800000012,1.299999952,9.600000381,5.059999943,3.049999952,,1.299999952,4.550000191,,2.75,4.900000095,,0.899999976,1.299999952,,2.569999933,0.980000019,2.650000095,5.130000114,6.199999809,4.480000019,2.190000057,1.470000029,1.700000048,,2.299999952,5.0,4.400000095,5.050000191,1.799999952,4.099999905,4.300000191,3.900000095,0.879999995,3.5,4.650000095,,1.649999976,3.599999905,,2.029999971,2.400000095,4.800000191,1.850000024,4.800000191,1.379999995,4.949999809,5.940000057,,2.589999914,4.550000191,5.099999905,5.179999828,,4.099999905,5.260000229,6.699999809,6.449999809,,,3.450000048,3.049999952,5.130000114,,3.799999952,4.800000191,8.100000381,9.659999847,3.519999981,2.599999905,,6.650000095,6.929999828,2.0,,4.070000172,1.100000024,1.25,1.110000014,1.070000052,0.720000029,1.899999976,2.900000095,3.519999981,3.75999999,2.25,6.019999981,5.880000114,4.050000191
1.148E+14,Rishivandiyam,Ground water,Cgwb,Tamil nadu,Viluppuram,Sankarapuram,Manual,Sankarapuram,Rishivandiyam,11.8,79.0917,1996-01-05,2025-01-30,Dug well,Unconfined,10.35,HGZ,MANUAL-Water Level,m,4.099999905,7.0,10.10000038,7.0,8.5,11.02999973,,,9.100000381,,,10.19999981,9.699999809,,,9.0,,6.050000191,7.139999866,2.170000076,2.599999905,4.599999905,,2.160000086,1.299999952,2.839999914,3.829999924,1.220000029,,3.859999895,4.75,1.74000001,1.179999948,2.900000095,3.849999905,3.5,,5.199999809,5.949999809,5.800000191,1.450000048,4.519999981,6.099999905,4.25,1.620000005,2.619999886,3.049999952,3.930000067,0.270000011,5.0,,2.0,2.660000086,6.659999847,9.659999847,4.340000153,4.079999924,8.850000381,7.150000095,,2.420000076,5.210000038,5.440000057,,,5.179999828,,8.050000191,7.800000191,,,5.179999828,2.579999924,5.53000021,5.900000095,5.900000095,9.699999809,9.050000191,9.050000191,4.840000153,7.800000191,,6.900000095,5.179999828,0.850000024,,3.00999999,1.399999976,1.399999976,,1.559999943,0.699999988,1.220000029,2.700000048,1.850000143,3.799999952,3.700000048,6.619999886,7.0,6.75
1.1573E+14,Tirukkoilur1,Ground water,Cgwb,Tamil nadu,Viluppuram,Tirukkoyilur,Manual,Tirukkoyilur,Tirukkoilur,11.9583,79.2167,1996-01-05,2025-01-30,Dug well,Unconfined,12.1,HGZ,MANUAL-Water Level,m,1.649999976,7.550000191,3.200000048,1.899999976,2.5,8.5,9.699999809,2.230000019,8.420000076,8.449999809,9.949999809,7.599999905,5.599999905,9.210000038,9.409999847,9.109999657,,0.910000026,3.440000057,1.210000038,1.460000038,5.360000134,,0.779999971,1.110000014,6.21999979,4.840000153,0.790000021,1.039999962,3.50999999,1.549999952,0.800000012,0.860000014,1.659999967,4.289999962,2.410000086,1.460000038,5.610000134,5.309999943,0.709999979,1.059999943,2.160000086,2.710000038,,0.810000002,1.370000005,0.699999988,0.75999999,0.289999992,5.710000038,,,1.50999999,1.659999967,1.019999981,0.709999979,1.480000019,3.50999999,1.74000001,,0.419999987,2.75,1.669999957,1.960000038,,2.789999962,,2.630000114,4.179999828,,,3.180000067,2.599999905,9.609999657,4.25,1.960000038,3.049999952,5.659999847,3.960000038,0.75999999,1.809999943,,7.349999905,4.25,0.810000002,,2.130000114,1.129999995,1.700000048,1.110000014,2.309999943,1.220000029,0.910000086,3.970000267,1.410000086,,1.200000048,6.71999979,1.700000048,0.759999931
1.1435E+14,Tyagadurgam,Ground water,Cgwb,Tamil nadu,Viluppuram,Kallakkurichi,Manual,Kallakkurichi,Tyagadurgam,11.7306,79.0917,1999-01-05,2025-01-30,Bore well,Unconfined,41.7,HGZ,MANUAL-Water Level,m,1.649999976,3.329999924,4.239999771,1.529999971,1.75,,3.930000067,2.420000076,,,4.699999809,3.150000095,3.849999905,6.21999979,4.0,,2.079999924,,3.5,,1.450000048,2.880000114,,1.25999999,1.100000024,2.799999952,3.099999905,1.100000024,1.269999981,3.039999962,5.21999979,1.0,0.949999988,2.319999933,2.799999952,2.299999952,1.600000024,3.25,3.599999905,3.5,1.100000024,2.5,5.300000191,,1.25999999,2.579999924,1.980000019,1.450000048,0.720000029,3.200000048,,2.599999905,3.190000057,3.589999914,5.449999809,4.320000172,4.909999847,5.619999886,4.710000038,,1.690000057,5.96999979,3.579999924,7.650000095,,3.299999952,5.03000021,3.519999981,3.329999924,,5.53000021,3.299999952,2.099999905,4.139999866,6.630000114,4.199999809,5.480000019,7.639999866,,4.5,3.549999952,,4.449999809,4.71999979,0.649999976,,2.970000029,0.159999996,1.0,1.649999976,1.110000014,0.469999999,,2.590000153,3.28000021,3.599999905,5.800000191,4.559999943,4.110000134,4.079999924
1.1394E+14,Ulundurpet1,Ground water,Cgwb,Tamil nadu,Viluppuram,Ulundurpettai,Manual,Ulundurpettai,Ulundurpet,11.6611,79.2944,1999-01-05,2025-01-30,Bore well,Unconfined,42.7,HGZ,MANUAL-Water Level,m,2.029999971,7.440000057,,7.769999981,6.0,4.0,12.93000031,10.73999977,8.800000191,12.80000019,14.0,3.049999952,3.970000029,12.86999989,13.61999989,,4.420000076,,10.88000011,,2.549999952,7.53000021,,0.319999993,1.149999976,4.679999828,8.069999695,0.720000029,1.600000024,8.25,10.31999969,1.200000048,0.829999983,4.400000095,8.409999847,4.400000095,1.450000048,2.5,9.149999619,0.850000024,0.850000024,9.720000267,2.599999905,1.399999976,1.49000001,6.519999981,3.079999924,0.689999998,0.800000012,9.5,,0.400000006,3.200000048,,2.269999981,1.200000048,1.779999971,7.519999981,1.820000052,,0.560000002,6.099999905,7.679999828,9.75,,6.349999905,8.949999809,11.5,12.89999962,,,6.349999905,4.079999924,13.35999966,18.61000061,1.700000048,9.020000458,16.85000038,3.279999971,1.950000048,4.900000095,,12.34000015,7.539999962,1.029999971,,6.519999981,,1.669999957,2.039999962,2.119999886,0.620000005,,3.370000124,2.78000021,7.679999828,1.649999976,11.56999969,9.920000076,8.469999313
1.84838E+14,Kattalakanita,Ground water,Cgwb,Odisha,Gajapati,Parlakhemundi,Manual,Parlakhemundi,Kattalakanita,18.8106,84.1428,1995-01-07,2024-11-10,Dug well,Unconfined,7.97,HGZ,MANUAL-Water Level,m,4.559999943,,1.879999995,2.789999962,3.190000057,,2.279999971,2.650000095,4.329999924,,0.810000002,3.950000048,4.739999771,,2.450000048,2.079999924,4.199999809,,2.680000067,3.25,4.699999809,,2.00999999,,3.190000057,,1.710000038,,,,2.539999962,3.950000048,4.039999962,,1.909999967,3.0,5.599999905,,3.029999971,3.410000086,4.889999866,,2.5,1.919999957,3.019999981,,1.799999952,3.819999933,5.25,,,1.309999943,4.730000019,,2.549999952,2.75,3.900000095,,1.830000043,2.450000048,4.010000229,,2.720000029,3.579999924,,,2.630000114,3.670000076,4.75,,2.0,2.140000105,4.179999828,,2.029999971,,4.730000019,,3.029999971,1.830000043,2.539999962,,,1.830000043,2.829999924,,1.429999948,0.779999971,2.079999924,,1.080000043,1.929999948,1.940000057,,2.810000181,2.220000029,2.829999924,,,2.630000114
1.92618E+14,Mohana,Ground water,Cgwb,Odisha,Gajapati,Mohana,Manual,Mohana,Mohana,19.4383,84.2683,1995-01-07,2024-11-10,Dug well,Unconfined,12,HGZ,MANUAL-Water Level,m,7.329999924,,4.099999905,5.380000114,3.589999914,,1.24000001,2.059999943,5.380000114,,2.130000114,2.49000001,4.880000114,,6.889999866,0.75,5.059999943,,8.569999695,7.0,6.960000038,,1.679999948,,3.589999914,,0.920000017,1.299999952,,,1.059999943,1.299999952,1.830000043,,2.660000086,0.680000007,2.359999895,,2.400000095,3.049999952,6.019999981,,1.49000001,0.910000026,2.670000076,,0.810000002,4.159999847,7.329999924,,,1.700000048,5.329999924,,1.470000029,1.899999976,4.400000095,,4.5,1.570000052,5.400000095,,7.869999886,3.309999943,,,6.820000172,4.269999981,7.369999886,,2.099999905,1.409999967,7.78000021,,6.380000114,,6.630000114,,2.380000114,1.779999971,5.630000114,,,2.079999924,5.679999828,,5.579999924,1.480000019,2.25999999,,1.129999995,1.730000019,7.429999828,,6.06000042,4.099999905,8.170000076,,,0.0
1.85225E+14,Narayanpur,Ground water,Cgwb,Odisha,Gajapati,Parlakhemundi,Manual,Parlakhemundi,Narayanpur,18.8736,84.1919,1995-01-07,2024-11-10,Dug well,Unconfined,7.67,HGZ,MANUAL-Water Level,m,4.639999866,,2.799999952,3.289999962,4.550000191,,2.130000114,3.299999952,,,0.910000026,5.050000191,5.659999847,,4.130000114,1.190000057,4.420000076,,3.609999895,3.660000086,4.670000076,,4.46999979,,4.550000191,,1.840000033,,,,2.339999914,2.730000019,2.890000105,,2.109999895,1.919999957,3.519999981,,2.059999943,2.690000057,4.460000038,,2.0,1.870000005,3.140000105,,1.299999952,3.140000105,4.579999924,,,1.710000038,3.680000067,,,1.720000029,2.880000114,,0.200000003,1.470000029,3.0,,2.309999943,2.210000038,,,2.25,2.619999886,3.859999895,,0.100000001,2.779999971,4.880000114,,2.480000019,,4.929999828,,2.079999924,2.130000114,3.799999952,,,2.630000114,4.03000021,,4.130000114,2.809999943,3.779999971,,2.400000095,3.210000038,4.78000021,,4.929999828,3.920000076,4.429999828,,,4.129999638
1.84615E+14,Parlakhemundi,Ground water,Cgwb,Odisha,Gajapati,Parlakhemundi,Manual,Parlakhemundi,Parlakhemundi,18.7708,84.1042,1995-01-07,2024-11-10,Dug well,Unconfined,10.9,HGZ,MANUAL-Water Level,m,,,0.779999971,1.620000005,2.799999952,,1.870000005,2.220000029,3.650000095,,3.190000057,2.019999981,4.230000019,,2.779999971,1.179999948,3.25999999,,2.299999952,2.210000038,3.269999981,,1.399999976,1.149999976,2.799999952,,0.560000002,,,,2.559999943,4.159999847,3.670000076,,1.230000019,4.099999905,3.539999962,,2.359999895,3.400000095,3.799999952,,1.419999957,1.070000052,2.119999886,,0.629999995,2.410000086,3.279999971,,,0.920000017,3.119999886,,1.659999967,1.190000057,2.450000048,,0.850000024,0.949999988,2.5,,2.710000038,3.069999933,,,2.309999943,2.849999905,3.349999905,,0.519999981,1.929999948,3.400000095,,1.799999952,,3.599999905,,1.850000024,1.600000024,2.579999924,,,2.150000095,3.059999943,,2.029999971,2.329999924,2.650000095,,1.779999971,2.25,3.25,,1.950000048,2.730000019,3.549999952,,,2.549999952
1.85315E+14,Raygarh,Ground water,Cgwb,Odisha,Gajapati,Parlakhemundi,Manual,Parlakhemundi,Raygarh,18.8875,84.1611,1995-01-07,2024-11-10,Dug well,Unconfined,10.51,HGZ,MANUAL-Water Level,m,2.460000038,,2.069999933,3.160000086,4.25,,1.899999976,1.929999948,2.50999999,,1.460000038,,5.210000038,,1.559999943,1.620000005,2.039999962,,1.899999976,1.929999948,2.319999933,,1.629999995,,4.25,,1.559999943,,,,1.519999981,1.779999971,2.309999943,,,1.789999962,2.789999962,,1.580000043,1.669999957,2.470000029,,1.519999981,1.600000024,1.940000057,,1.419999957,1.940000057,2.329999924,,,1.220000029,2.160000086,,1.600000024,1.649999976,2.349999905,,2.099999905,2.24000001,2.470000029,,2.359999895,3.00999999,,,1.200000048,2.349999905,2.599999905,,1.899999976,1.539999962,2.00999999,,0.910000026,,2.359999895,,1.860000014,3.00999999,0.709999979,,,1.730000019,1.909999967,,1.659999967,1.360000014,1.710000038,,1.50999999,1.710000038,1.99000001,,3.75999999,5.369999886,3.200000048,,,2.159999847
1.9252E+14,Badakhandi,Ground water,Cgwb,Odisha,Ganjam,Hinjilicut,Manual,Hinjilicut,Badakhandi,19.4222,84.7372,1995-01-07,2024-11-30,Dug well,Unconfined,6.31,HGZ,MANUAL-Water Level,m,2.170000076,,0.200000003,1.129999995,3.25999999,,1.629999995,2.430000067,2.75999999,,0.219999999,,2.00999999,,1.299999952,1.389999986,3.569999933,,1.360000014,1.909999967,2.720000029,,1.00999999,,3.25999999,,1.090000033,1.279999971,1.409999967,,1.639999986,2.440000057,2.24000001,,0.189999998,,1.200000048,,0.319999993,1.269999981,0.639999986,,1.090000033,1.220000029,1.799999952,,1.019999981,1.289999962,2.119999886,,,0.959999979,4.28000021,,0.349999994,0.550000012,0.899999976,,0.400000006,0.49000001,1.950000048,,0.709999979,1.0,,,4.389999866,0.959999979,3.220000029,,0.850000024,0.939999998,2.460000038,,0.709999979,,2.609999895,,0.310000002,2.160000086,1.169999957,,,0.579999983,1.230000019,,1.210000038,,1.360000014,,1.25999999,1.25999999,1.809999943,,1.920000076,1.379999876,1.789999962,,,1.559999943
1.94408E+14,Balipadar,Ground water,Cgwb,Odisha,Ganjam,Bellaguntha,Manual,Bellaguntha,Balipadar,19.7356,84.7106,1995-01-07,2024-11-30,Dug well,Unconfined,7.56,HGZ,MANUAL-Water Level,m,1.649999976,,1.200000048,4.349999905,4.300000191,,1.289999962,1.139999986,2.299999952,,1.029999971,1.289999962,1.620000005,,1.090000033,0.75,1.019999981,,0.980000019,1.419999957,2.660000086,,0.600000024,,4.300000191,,0.469999999,1.24000001,2.299999952,,0.449999988,1.299999952,2.549999952,,0.550000012,0.800000012,2.799999952,,0.449999988,1.210000038,1.519999981,,0.409999996,0.670000017,1.470000029,,0.469999999,2.50999999,4.079999924,,,0.300000012,1.200000048,,0.699999988,0.910000026,1.100000024,,0.5,0.800000012,0.920000017,,0.790000021,0.819999993,,,0.629999995,2.049999952,3.75,,1.080000043,1.129999995,1.600000024,,0.100000001,,0.800000012,,0.400000006,1.600000024,1.200000048,,,0.959999979,2.24000001,,1.129999995,1.799999952,0.769999981,,0.100000001,0.449999988,0.700000048,,0.779999971,3.050000191,4.269999981,,,1.199999928
1.92118E+14,Chatrapur1,Ground water,Cgwb,Odisha,Ganjam,Chhatrapur,Manual,Chhatrapur,Chatrapur,19.355,84.9789,1995-01-07,2024-11-30,Dug well,Unconfined,8,HGZ,MANUAL-Water Level,m,2.829999924,,2.049999952,4.070000172,6.449999809,,2.599999905,3.170000076,3.25,,2.720000029,6.369999886,5.28000021,,1.129999995,0.529999971,2.450000048,,2.329999924,2.440000057,3.569999933,,1.399999976,,6.21999979,,0.280000001,2.450000048,4.449999809,,2.460000038,1.549999952,1.730000019,,1.340000033,1.100000024,4.46999979,,1.549999952,2.410000086,3.00999999,,1.039999962,0.579999983,2.50999999,,5.639999866,4.440000057,3.400000095,,,1.230000019,3.650000095,,2.380000114,1.5,2.25,,1.799999952,2.049999952,3.539999962,,2.180000067,2.599999905,,,2.299999952,2.349999905,2.299999952,,1.480000019,1.360000014,2.150000095,,0.75,,1.799999952,,1.5,1.950000048,2.650000095,,,1.75,3.119999886,,1.769999981,0.670000017,2.049999952,,2.099999905,2.25,2.700000048,,1.850000024,2.090000153,2.079999924,,,2.550000191
1.94935E+14,Gobara,Ground water,Cgwb,Odisha,Ganjam,Bellaguntha,Manual,Bellaguntha,Gobara,19.8264,84.6,1995-01-07,2024-11-30,Dug well,Unconfined,7.73,HGZ,MANUAL-Water Level,m,2.480000019,,0.439999998,1.74000001,3.400000095,,0.540000021,1.389999986,5.050000191,,0.379999995,5.269999981,6.829999924,,2.670000076,2.859999895,4.099999905,,2.140000105,2.960000038,4.539999962,,2.849999905,,3.400000095,,2.440000057,1.039999962,1.710000038,,1.210000038,1.600000024,1.879999995,,0.649999976,1.279999971,,,1.429999948,2.349999905,,,1.580000043,1.169999957,1.659999967,,1.120000005,2.359999895,3.200000048,,,0.550000012,4.019999981,,0.469999999,0.449999988,2.349999905,,1.100000024,1.269999981,3.910000086,,2.549999952,1.200000048,,,2.630000114,2.569999933,4.429999828,,1.169999957,1.320000052,5.599999905,,0.75,,3.599999905,,1.450000048,0.850000024,5.199999809,,,1.049999952,3.289999962,,5.119999886,2.25,1.450000048,,0.75,1.25,1.75,,0.309999943,3.28000021,5.010000229,,,3.449999809
1.9204E+14,Govindpur1,Ground water,Cgwb,Odisha,Ganjam,Chhatrapur,Manual,Chhatrapur,Govindpur,19.3444,84.9019,1995-01-07,2024-11-30,Dug well,Unconfined,13.53,HGZ,MANUAL-Water Level,m,,,2.730000019,3.289999962,4.289999962,,2.089999914,2.779999971,2.980000019,,0.639999986,,6.25,,3.440000057,1.00999999,6.510000229,,3.140000105,2.279999971,4.840000153,,2.789999962,,4.289999962,,0.810000002,2.029999971,3.380000114,,1.679999948,1.480000019,2.079999924,,,0.540000021,,,0.949999988,1.289999962,,,1.110000014,1.460000038,2.059999943,,0.639999986,2.950000048,3.109999895,,,0.970000029,3.130000114,,2.140000105,2.650000095,2.799999952,,1.299999952,2.200000048,3.180000067,,2.049999952,2.700000048,,,2.420000076,3.519999981,3.799999952,,1.450000048,1.659999967,3.529999971,,1.730000019,,2.829999924,,0.99000001,1.679999948,4.730000019,,,1.730000019,3.950000048,,3.630000114,0.379999995,0.330000013,,1.879999995,2.480000019,3.450000048,,2.410000086,3.479999781,4.559999943,,,3.580000162
1.9043E+14,Jarada1,Ground water,Cgwb,Odisha,Ganjam,Patrapur,Manual,Patrapur,Jarada,19.075,84.5067,1995-01-07,2024-11-30,Dug well,Unconfined,7.5,HGZ,MANUAL-Water Level,m,2.279999971,,0.319999993,0.569999993,2.880000114,,0.860000014,0.49000001,1.029999971,,0.959999979,2.650000095,1.409999967,,0.349999994,0.340000004,0.620000005,,2.039999962,0.280000001,2.420000076,,0.330000013,,2.880000114,,0.49000001,0.370000005,1.139999986,,1.159999967,1.340000033,1.470000029,,0.920000017,0.860000014,1.399999976,,1.120000005,1.879999995,2.0,,0.389999986,0.200000003,0.800000012,,0.439999998,,1.970000029,,,0.109999999,0.980000019,,0.150000006,0.349999994,0.469999999,,0.649999976,0.449999988,0.370000005,,1.75,1.639999986,,,1.809999943,0.25,1.350000024,,0.150000006,0.709999979,1.549999952,,0.050000001,,1.600000024,,1.200000048,2.049999952,0.209999993,,,0.219999999,1.029999971,,1.25,0.150000006,0.270000011,,0.620000005,0.550000012,1.949999928,,2.160000086,,2.450000048,,,1.049999952
1.94503E+14,Kalamb,Ground water,Cgwb,Odisha,Ganjam,Bellaguntha,Manual,Bellaguntha,Kalamb,19.7508,84.7044,1995-01-07,2024-11-30,Dug well,Unconfined,10,HGZ,MANUAL-Water Level,m,1.940000057,,1.789999962,2.680000067,6.019999981,,1.080000043,1.379999995,3.269999981,,1.080000043,4.739999771,3.859999895,,1.080000043,0.879999995,3.819999933,,2.339999914,2.329999924,5.28000021,,2.25,,6.019999981,,0.330000013,3.299999952,5.019999981,,1.639999986,1.830000043,4.980000019,,1.50999999,1.320000052,5.699999809,,1.600000024,2.5,3.190000057,,5.230000019,1.840000033,4.5,,6.369999886,6.380000114,7.670000076,,,1.519999981,5.300000191,,2.5,1.399999976,3.650000095,,1.049999952,1.799999952,4.179999828,,4.150000095,2.359999895,,,3.779999971,4.25,6.199999809,,6.199999809,3.609999895,7.019999981,,1.070000052,,4.820000172,,1.620000005,1.620000005,3.200000048,,,1.820000052,5.369999886,,7.820000172,4.360000134,2.519999981,,1.0,2.799999952,4.320000172,,3.570000172,5.900000095,4.019999981,,,7.820000172
1.91432E+14,Kanakia,Ground water,Cgwb,Odisha,Ganjam,Kukudakhandi,Manual,Kukudakhandi,Kanakia,19.2422,84.7094,1995-01-07,2024-11-30,Dug well,Unconfined,10.32,HGZ,MANUAL-Water Level,m,1.75,,1.809999943,6.900000095,,,3.039999962,4.539999962,7.420000076,,1.429999948,4.400000095,7.570000172,,6.710000038,1.049999952,7.349999905,,7.25,6.730000019,8.880000114,,1.320000052,0.920000017,8.119999886,,4.21999979,7.28000021,7.849999905,,4.409999847,2.529999971,3.450000048,,4.210000038,2.130000114,7.78000021,,4.46999979,5.010000229,6.010000229,,4.130000114,1.179999948,6.269999981,,2.150000095,5.230000019,6.920000076,,,3.019999981,6.019999981,,3.599999905,3.180000067,5.130000114,,1.679999948,1.480000019,5.730000019,,4.0,5.110000134,,,4.179999828,5.03000021,5.579999924,,2.630000114,1.710000038,5.119999886,,1.870000005,,4.820000172,,2.170000076,2.420000076,4.789999962,,,3.599999905,7.320000172,,6.519999981,0.639999986,4.320000172,,2.819999933,4.019999981,4.769999981,,5.519999981,6.429999828,4.46999979,,,5.420000076
1.93635E+14,Khalikot,Ground water,Cgwb,Odisha,Ganjam,Khalikote,Manual,Khalikote,Khalikot,19.6097,85.0883,1995-01-07,2024-11-30,Dug well,Unconfined,7.68,HGZ,MANUAL-Water Level,m,3.569999933,,1.679999948,2.700000048,4.53000021,,1.309999943,2.839999914,3.829999924,,2.220000029,3.720000029,4.329999924,,1.200000048,1.529999971,3.670000076,,3.359999895,3.0,4.590000153,,1.110000014,,4.53000021,,1.549999952,2.859999895,4.570000172,,2.450000048,3.130000114,4.829999924,,2.279999971,2.430000067,4.639999866,,3.380000114,3.099999905,4.989999771,,1.870000005,1.889999986,3.910000086,,1.720000029,4.239999771,5.480000019,,,1.370000005,4.179999828,,2.349999905,1.570000052,2.950000048,,1.519999981,2.5,3.710000038,,2.140000105,3.119999886,,,2.180000067,3.599999905,4.449999809,,1.080000043,2.5,4.230000019,,1.679999948,,4.079999924,,2.180000067,2.079999924,3.5,,,2.25,4.130000114,,3.390000105,2.930000067,2.730000019,,2.380000114,3.130000114,3.230000019,,2.539999962,4.25,5.010000229,,,5.529999733
1.94309E+14,Khandrabali,Ground water,Cgwb,Odisha,Ganjam,Asika,Manual,Asika,Khandrabali,19.7192,84.6408,1995-01-07,2024-11-30,Dug well,Unconfined,5,HGZ,MANUAL-Water Level,m,2.00999999,,1.840000033,2.269999981,2.799999952,,1.799999952,1.960000038,2.400000095,,,1.75999999,2.24000001,,1.710000038,0.74000001,2.390000105,,1.600000024,1.899999976,2.420000076,,1.379999995,,2.799999952,,1.580000043,1.730000019,2.349999905,,1.460000038,1.779999971,2.480000019,,1.450000048,0.800000012,2.579999924,,1.690000057,2.450000048,2.859999895,,1.470000029,1.620000005,2.410000086,,1.460000038,2.079999924,2.549999952,,,1.350000024,2.0,,1.700000048,1.799999952,2.119999886,,1.399999976,1.720000029,2.039999962,,1.860000014,1.75,,,1.470000029,2.019999981,2.619999886,,1.419999957,2.089999914,2.700000048,,0.800000012,,2.349999905,,1.75,2.150000095,2.349999905,,,2.079999924,2.559999943,,2.130000114,2.019999981,2.299999952,,1.470000029,2.049999952,2.300000191,,2.7900002,,1.919999957,,,2.450000048
2.001E+14,Mujhagarh,Ground water,Cgwb,Odisha,Ganjam,Bhanjanagar,Manual,Bhanjanagar,Mujhagarh,20.0167,84.5172,1995-01-07,2024-11-30,Dug well,Unconfined,9.77,HGZ,MANUAL-Water Level,m,5.66,,1.7,5.31,6.58,,3.53,5.06,5.78,,3.43,6.79,7.38,,1.38,3.84,5.69,,4.68,4.99,6.23,,1.62,,6.58,,2.49,5.15,5.81,,3.17,5.18,5.61,,3.95,4.25,6.16,,3.13,5.25,5.93,,3.43,4.19,5.53,,1.53,5.33,5.96,,,1.2,5.32,,2.65,4.7,5.35,,3.5,4.32,5.37,,3.24,5.07,,,3.28,5.4,5.55,,3.1,5.01,6.13,,2.08,,3.58,,1.98,4.78,5.35,,,4.16,5.6,,3.86,5.13,5.23,,1.88,5.18,5.58,,5.09,3.71,5.08,,,5.58
1.92006E+14,Narendrapur,Ground water,Cgwb,Odisha,Ganjam,Chhatrapur,Manual,Chhatrapur,Narendrapur,19.335,84.8694,1995-01-07,2024-11-30,Dug well,Unconfined,12.36,HGZ,MANUAL-Water Level,m,4.010000229,,1.370000005,2.910000086,7.25,,1.49000001,1.320000052,6.449999809,,4.900000095,7.019999981,8.079999924,,5.110000134,0.99000001,4.170000076,,3.450000048,2.380000114,7.309999943,,1.700000048,7.940000057,7.25,,0.610000014,1.639999986,4.519999981,,1.49000001,3.769999981,3.980000019,,5.159999847,3.109999895,8.289999962,,5.239999771,5.960000038,6.199999809,,0.660000026,0.079999998,1.929999948,,0.970000029,3.109999895,8.649999619,,,5.820000172,7.110000134,,5.320000172,4.079999924,5.900000095,,3.420000076,4.380000114,6.269999981,,5.400000095,5.639999866,,,3.809999943,5.699999809,8.350000381,,3.170000076,1.210000038,2.700000048,,3.700000048,,5.099999905,,5.150000095,4.949999809,6.119999886,,,3.799999952,6.300000191,,7.300000191,2.099999905,4.570000172,,4.099999905,4.699999809,5.049999714,,3.559999943,4.759999752,6.679999828,,,6.449999809
1.92742E+14,Nuapalli,Ground water,Cgwb,Odisha,Ganjam,Purusottampur,Manual,Purusottampur,Nuapalli,19.4617,84.8875,1995-01-07,2024-11-30,Dug well,Unconfined,10,HGZ,MANUAL-Water Level,m,1.120000005,,0.610000014,1.460000038,3.710000038,,0.779999971,0.790000021,1.75,,0.709999979,,2.619999886,,0.540000021,0.620000005,1.610000014,,0.550000012,0.730000019,2.460000038,,0.349999994,,3.710000038,,1.159999967,0.349999994,2.289999962,,0.129999995,3.970000029,2.900000095,,0.829999983,,1.529999971,,0.790000021,1.25,1.149999976,,1.50999999,0.779999971,3.069999933,,0.720000029,2.109999895,2.849999905,,,0.119999997,1.149999976,,,0.980000019,1.450000048,,0.449999988,3.049999952,1.200000048,,0.379999995,1.340000033,,,0.50999999,0.899999976,1.600000024,,0.449999988,0.409999996,3.0,,0.800000012,,2.75,,1.100000024,1.350000024,2.0,,,0.790000021,1.649999976,,0.889999986,0.649999976,1.029999971,,0.800000012,0.920000017,2.049999952,,0.460000008,2.53000021,1.549999952,,,1.600000024
1.90742E+14,Patrapur1,Ground water,Cgwb,Odisha,Ganjam,Patrapur,Manual,Patrapur,Patrapur,19.1283,84.5772,1995-01-07,2024-11-30,Dug well,Unconfined,9.37,HGZ,MANUAL-Water Level,m,2.349999905,,0.600000024,1.370000005,7.130000114,,0.779999971,1.179999948,4.320000172,,1.279999971,1.559999943,3.74000001,,1.190000057,1.0,5.579999924,,1.00999999,1.75999999,4.230000019,,0.629999995,,7.130000114,,0.850000024,0.790000021,1.840000033,,1.0,2.059999943,2.279999971,,0.879999995,0.059999999,2.980000019,,1.399999976,2.279999971,2.420000076,,0.829999983,0.779999971,1.929999948,,7.409999847,2.660000086,5.820000172,,,0.49000001,4.070000172,,0.899999976,1.429999948,4.179999828,,0.550000012,1.809999943,6.300000191,,1.690000057,1.730000019,,,1.559999943,5.199999809,7.25,,0.5,0.430000007,5.019999981,,1.169999957,,2.269999981,,1.919999957,1.820000052,2.130000114,,,1.269999981,1.809999943,,1.970000029,0.819999993,1.470000029,,0.74000001,1.470000029,2.119999886,,1.919999957,1.860000014,2.299999952,,,1.629999995
1.93042E+14,Purusatampur,Ground water,Cgwb,Odisha,Ganjam,Purusottampur,Manual,Purusottampur,Purusatampur,19.5117,84.8756,1995-01-07,2024-11-30,Dug well,Unconfined,6.64,HGZ,MANUAL-Water Level,m,3.890000105,,1.830000043,2.289999962,4.630000114,,2.829999924,3.140000105,4.230000019,,3.809999943,2.019999981,4.53000021,,2.470000029,1.629999995,4.010000229,,3.24000001,3.319999933,4.630000114,,2.180000067,,4.630000114,,1.350000024,2.730000019,4.099999905,,2.859999895,3.430000067,4.760000229,,2.230000019,1.580000043,4.610000134,,2.690000057,3.150000095,4.179999828,,2.680000067,1.059999943,4.139999866,,1.220000029,3.890000105,4.610000134,,,2.539999962,4.28000021,,3.150000095,3.200000048,4.400000095,,1.850000024,3.910000086,4.679999828,,4.800000191,3.950000048,,,3.910000086,4.320000172,5.25,,2.049999952,3.640000105,5.429999828,,2.480000019,,4.230000019,,2.630000114,3.130000114,4.289999962,,,3.299999952,4.829999924,,,0.829999983,4.179999828,,3.529999971,4.130000114,3.629999876,,3.910000086,5.529999733,4.829999924,,,0.0
1.92114E+14,Ratanpur,Ground water,Cgwb,Odisha,Ganjam,Kukudakhandi,Manual,Kukudakhandi,Ratanpur,19.3539,84.7708,1995-01-07,2024-11-30,Dug well,Unconfined,7.62,HGZ,MANUAL-Water Level,m,1.970000029,,0.920000017,1.519999981,2.150000095,,1.230000019,2.039999962,3.75,,1.74000001,2.25999999,2.640000105,,0.790000021,0.899999976,1.980000019,,1.139999986,1.25999999,2.380000114,,1.399999976,,2.150000095,,0.689999998,0.899999976,2.329999924,,1.029999971,1.019999981,1.200000048,,0.660000026,,2.50999999,,0.649999976,1.679999948,2.420000076,,0.680000007,1.0,1.840000033,,0.660000026,1.309999943,2.819999933,,,0.49000001,2.079999924,,0.850000024,1.299999952,,,0.850000024,1.350000024,1.840000033,,1.0,1.710000038,,,1.269999981,1.799999952,3.069999933,,0.870000005,1.539999962,2.75,,0.850000024,,2.349999905,,0.899999976,1.75,2.049999952,,,1.649999976,2.230000019,,,0.649999976,2.069999933,,1.220000029,2.25,2.25,,3.25,2.5,2.799999952,,,2.049999952
2.00532E+14,Tarasingi,Ground water,Cgwb,Odisha,Ganjam,Jaganathprasad,Manual,Jaganathprasad,Tarasingi,20.0922,84.6878,1995-01-07,2024-11-30,Dug well,Unconfined,11.89,HGZ,MANUAL-Water Level,m,4.619999886,,1.899999976,,3.380000114,,1.789999962,2.549999952,7.679999828,,2.309999943,6.389999866,8.380000114,,1.299999952,2.150000095,5.429999828,,1.769999981,3.74000001,6.179999828,,1.25999999,,3.380000114,,1.49000001,2.930000067,5.309999943,,2.160000086,2.829999924,3.180000067,,2.269999981,2.190000057,3.289999962,,2.349999905,4.239999771,4.380000114,,2.49000001,2.339999914,3.589999914,,1.389999986,3.200000048,3.460000038,,,1.590000033,3.099999905,,1.899999976,3.829999924,6.5,,4.349999905,4.25,7.46999979,,6.010000229,6.690000057,,,4.369999886,7.199999809,8.350000381,,3.299999952,2.190000057,8.229999542,,3.980000019,,7.380000114,,2.980000019,5.329999924,7.21999979,,,4.929999828,7.730000019,,1.179999948,4.699999809,6.630000114,,1.830000043,5.429999828,4.180000305,,3.379999876,5.769999504,3.880000114,,,8.429999352
2.1491E+14,Brajrajnagar,Ground water,Cgwb,Odisha,Jharsuguda,Jharsuguda,Manual,Jharsuguda,Brajrajnagar,21.8194,83.9319,1995-01-07,2025-01-10,Dug well,Unconfined,9.2,HGZ,MANUAL-Water Level,m,5.429999828,,4.550000191,4.989999771,7.78000021,,1.659999967,4.980000019,5.53000021,,3.460000038,4.5,5.579999924,,1.879999995,3.849999905,4.190000057,,3.289999962,5.309999943,,,2.359999895,5.210000038,7.78000021,,1.75999999,4.159999847,7.460000038,,1.610000014,4.980000019,8.399999619,,5.380000114,5.159999847,8.380000114,,3.779999971,5.829999924,8.319999695,,4.940000057,6.03000021,7.409999847,,4.880000114,5.050000191,6.559999943,,,5.050000191,5.949999809,,4.650000095,5.050000191,5.550000191,,3.650000095,5.349999905,6.550000191,,5.050000191,6.050000191,,,3.099999905,4.949999809,6.880000114,,3.299999952,4.059999943,5.159999847,,1.50999999,,5.110000134,,2.0,4.960000038,4.760000229,,,4.360000134,4.809999943,,2.059999943,4.659999847,4.659999847,,0.99000001,3.589999914,4.659999847,5.260000229,1.660000086,,3.620000124,6.040000439,4.580000401,
2.1454E+14,Lakhanpur,Ground water,Cgwb,Odisha,Jharsuguda,Lakhanpur,Manual,Lakhanpur,Lakhanpur,21.7611,83.7736,1995-01-07,2025-01-10,Dug well,Unconfined,7.67,HGZ,MANUAL-Water Level,m,4.980000019,,3.019999981,4.820000172,5.630000114,,1.75,4.619999886,5.289999962,,2.950000048,4.150000095,5.519999981,,1.419999957,2.24000001,4.400000095,,2.5,3.329999924,4.53000021,,1.860000014,3.549999952,5.630000114,,1.210000038,2.440000057,4.849999905,,1.899999976,3.24000001,4.909999847,,2.75999999,4.0,4.679999828,,2.349999905,3.74000001,5.010000229,,3.019999981,4.829999924,4.75,,1.49000001,3.640000105,4.800000191,,,3.599999905,5.150000095,,2.549999952,2.849999905,4.599999905,,2.349999905,3.799999952,4.75,,2.849999905,4.050000191,,,2.650000095,3.450000048,3.980000019,,2.799999952,2.75,4.449999809,,1.75,,4.199999809,,1.059999943,2.549999952,4.150000095,,,3.5,4.349999905,,2.599999905,3.650000095,3.900000095,,2.049999952,2.980000019,4.549999714,5.480000019,2.399999857,,3.179999828,5.159999847,5.019999981,
2.01218E+14,Balipatna,Ground water,Cgwb,Odisha,Khordha,Balipatana,Manual,Balipatana,Balipatna,20.205,85.9636,1995-01-07,2024-08-31,Dug well,Unconfined,5.1,HGZ,MANUAL-Water Level,m,1.139999986,,0.519999981,0.839999974,1.379999995,,0.550000012,0.720000029,1.019999981,,0.090000004,0.709999979,1.340000033,,0.409999996,0.50999999,,,0.379999995,1.080000043,0.660000026,,0.699999988,0.810000002,1.039999962,,0.109999999,0.400000006,1.610000014,,0.579999983,0.289999992,1.629999995,,1.299999952,0.709999979,,,0.379999995,1.200000048,1.5,,1.870000005,0.550000012,1.710000038,,1.529999971,1.570000052,1.080000043,,,1.49000001,,,2.0,1.100000024,2.150000095,,1.049999952,1.700000048,2.799999952,,1.0,2.0,,,0.899999976,2.150000095,1.600000024,,0.689999998,0.829999983,1.129999995,,0.550000012,,1.590000033,,1.100000024,0.730000019,1.059999943,,0.579999983,0.779999971,1.230000019,,0.379999995,0.779999971,1.230000019,,0.680000007,0.779999971,2.380000114,,1.200000048,1.459999919,1.909999967,,0.659999967,
2.01703E+14,Bhubaneswar-i,Ground water,Cgwb,Odisha,Khordha,Bhubaneswar,Manual,Bhubaneswar,Bhubaneswar-i,20.2842,85.8494,1995-01-07,2024-08-31,Dug well,Unconfined,6.5,HGZ,MANUAL-Water Level,m,3.599999905,,,4.139999866,,,0.620000005,4.440000057,4.400000095,,,2.940000057,4.070000172,,2.680000067,2.970000029,4.059999943,,3.00999999,3.589999914,4.230000019,,3.130000114,2.210000038,1.909999967,,1.159999967,4.119999886,4.510000229,,3.869999886,4.239999771,4.519999981,,4.019999981,4.170000076,4.519999981,,2.549999952,4.21999979,4.510000229,,3.670000076,3.849999905,4.590000153,,1.570000052,5.010000229,4.46999979,,,4.0,5.349999905,,4.199999809,2.819999933,4.360000134,,2.0,2.700000048,4.5,,3.599999905,5.300000191,,,4.5,5.699999809,6.300000191,,,5.070000172,5.769999981,,2.470000029,,5.440000057,5.070000172,3.599999905,4.420000076,5.420000076,,3.269999981,5.170000076,5.769999981,,4.900000095,5.369999886,5.690000057,,3.670000076,5.570000172,5.820000172,,4.450000286,4.960000038,6.190000057,,3.079999924,
1.9571E+14,Bhusundapur,Ground water,Cgwb,Odisha,Khordha,Tangi,Manual,Tangi,Bhusundapur,19.9528,85.4806,1995-01-07,2024-08-31,Dug well,Unconfined,10.16,HGZ,MANUAL-Water Level,m,8.369999886,,2.900000095,6.789999962,8.289999962,,2.900000095,4.800000191,8.069999695,,4.590000153,7.699999809,9.449999809,,2.450000048,2.650000095,8.279999733,,4.150000095,4.630000114,8.279999733,,3.930000067,3.920000076,8.319999695,,2.849999905,5.699999809,7.190000057,,2.849999905,4.340000153,6.710000038,,1.370000005,5.150000095,8.409999847,,2.460000038,5.300000191,7.550000191,,3.440000057,4.429999828,7.400000095,,2.900000095,4.639999866,7.570000172,,,4.400000095,6.599999905,,4.550000191,3.180000067,6.21999979,,3.099999905,3.5,6.550000191,,3.349999905,5.400000095,,,3.049999952,5.099999905,6.5,,1.679999948,3.549999952,6.25,,1.929999948,,6.960000038,,2.5,2.650000095,5.75,,2.400000095,3.450000048,6.340000153,,3.700000048,4.349999905,6.099999905,,2.049999952,4.599999905,7.0,,3.900000095,4.980000019,7.769999981,,3.109999895,
2.01015E+14,Bolagarh,Ground water,Cgwb,Odisha,Khordha,Bolagad,Manual,Bolagad,Bolagarh,20.1708,85.2778,1995-01-07,2024-08-31,Dug well,Unconfined,13.07,HGZ,MANUAL-Water Level,m,5.809999943,,3.579999924,6.110000134,7.949999809,,2.190000057,4.289999962,6.260000229,,4.440000057,5.46999979,8.010000229,,1.50999999,3.130000114,6.159999847,,4.610000134,4.369999886,6.880000114,,3.349999905,2.910000086,6.920000076,,1.860000014,4.760000229,8.340000153,,3.859999895,4.900000095,6.900000095,,4.28000021,5.440000057,7.170000076,,2.160000086,4.409999847,6.960000038,,2.569999933,3.420000076,6.260000229,,2.410000086,5.900000095,6.960000038,,,5.860000134,6.900000095,,3.799999952,2.779999971,6.099999905,,2.950000048,3.200000048,6.599999905,,3.0,4.699999809,,,3.299999952,5.0,7.0,,6.349999905,4.610000134,6.159999847,,2.049999952,,6.610000134,,1.600000024,3.910000086,5.659999847,,5.159999847,3.75999999,6.119999886,,5.460000038,4.639999866,5.510000229,,1.710000038,4.510000229,6.259999752,,5.920000076,6.109999657,7.650000095,,2.380000114,
1.95938E+14,Nirakarpur,Ground water,Cgwb,Odisha,Khordha,Tangi,Manual,Tangi,Nirakarpur,19.9939,85.54,1995-01-07,2024-08-31,Dug well,Unconfined,10,HGZ,MANUAL-Water Level,m,8.319999695,,4.739999771,7.300000191,8.510000229,,3.380000114,5.889999866,7.570000172,,2.50999999,7.420000076,7.75,,1.169999957,2.730000019,7.409999847,,2.170000076,4.809999943,7.5,,3.49000001,4.610000134,7.78000021,,3.200000048,6.449999809,7.659999847,,1.600000024,4.900000095,7.050000191,,2.099999905,4.550000191,7.300000191,,1.980000019,5.050000191,7.199999809,,3.00999999,4.150000095,6.320000172,,2.559999943,4.320000172,6.599999905,,,4.050000191,6.050000191,,4.440000057,2.559999943,5.619999886,,3.0,3.700000048,5.800000191,,3.650000095,5.099999905,,,3.099999905,5.0,6.53000021,,0.850000024,4.800000191,6.849999905,,0.939999998,,6.309999943,,1.399999976,2.950000048,6.5,,2.799999952,4.800000191,6.860000134,,2.549999952,5.75,6.25,,1.549999952,4.800000191,6.799999714,,3.429999828,6.670000076,8.050000191,,2.909999847,
1.95531E+14,Tangi2,Ground water,Cgwb,Odisha,Khordha,Tangi,Manual,Tangi,Tangi,19.9253,85.3978,1995-01-07,2024-08-31,Dug well,Unconfined,14.3,HGZ,MANUAL-Water Level,m,10.89000034,,2.720000029,10.22000027,11.30000019,,3.24000001,7.909999847,10.10000038,,9.029999733,10.17000008,12.72999954,,3.900000095,4.710000038,,,7.489999771,7.730000019,11.15999985,,5.5,5.300000191,11.10000038,,2.099999905,7.449999809,10.94999981,,5.900000095,4.5,9.979999542,,6.320000172,8.449999809,10.06000042,,4.110000134,8.649999619,10.25,,5.480000019,6.150000095,10.07999992,,5.099999905,7.039999962,10.25,,,7.389999866,10.0,,6.949999809,5.0,9.5,,5.199999809,6.099999905,10.25,,5.699999809,8.850000381,,,5.400000095,8.399999619,10.60000038,,2.5,6.590000153,4.389999866,,4.130000114,,11.39999962,,4.449999809,5.789999962,10.59000015,,7.190000057,7.989999771,11.60000038,,5.289999962,7.690000057,9.789999962,,5.090000153,7.889999866,10.78999996,,6.949999809,8.489999771,12.01000023,,4.179999828,
1.85155E+14,Anta,Ground water,Cgwb,Odisha,Koraput,Jeypur,Manual,Jeypur,Anta,18.8653,82.5222,1995-01-07,2024-08-31,Dug well,Unconfined,6.81,HGZ,MANUAL-Water Level,m,3.319999933,,3.220000029,2.519999981,3.690000057,,0.579999983,2.589999914,3.400000095,,0.670000017,2.650000095,3.519999981,,0.569999993,2.069999933,2.920000076,,0.769999981,2.319999933,3.220000029,,1.440000057,1.440000057,3.690000057,,0.569999993,2.769999981,3.190000057,,0.319999993,0.649999976,3.420000076,,0.620000005,2.019999981,3.119999886,,0.469999999,1.620000005,1.919999957,,0.720000029,1.419999957,3.019999981,,1.019999981,1.620000005,3.019999981,,,1.200000048,2.900000095,,0.74000001,1.299999952,2.849999905,,0.5,2.0,3.349999905,,0.25,1.75,,,0.600000024,2.299999952,3.5,,0.400000006,,0.319999993,,0.560000002,,2.819999933,,0.119999997,1.659999967,2.910000086,,,1.580000043,2.420000076,,0.870000005,2.799999952,3.690000057,,1.24000001,2.279999971,,,0.669999957,1.480000019,2.919999838,,1.379999995,
1.8453E+14,Baipariguda,Ground water,Cgwb,Odisha,Koraput,Boipariguda,Manual,Boipariguda,Baipariguda,18.7583,82.4383,1997-11-07,2024-08-31,Dug well,Unconfined,8.5,HGZ,MANUAL-Water Level,m,5.599999905,,2.299999952,5.070000172,6.619999886,,4.28000021,4.460000038,6.139999866,,2.329999924,5.119999886,6.25,,1.5,3.720000029,5.5,,1.899999976,4.360000134,5.659999847,,4.199999809,2.799999952,6.300000191,,1.5,2.75,6.349999905,,1.799999952,1.559999943,6.900000095,,5.699999809,2.660000086,5.099999905,,2.049999952,4.099999905,5.199999809,,2.200000048,3.700000048,4.699999809,,2.0,4.400000095,5.599999905,,,4.099999905,5.300000191,,1.789999962,3.400000095,5.199999809,,1.779999971,3.700000048,5.199999809,,4.0,4.599999905,,,2.5,4.199999809,5.550000191,,0.100000001,2.299999952,4.800000191,,1.100000024,,6.5,,0.800000012,3.269999981,5.210000038,,,3.210000038,4.449999809,,2.940000057,4.429999828,5.570000172,,2.319999933,3.200000048,,,3.890000105,2.75999999,5.600000381,,1.609999895,
1.90224E+14,Bajiguda,Ground water,Cgwb,Odisha,Koraput,Kundura,Manual,Kundura,Bajiguda,19.04,82.3703,1995-01-07,2024-08-31,Dug well,Unconfined,10.5,HGZ,MANUAL-Water Level,m,6.349999905,,1.5,4.849999905,6.400000095,,1.049999952,5.070000172,6.130000114,,0.569999993,5.630000114,7.730000019,,0.75,4.420000076,5.050000191,,1.0,4.949999809,6.449999809,,1.029999971,5.269999981,6.400000095,,1.299999952,4.53000021,6.420000076,,1.649999976,4.25,6.449999809,,7.449999809,5.550000191,6.849999905,,2.049999952,4.849999905,7.550000191,,2.650000095,4.650000095,6.25,,5.050000191,5.849999905,6.849999905,,,5.25,6.75,,1.809999943,3.5,6.25,,1.950000048,4.900000095,6.650000095,,2.150000095,5.449999809,,,1.25,5.050000191,6.849999905,,2.299999952,1.649999976,2.25,,0.99000001,,6.050000191,,1.0,4.96999979,6.429999828,,,4.590000153,6.400000095,,2.849999905,5.21999979,6.190000057,,3.130000114,3.329999924,,,1.860000014,4.46999979,6.25,,3.309999943,
1.90421E+14,Bijapur,Ground water,Cgwb,Odisha,Koraput,Boriguma,Manual,Boriguma,Bijapur,19.0725,82.5253,1995-01-07,2024-08-31,Dug well,Unconfined,6.1,HGZ,MANUAL-Water Level,m,4.5,,2.119999886,1.74000001,3.0,,0.460000008,2.029999971,3.220000029,,0.370000005,1.600000024,3.099999905,,0.460000008,0.899999976,1.899999976,,0.400000006,1.200000048,2.430000067,,0.920000017,1.120000005,3.0,,0.360000014,1.129999995,1.220000029,,0.400000006,0.899999976,2.400000095,,3.470000029,1.399999976,2.599999905,,0.75,1.799999952,3.049999952,,0.600000024,0.699999988,0.899999976,,0.600000024,1.200000048,2.5,,,1.25,2.150000095,,0.550000012,1.25,1.75,,0.699999988,1.200000048,2.049999952,,0.75,1.25,,,0.75,1.25,2.150000095,,1.100000024,0.699999988,1.0,,0.75999999,,,,0.600000024,1.440000057,4.28000021,,,1.409999967,2.400000095,,0.959999979,1.610000014,2.680000067,,1.159999967,1.659999967,,,0.789999962,3.640000105,2.350000143,,1.00999999,
1.90127E+14,C.kusimi-i,Ground water,Cgwb,Odisha,Koraput,Jeypur,Manual,Jeypur,C.kusimi-i,19.0242,82.4306,1995-01-07,2024-08-31,Dug well,Unconfined,10.85,HGZ,MANUAL-Water Level,m,6.449999809,,1.330000043,4.349999905,6.110000134,,0.670000017,4.869999886,3.089999914,,1.120000005,5.159999847,6.889999866,,0.899999976,3.190000057,5.150000095,,1.0,3.519999981,5.679999828,,1.399999976,3.809999943,6.110000134,,0.850000024,2.769999981,4.559999943,,1.100000024,1.950000048,5.449999809,,6.429999828,3.650000095,5.449999809,,1.0,4.550000191,5.949999809,,1.049999952,2.450000048,4.550000191,,3.049999952,3.75,5.25,,,2.549999952,4.900000095,,0.889999986,1.0,4.400000095,,0.75,2.200000048,4.849999905,,0.649999976,3.400000095,,,0.5,2.0,3.950000048,,0.800000012,0.5,1.049999952,,0.649999976,,3.650000095,,0.349999994,2.880000114,4.380000114,,,2.569999933,3.5,,0.949999988,2.599999905,4.590000153,,1.049999952,1.610000014,,,0.700000048,3.670000076,4.349999905,,1.210000038,
1.84628E+14,Dhaulapur,Ground water,Cgwb,Odisha,Koraput,Boipariguda,Manual,Boipariguda,Dhaulapur,18.7744,82.3253,1995-01-07,2024-08-31,Dug well,Unconfined,10.37,HGZ,MANUAL-Water Level,m,6.21999979,,3.339999914,5.559999943,6.860000134,,2.0,5.28000021,6.519999981,,5.820000172,5.659999847,7.059999943,,1.899999976,3.910000086,5.96999979,,2.970000029,4.619999886,6.21999979,,3.200000048,4.920000076,6.860000134,,1.980000019,4.699999809,6.050000191,,3.220000029,4.71999979,5.820000172,,6.53000021,5.320000172,6.619999886,,3.420000076,5.019999981,6.420000076,,2.920000076,4.420000076,5.519999981,,4.119999886,5.269999981,6.619999886,,,5.400000095,6.900000095,,3.980000019,5.199999809,6.699999809,,4.849999905,5.5,6.800000191,,2.900000095,5.800000191,,,3.400000095,5.449999809,7.099999905,,3.099999905,1.820000052,2.319999933,,1.620000005,,5.420000076,,0.519999981,4.679999828,5.960000038,,,4.909999847,6.019999981,,3.769999981,,6.119999886,,,1.120000005,,,3.430000067,3.700000048,6.370000362,,3.439999819,
1.90126E+14,Ghatarala,Ground water,Cgwb,Odisha,Koraput,Kundura,Manual,Kundura,Ghatarala,19.0239,82.4,1995-01-07,2024-08-31,Dug well,Unconfined,11.17,HGZ,MANUAL-Water Level,m,5.25,,1.350000024,2.849999905,3.599999905,,0.589999974,3.420000076,1.75999999,,0.850000024,2.450000048,5.579999924,,0.889999986,1.820000052,1.75,,1.049999952,1.549999952,6.050000191,,0.970000029,2.650000095,3.599999905,,1.190000057,2.069999933,5.920000076,,1.25,2.349999905,4.449999809,,4.860000134,1.75,2.349999905,,1.149999976,2.049999952,6.150000095,,1.350000024,1.950000048,6.050000191,,1.25,1.450000048,3.549999952,,,1.25,6.199999809,,1.220000029,1.299999952,5.800000191,,1.200000048,2.400000095,6.300000191,,1.100000024,2.200000048,,,1.299999952,2.200000048,4.300000191,,1.5,0.800000012,1.149999976,,1.129999995,,3.650000095,,1.149999976,3.220000029,4.71999979,,,2.910000086,2.099999905,,1.429999948,3.549999952,4.570000172,,0.150000006,0.600000024,,,1.2299999,2.309999943,5.5,,1.389999986,
1.90601E+14,Gumur,Ground water,Cgwb,Odisha,Koraput,Kotpad,Manual,Kotpad,Gumur,19.1003,82.3403,1995-01-07,2024-08-31,Dug well,Unconfined,15,HGZ,MANUAL-Water Level,m,4.699999809,,0.730000019,3.819999933,4.050000191,,0.230000004,3.900000095,4.21999979,,1.200000048,4.460000038,5.599999905,,0.219999999,3.339999914,3.900000095,,0.600000024,3.5,4.860000134,,1.350000024,3.549999952,4.050000191,,1.100000024,3.380000114,4.829999924,,1.549999952,3.400000095,4.900000095,,5.78000021,3.5,5.0,,1.100000024,3.849999905,4.800000191,,2.599999905,3.200000048,4.900000095,,2.799999952,3.599999905,4.5,,,3.25,4.800000191,,1.429999948,2.099999905,4.400000095,,2.099999905,3.049999952,4.699999809,,0.5,3.200000048,,,1.100000024,2.900000095,4.300000191,,1.0,0.050000001,0.5,,0.079999998,,4.199999809,,0.100000001,,4.519999981,,,1.679999948,3.299999952,,1.049999952,2.930000067,3.799999952,,1.320000052,1.799999952,,,0.379999936,2.339999914,3.700000048,,0.949999988,
1.8511E+14,Jeypore1,Ground water,Cgwb,Odisha,Koraput,Jeypur,Manual,Jeypur,Jeypore,18.8528,82.5814,1995-01-07,2024-08-31,Dug well,Unconfined,10.73,HGZ,MANUAL-Water Level,m,6.28000021,,2.680000067,6.150000095,7.949999809,,1.919999957,5.619999886,7.559999943,,5.420000076,6.28000021,8.140000343,,2.029999971,4.829999924,6.679999828,,2.180000067,5.179999828,7.139999866,,3.529999971,5.010000229,7.949999809,,1.779999971,5.059999943,6.360000134,,3.180000067,5.03000021,6.78000021,,7.550000191,5.53000021,6.880000114,,3.930000067,5.880000114,7.28000021,,3.579999924,4.28000021,5.980000019,,5.329999924,5.880000114,7.28000021,,,4.400000095,6.449999809,,2.480000019,4.849999905,6.449999809,,2.049999952,5.050000191,6.650000095,,4.25,5.5,,,2.900000095,5.599999905,7.099999905,,3.0,2.529999971,2.779999971,,1.639999986,,6.480000019,,1.279999971,4.079999924,6.25,,,5.190000057,6.980000019,,4.5,5.519999981,6.690000057,,3.880000114,4.179999828,,,3.930000067,5.760000229,6.430000305,,3.660000086,
1.90912E+14,Jujari,Ground water,Cgwb,Odisha,Koraput,Boriguma,Manual,Boriguma,Jujari,19.1533,82.5778,1995-01-07,2024-08-31,Dug well,Unconfined,7.45,HGZ,MANUAL-Water Level,m,2.549999952,,2.460000038,3.619999886,6.449999809,,1.049999952,3.789999962,,,1.149999976,3.940000057,5.269999981,,,2.049999952,2.849999905,,1.100000024,2.400000095,3.799999952,,1.350000024,2.700000048,6.449999809,,0.699999988,0.959999979,4.03000021,,0.949999988,2.049999952,2.849999905,,3.859999895,3.150000095,4.050000191,,1.049999952,3.349999905,3.450000048,,0.850000024,1.549999952,2.450000048,,0.649999976,2.549999952,2.950000048,,,2.0,2.950000048,,0.560000002,2.950000048,2.200000048,,0.649999976,1.700000048,2.400000095,,0.699999988,2.299999952,,,0.800000012,0.850000024,2.450000048,,1.200000048,1.25,1.649999976,,0.850000024,,3.049999952,,0.449999988,1.940000057,3.230000019,,,2.079999924,3.450000048,,1.080000043,2.75999999,3.140000105,,0.550000012,1.220000029,,,1.230000019,2.359999895,3.150000095,,1.190000057,
1.84843E+14,Koraput-i,Ground water,Cgwb,Odisha,Koraput,Koraput,Manual,Koraput,Koraput-i,18.8119,82.7217,1995-01-07,2024-08-31,Dug well,Unconfined,12.37,HGZ,MANUAL-Water Level,m,8.600000381,,10.19999981,9.180000305,9.680000305,,7.829999924,7.920000076,8.899999619,,10.14999962,9.390000343,9.949999809,,8.75,6.960000038,8.100000381,,7.449999809,6.860000134,7.920000076,,10.0,7.679999828,9.680000305,,6.5,2.5,8.5,,7.599999905,6.599999905,8.899999619,,8.109999657,7.900000095,8.800000191,,9.100000381,8.699999809,9.199999809,,8.699999809,7.0,7.699999809,,9.899999619,8.800000191,9.699999809,,,7.050000191,8.800000191,,8.079999924,7.300000191,8.399999619,,7.599999905,6.900000095,7.800000191,,11.0,7.5,,,6.900000095,7.0,8.300000191,,3.200000048,2.700000048,2.799999952,,4.599999905,,6.5,,3.700000048,6.0,7.96999979,,,7.440000057,9.199999809,,8.779999733,7.449999809,8.460000038,,4.059999943,4.360000134,,,7.960000038,6.630000114,7.5,,7.699999809,
1.9083E+14,Kotpad,Ground water,Cgwb,Odisha,Koraput,Kotpad,Manual,Kotpad,Kotpad,19.1417,82.2722,1995-01-07,2024-08-31,Dug well,Unconfined,8.15,HGZ,MANUAL-Water Level,m,2.099999905,,1.600000024,1.570000052,2.269999981,,0.779999971,1.399999976,2.180000067,,1.0,1.549999952,2.599999905,,0.959999979,1.440000057,1.899999976,,1.049999952,1.399999976,2.180000067,,1.179999948,1.25,2.269999981,,0.949999988,1.529999971,2.579999924,,1.100000024,1.200000048,3.700000048,,3.210000038,1.700000048,2.299999952,,1.100000024,1.850000024,2.799999952,,1.5,1.399999976,1.899999976,,1.700000048,1.899999976,2.400000095,,,1.350000024,1.799999952,,1.029999971,1.049999952,1.399999976,,0.800000012,0.949999988,1.450000048,,0.400000006,0.800000012,,,0.600000024,0.600000024,1.25,,1.5,0.949999988,1.399999976,,1.370000005,,,,1.399999976,2.25999999,2.99000001,,,1.879999995,3.450000048,,0.980000019,2.0,2.579999924,,0.219999999,0.920000017,,,0.729999959,1.830000043,2.600000143,,1.5,
1.832E+14,Nandapur,Ground water,Cgwb,Odisha,Koraput,Nandapur,Manual,Nandapur,Nandapur,18.5333,82.7417,1995-01-07,2024-08-31,Dug well,Unconfined,10.73,HGZ,MANUAL-Water Level,m,3.930000067,,0.930000007,3.630000114,4.199999809,,1.580000043,3.410000086,4.059999943,,2.329999924,3.900000095,,,1.549999952,2.450000048,3.430000067,,1.980000019,3.279999971,3.579999924,,2.329999924,3.329999924,4.199999809,,1.429999948,2.349999905,2.960000038,,2.529999971,3.029999971,3.980000019,,4.440000057,3.680000067,4.230000019,,2.529999971,4.230000019,4.730000019,,2.730000019,3.329999924,3.880000114,,3.329999924,3.980000019,4.429999828,,,2.650000095,3.75,,2.339999914,2.650000095,3.75,,2.0,2.799999952,3.75,,2.849999905,3.25,,,1.950000048,3.349999905,4.050000191,,2.75,3.230000019,3.529999971,,1.230000019,,3.730000019,,1.730000019,3.119999886,3.950000048,,,3.25999999,3.930000067,,3.400000095,3.930000067,4.239999771,,2.029999971,2.50999999,,,3.069999933,2.720000029,4.329999924,,2.549999952,
1.84622E+14,Patraput,Ground water,Cgwb,Odisha,Koraput,Boipariguda,Manual,Boipariguda,Patraput,18.7728,82.5278,1995-01-07,2024-08-31,Dug well,Unconfined,10.3,HGZ,MANUAL-Water Level,m,5.0,,2.059999943,4.019999981,5.449999809,,1.379999995,4.0,5.380000114,,1.649999976,4.710000038,6.170000076,,0.829999983,2.480000019,5.0,,1.350000024,3.029999971,4.860000134,,2.430000067,2.430000067,6.300000191,,1.5,2.170000076,5.599999905,,2.0,1.600000024,5.199999809,,0.699999988,4.099999905,5.599999905,,1.600000024,4.449999809,6.300000191,,3.299999952,2.799999952,4.75,,3.849999905,4.400000095,6.0,,,3.400000095,5.550000191,,2.029999971,2.849999905,5.050000191,,1.549999952,2.700000048,4.949999809,,2.150000095,4.050000191,,,1.799999952,3.650000095,5.800000191,,2.0,1.399999976,7.699999809,,1.399999976,,4.900000095,,1.299999952,2.700000048,4.739999771,,,3.059999943,4.800000191,,1.950000048,4.21999979,5.389999866,,,2.799999952,,,2.329999924,4.920000076,5.799999714,,1.860000014,
1.83348E+14,Potangi,Ground water,Cgwb,Odisha,Koraput,Pottangi,Manual,Pottangi,Potangi,18.5633,82.9617,1995-01-07,2024-08-31,Dug well,Unconfined,10.93,HGZ,MANUAL-Water Level,m,8.130000114,,2.130000114,5.230000019,5.630000114,,2.640000105,4.71999979,5.659999847,,3.769999981,4.789999962,6.130000114,,2.630000114,2.829999924,4.53000021,,2.430000067,3.809999943,5.130000114,,2.180000067,3.130000114,5.630000114,,2.430000067,3.019999981,4.400000095,,3.380000114,3.130000114,4.860000134,,,5.130000114,5.429999828,,4.130000114,5.329999924,5.539999962,,3.829999924,3.630000114,4.730000019,,4.829999924,4.829999924,5.730000019,,,3.299999952,4.0,,3.539999962,3.700000048,4.599999905,,3.25,3.200000048,4.599999905,,3.950000048,3.700000048,,,3.579999924,3.599999905,4.699999809,,3.5,,8.229999542,,2.269999981,,8.430000305,,6.53000021,3.369999886,4.489999771,,,3.170000076,4.130000114,,3.829999924,3.119999886,4.110000134,,0.889999986,1.230000019,,,3.420000076,4.239999771,4.03000021,,3.809999943,
1.90632E+14,Sasanhandi-ii,Ground water,Cgwb,Odisha,Koraput,Boriguma,Manual,Boriguma,Sasanhandi-ii,19.1089,82.4739,1995-01-07,2024-08-31,Dug well,Unconfined,12,HGZ,MANUAL-Water Level,m,5.199999809,,1.149999976,1.879999995,1.25999999,,0.920000017,2.519999981,1.330000043,,0.769999981,1.519999981,5.070000172,,0.620000005,1.909999967,1.200000048,,1.0,1.289999962,1.850000024,,1.419999957,2.359999895,1.129999995,,1.049999952,0.620000005,1.620000005,,1.049999952,1.100000024,4.699999809,,5.710000038,1.100000024,5.099999905,,0.600000024,1.600000024,4.099999905,,0.949999988,1.100000024,3.900000095,,0.899999976,0.949999988,4.400000095,,,1.100000024,5.400000095,,1.0,1.100000024,4.800000191,,0.699999988,1.5,5.349999905,,0.850000024,1.399999976,,,1.0,1.299999952,1.549999952,,1.0,0.300000012,0.899999976,,0.5,,1.700000048,,0.400000006,2.539999962,4.869999886,,,3.059999943,0.800000012,,0.930000007,2.420000076,4.519999981,,0.779999971,1.139999986,,,0.590000033,3.24000001,4.699999809,,0.570000052,
1.81508E+14,Balimela,Ground water,Cgwb,Odisha,Malkangiri,Korkunda,Manual,Korkunda,Balimela,18.2522,82.1042,1995-01-07,2024-08-31,Dug well,Unconfined,6.65,HGZ,MANUAL-Water Level,m,2.200000048,,0.899999976,1.299999952,1.379999995,,1.74000001,1.289999962,1.200000048,,0.769999981,1.25,1.429999948,,0.730000019,1.080000043,1.299999952,,0.800000012,1.25,1.649999976,,1.100000024,1.090000033,1.379999995,,0.649999976,3.700000048,2.480000019,,0.75,1.25,1.950000048,,,2.349999905,1.850000024,,0.949999988,1.75,2.150000095,,1.25,1.149999976,1.549999952,,1.149999976,2.049999952,2.049999952,,,1.049999952,1.799999952,,1.019999981,,3.650000095,,0.899999976,1.899999976,1.600000024,,0.400000006,1.299999952,,,0.400000006,1.799999952,2.700000048,,1.0,0.449999988,0.850000024,,0.800000012,,3.549999952,,0.75,1.539999962,3.00999999,,,1.149999976,1.700000048,,,1.230000019,1.070000052,,0.270000011,0.400000006,,,0.709999979,0.799999952,1.549999952,,0.730000019,
2.01554E+14,Kandapara,Ground water,Cgwb,Odisha,Nayagarh,Bhapur,Manual,Bhapur,Kandapara,20.265,85.175,1995-01-07,2024-08-31,Dug well,Unconfined,11.5,HGZ,MANUAL-Water Level,m,7.599999905,,1.820000052,6.179999828,8.130000114,,1.590000033,3.329999924,6.860000134,,9.210000038,9.109999657,10.22999954,,1.529999971,2.410000086,7.25,,4.550000191,5.369999886,8.210000038,,2.400000095,1.149999976,8.210000038,,5.429999828,2.50999999,1.24000001,,6.730000019,5.349999905,9.130000114,,6.429999828,4.130000114,4.809999943,,2.680000067,5.079999924,7.929999828,,3.210000038,4.829999924,7.309999943,,3.029999971,6.829999924,8.130000114,,,6.820000172,6.650000095,,6.159999847,2.599999905,2.380000114,,0.579999983,2.230000019,3.079999924,,1.200000048,2.230000019,,,6.5,7.0,8.5,,5.300000191,2.829999924,7.730000019,,6.659999847,,7.679999828,,2.730000019,1.529999971,6.329999924,,5.630000114,4.179999828,6.210000038,,5.130000114,5.329999924,7.579999924,,1.480000019,4.929999828,7.099999905,,6.630000114,,8.350000381,,5.519999981,
2.0095E+14,Mahipur,Ground water,Cgwb,Odisha,Nayagarh,Nuagaon,Manual,Nuagaon,Mahipur,20.1639,84.9972,1995-01-07,2024-08-31,Dug well,Unconfined,5.17,HGZ,MANUAL-Water Level,m,3.25,,1.299999952,2.799999952,3.440000057,,0.769999981,1.929999948,3.25999999,,2.160000086,2.640000105,3.769999981,,1.169999957,2.029999971,3.210000038,,2.170000076,2.579999924,3.619999886,,1.74000001,2.109999895,3.650000095,,1.49000001,2.569999933,3.579999924,,1.720000029,2.579999924,3.920000076,,1.440000057,2.670000076,3.380000114,,1.620000005,2.619999886,3.769999981,,1.970000029,1.970000029,4.269999981,,1.720000029,3.609999895,3.619999886,,,3.970000029,4.110000134,,2.089999914,2.069999933,3.140000105,,1.75,2.369999886,3.599999905,,2.150000095,3.5,,,2.200000048,2.230000019,3.799999952,,1.5,1.519999981,3.319999933,,1.539999962,,3.569999933,,1.169999957,1.769999981,3.069999933,,1.669999957,1.720000029,3.200000048,,2.619999886,1.769999981,2.819999933,,1.220000029,2.470000029,3.519999981,,1.919999957,2.859999895,3.980000019,,1.910000086,
2.0151E+14,Nuagaon1,Ground water,Cgwb,Odisha,Nayagarh,Nuagaon,Manual,Nuagaon,Nuagaon,20.2528,84.9728,1995-01-07,2024-08-31,Dug well,Unconfined,6.3,HGZ,MANUAL-Water Level,m,3.309999943,,1.470000029,3.789999962,4.570000172,,2.019999981,2.940000057,3.410000086,,,3.910000086,4.349999905,,2.349999905,2.900000095,3.339999914,,2.690000057,3.49000001,3.930000067,,2.25,2.349999905,4.25,,2.089999914,3.200000048,3.75999999,,1.649999976,2.150000095,3.700000048,,2.0,2.75,3.75999999,,2.900000095,3.650000095,4.300000191,,2.849999905,2.960000038,4.199999809,,2.5,4.710000038,3.75,,,4.909999847,4.429999828,,,2.930000067,3.210000038,,2.069999933,3.549999952,4.760000229,,4.320000172,4.949999809,,,3.0,4.21999979,3.0,,,2.650000095,4.150000095,,2.950000048,,3.869999886,,2.569999933,2.900000095,4.130000114,,2.950000048,3.200000048,3.940000057,,3.400000095,2.859999895,3.609999895,,1.799999952,3.450000048,3.799999952,,3.25,4.679999828,5.039999962,,2.569999933,
2.00118E+14,Odagaon,Ground water,Cgwb,Odisha,Nayagarh,Odagaon,Manual,Odagaon,Odagaon,20.0217,84.9833,1995-01-07,2024-08-31,Dug well,Unconfined,6.78,HGZ,MANUAL-Water Level,m,4.539999962,,1.919999957,2.960000038,3.599999905,,1.450000048,3.400000095,4.860000134,,0.589999974,3.150000095,6.130000114,,0.730000019,1.629999995,3.049999952,,2.529999971,3.299999952,6.03000021,,2.25999999,3.849999905,5.389999866,,1.399999976,2.279999971,5.340000153,,1.429999948,2.170000076,2.829999924,,1.379999995,2.369999886,5.570000172,,1.529999971,2.269999981,3.329999924,,2.170000076,1.50999999,2.930000067,,2.180000067,3.230000019,4.309999943,,,3.559999943,3.380000114,,2.519999981,2.950000048,2.75,,1.340000033,3.329999924,2.160000086,,2.210000038,3.400000095,,,3.0,1.5,3.200000048,,1.730000019,0.779999971,4.579999924,,1.129999995,,3.25,,1.0,1.230000019,2.630000114,,1.529999971,2.099999905,3.609999895,,1.730000019,1.919999957,2.819999933,,1.179999948,2.380000114,3.330000162,,1.980000019,2.829999924,4.059999943,,1.820000052,
2.0015E+14,Sarankul,Ground water,Cgwb,Odisha,Nayagarh,Odagaon,Manual,Odagaon,Sarankul,20.0306,85.0967,1995-01-07,2024-08-31,Dug well,Unconfined,8.6,HGZ,MANUAL-Water Level,m,3.039999962,,1.570000052,2.150000095,3.450000048,,1.200000048,2.180000067,1.549999952,,0.029999999,2.430000067,5.150000095,,1.200000048,2.289999962,2.670000076,,1.909999967,1.889999986,3.430000067,,1.470000029,2.25999999,2.700000048,,1.149999976,1.700000048,2.559999943,,1.75,2.049999952,3.680000067,,3.230000019,2.849999905,3.190000057,,1.700000048,2.549999952,5.050000191,,2.319999933,2.130000114,4.150000095,,1.769999981,3.299999952,3.049999952,,,3.380000114,3.650000095,,2.140000105,2.75999999,2.380000114,,1.049999952,1.950000048,2.24000001,,2.029999971,3.599999905,,,1.200000048,2.75,4.199999809,,0.649999976,0.699999988,2.849999905,,1.190000057,,2.269999981,,1.049999952,1.75,2.150000095,,1.0,1.799999952,2.450000048,,1.75,0.959999979,1.299999952,,0.649999976,1.549999952,2.429999828,,1.399999976,2.710000038,3.390000105,,0.089999996,
2.01902E+14,Subalaya,Ground water,Cgwb,Odisha,Nayagarh,Dasapalla,Manual,Dasapalla,Subalaya,20.3172,84.9069,1995-01-07,2024-08-31,Dug well,Unconfined,8,HGZ,MANUAL-Water Level,m,3.779999971,,0.479999989,2.190000057,5.050000191,,0.439999998,1.690000057,4.230000019,,0.400000006,2.839999914,6.059999943,,0.25999999,1.139999986,4.139999866,,0.889999986,1.950000048,5.289999962,,0.980000019,1.5,4.769999981,,0.349999994,3.109999895,6.5,,0.460000008,1.379999995,4.639999866,,0.709999979,4.380000114,6.420000076,,3.160000086,4.440000057,5.159999847,,3.430000067,3.460000038,3.109999895,,2.309999943,5.349999905,3.210000038,,,5.800000191,5.849999905,,2.190000057,1.279999971,2.50999999,,0.519999981,0.870000005,2.799999952,,1.25,4.050000191,,,1.399999976,2.299999952,4.199999809,,1.179999948,0.460000008,4.460000038,,1.24000001,,4.380000114,5.559999943,0.409999996,1.159999967,2.960000038,,0.460000008,0.860000014,3.339999914,,1.210000038,0.680000007,1.50999999,,0.209999993,1.659999967,3.360000134,,1.159999967,2.609999895,4.519999981,,1.030000091,
1.95658E+14,Algum,Ground water,Cgwb,Odisha,Puri,Satyabadi,Manual,Satyabadi,Algum,19.9494,85.7478,1995-01-07,2024-08-31,Dug well,Unconfined,5.79,HGZ,MANUAL-Water Level,m,2.059999943,,1.440000057,1.970000029,2.440000057,,1.120000005,1.580000043,2.220000029,,0.349999994,1.74000001,2.420000076,,1.519999981,1.269999981,2.5,,1.149999976,1.690000057,,,1.360000014,1.710000038,2.640000105,,0.850000024,1.549999952,2.299999952,,0.920000017,1.620000005,2.799999952,,1.070000052,1.970000029,2.319999933,,0.649999976,1.940000057,2.720000029,,0.970000029,1.49000001,2.690000057,,0.899999976,1.970000029,1.74000001,,,1.980000019,2.210000038,,1.600000024,0.850000024,1.75,,1.149999976,1.600000024,2.099999905,,1.0,2.450000048,,,0.899999976,2.400000095,3.119999886,,0.180000007,,1.769999981,,0.939999998,,2.200000048,,1.070000052,1.370000005,1.769999981,,1.120000005,1.470000029,1.899999976,,0.970000029,1.519999981,1.850000024,,1.120000005,1.620000005,2.019999981,,1.070000052,2.359999895,2.779999971,,0.680000007,
1.94832E+14,Budhiabar,Ground water,Cgwb,Odisha,Puri,Brahmagiri,Manual,Brahmagiri,Budhiabar,19.8089,85.7403,1995-01-07,2024-08-31,Dug well,Unconfined,5.34,HGZ,MANUAL-Water Level,m,1.860000014,,1.50999999,1.820000052,2.019999981,,1.159999967,1.440000057,2.059999943,,,1.570000052,2.25999999,,1.25999999,1.139999986,2.089999914,,1.460000038,1.559999943,1.879999995,,1.610000014,1.470000029,2.130000114,,0.790000021,1.059999943,1.879999995,,1.059999943,1.309999943,1.860000014,,1.110000014,1.529999971,,,1.059999943,1.360000014,2.00999999,,1.399999976,1.110000014,1.940000057,,1.25999999,1.519999981,1.860000014,,,1.730000019,2.519999981,,1.700000048,1.0,1.75,,0.899999976,1.350000024,2.099999905,,0.800000012,2.0,,,0.949999988,2.799999952,2.650000095,,0.529999971,1.25999999,2.0,,0.860000014,,2.059999943,,1.409999967,1.309999943,1.909999967,,1.159999967,1.659999967,2.00999999,,1.360000014,1.179999948,1.75999999,,,1.809999943,2.059999943,,0.50999999,2.49000001,2.960000038,,1.329999924,
2.00334E+14,Charichhak,Ground water,Cgwb,Odisha,Puri,Nimapada,Manual,Nimapada,Charichhak,20.0594,86.0858,1995-01-07,2024-08-31,Dug well,Unconfined,5.25,HGZ,MANUAL-Water Level,m,2.75999999,,1.360000014,1.580000043,2.819999933,,0.850000024,1.5,3.069999933,,1.480000019,1.610000014,3.25999999,,0.959999979,1.049999952,2.619999886,,1.169999957,1.600000024,2.869999886,,1.330000043,1.799999952,3.24000001,,1.190000057,1.600000024,3.079999924,,1.299999952,1.620000005,3.089999914,,1.210000038,1.809999943,3.099999905,,1.549999952,2.019999981,3.049999952,,2.369999886,1.460000038,3.299999952,,3.119999886,1.700000048,3.089999914,,,2.0,2.900000095,,2.849999905,1.649999976,2.400000095,,1.899999976,2.400000095,3.150000095,,1.850000024,4.0,,,1.700000048,3.150000095,4.380000114,,0.680000007,1.600000024,2.599999905,,1.059999943,,3.720000029,,1.269999981,1.549999952,2.900000095,,1.549999952,1.200000048,2.549999952,,1.200000048,1.279999971,2.299999952,,2.200000048,1.25,,,3.819999933,2.660000086,3.930000067,,2.49000001,
1.9553E+14,Madrang,Ground water,Cgwb,Odisha,Puri,Gop,Manual,Gop,Madrang,19.925,85.9917,1995-01-07,2024-08-31,Dug well,Unconfined,7.26,HGZ,MANUAL-Water Level,m,2.569999933,,,1.379999995,2.519999981,,0.930000007,1.5,2.549999952,,0.029999999,1.389999986,3.00999999,,1.110000014,1.00999999,2.200000048,,1.320000052,1.340000033,2.569999933,,1.700000048,1.200000048,2.619999886,,0.670000017,1.529999971,2.789999962,,1.629999995,2.779999971,2.829999924,,1.429999948,2.410000086,1.929999948,,1.129999995,2.49000001,2.910000086,,,2.160000086,2.579999924,,1.580000043,2.5,2.680000067,,,2.390000105,3.0,,1.600000024,0.920000017,1.950000048,,0.949999988,1.200000048,2.150000095,,0.800000012,2.150000095,,,0.699999988,2.0,2.869999886,,1.039999962,0.980000019,1.779999971,,0.330000013,,2.5,,0.379999995,0.829999983,1.799999952,,,0.930000007,1.980000019,,0.479999989,1.200000048,2.279999971,,0.560000002,0.829999983,1.929999948,,0.330000013,1.080000043,2.390000105,,0.550000012,
1.95715E+14,Nuasamsarpur,Ground water,Cgwb,Odisha,Puri,Satyabadi,Manual,Satyabadi,Nuasamsarpur,19.9542,85.7792,1995-01-07,2024-08-31,Dug well,Unconfined,4.59,HGZ,MANUAL-Water Level,m,1.549999952,,0.899999976,1.460000038,1.950000048,,0.889999986,1.139999986,2.00999999,,0.059999999,1.25999999,2.349999905,,0.829999983,1.049999952,2.200000048,,1.120000005,1.519999981,0.99000001,,1.419999957,1.399999976,2.339999914,,0.839999974,1.330000043,2.089999914,,0.379999995,1.399999976,1.830000043,,0.629999995,1.580000043,2.089999914,,0.769999981,1.620000005,2.130000114,,1.299999952,1.269999981,1.950000048,,,1.230000019,2.029999971,,,1.399999976,1.850000024,,1.730000019,0.949999988,1.649999976,,1.700000048,2.049999952,2.599999905,,1.399999976,2.900000095,,,0.949999988,2.75,,,0.379999995,1.399999976,1.679999948,,0.790000021,,2.380000114,,0.910000026,1.230000019,1.730000019,,1.029999971,1.230000019,1.899999976,,0.879999995,1.320000052,1.529999971,,1.029999971,1.480000019,1.929999948,,1.179999948,2.25999999,2.809999943,,0.75,
1.94759E+14,Rebana nuagaon,Ground water,Cgwb,Odisha,Puri,Brahmagiri,Manual,Brahmagiri,Rebana nuagaon,19.7997,85.7031,1995-01-07,2024-08-31,Dug well,Unconfined,4.2,HGZ,MANUAL-Water Level,m,1.600000024,,0.839999974,1.970000029,2.25,,0.50999999,1.039999962,2.029999971,,0.02,0.779999971,2.309999943,,0.819999993,0.850000024,2.279999971,,1.220000029,1.230000019,2.160000086,,1.429999948,1.120000005,2.440000057,,0.230000004,0.75,2.25999999,,0.800000012,1.149999976,1.909999967,,0.319999993,1.169999957,2.160000086,,0.550000012,1.200000048,2.0,,1.100000024,0.800000012,2.119999886,,0.850000024,1.200000048,2.200000048,,,1.350000024,2.029999971,,,0.800000012,1.399999976,,1.0,1.549999952,1.899999976,,0.75,1.850000024,,,0.800000012,1.950000048,2.319999933,,0.5,1.149999976,1.799999952,,0.300000012,,2.049999952,,0.550000012,0.899999976,1.600000024,,1.0,0.850000024,1.700000048,,0.75,1.120000005,1.350000024,,0.75,1.100000024,1.950000048,,1.149999976,1.980000019,2.579999924,,0.729999959,
1.95624E+14,Tikarpara1,Ground water,Cgwb,Odisha,Puri,Astaranga,Manual,Astaranga,Tikarpara,19.94,86.1825,1995-01-07,2024-08-31,Dug well,Unconfined,5,HGZ,MANUAL-Water Level,m,2.00999999,,,1.720000029,2.329999924,,0.419999987,1.610000014,2.400000095,,0.02,1.629999995,2.650000095,,0.569999993,0.280000001,2.460000038,,1.350000024,1.720000029,2.380000114,,,1.600000024,2.680000067,,0.550000012,1.710000038,2.769999981,,0.850000024,1.600000024,2.650000095,,0.939999998,1.5,1.970000029,,0.769999981,1.639999986,2.200000048,,1.320000052,1.129999995,2.130000114,,1.379999995,1.370000005,1.950000048,,,1.470000029,2.200000048,,1.720000029,1.0,1.700000048,,1.299999952,1.850000024,2.349999905,,1.399999976,2.799999952,,,1.299999952,2.200000048,3.25,,0.400000006,1.730000019,2.200000048,,0.850000024,,2.720000029,,1.470000029,1.799999952,2.299999952,,1.25,1.649999976,2.299999952,,1.649999976,1.710000038,2.049999952,,1.5,1.649999976,2.470000029,,1.649999976,2.410000086,3.059999943,,1.070000052,
2.12354E+14,Badsahir,Ground water,Cgwb,Odisha,Sambalpur,Jujomura,Manual,Jujomura,Badsahir,21.3983,84.1322,1995-01-07,2025-01-10,Dug well,Unconfined,9.22,HGZ,MANUAL-Water Level,m,4.699999809,,6.800000191,5.789999962,6.429999828,,0.400000006,3.470000029,6.230000019,,1.600000024,7.199999809,6.320000172,,2.99000001,5.409999847,4.869999886,,4.090000153,5.019999981,6.079999924,,3.930000067,5.909999847,6.429999828,,2.069999933,4.880000114,4.599999905,,5.210000038,2.980000019,4.670000076,,0.460000008,3.25,5.050000191,,,4.829999924,5.610000134,,7.510000229,6.610000134,6.869999886,,7.639999866,4.019999981,4.900000095,,,2.950000048,4.050000191,,4.349999905,2.25,4.300000191,,2.25,3.900000095,4.150000095,,2.900000095,4.25,,,3.200000048,4.150000095,5.019999981,,6.199999809,6.550000191,7.449999809,,5.800000191,,6.300000191,,0.449999988,1.0,3.599999905,,,2.200000048,4.0,,4.449999809,4.0,4.349999905,,2.190000057,3.0,4.799999714,6.960000038,,,3.520000219,4.309999943,4.089999676,
2.1545E+14,Kesaibahal,Ground water,Cgwb,Odisha,Sambalpur,Bamra,Manual,Bamra,Kesaibahal,21.9139,84.3875,1995-01-07,2025-01-10,Dug well,Unconfined,6.88,HGZ,MANUAL-Water Level,m,3.49000001,,2.109999895,2.49000001,4.420000076,,2.200000048,2.720000029,2.710000038,,2.299999952,2.630000114,4.429999828,,1.799999952,2.529999971,4.099999905,,2.299999952,2.700000048,3.200000048,,2.200000048,2.900000095,4.420000076,,0.99000001,2.109999895,5.099999905,,2.25,2.400000095,,,2.390000105,2.190000057,3.470000029,,,2.599999905,4.429999828,,2.079999924,2.519999981,3.180000067,,1.330000043,2.700000048,4.25,,,2.349999905,3.049999952,,2.450000048,2.549999952,3.549999952,,2.400000095,3.099999905,4.150000095,,1.850000024,3.650000095,,,2.950000048,2.349999905,4.820000172,,2.099999905,1.299999952,4.400000095,,2.200000048,,4.050000191,,,2.480000019,2.680000067,,,2.5,2.980000019,,2.299999952,2.599999905,2.700000048,,1.830000043,2.200000048,2.950000048,5.75,2.200000048,,1.830000162,2.440000057,2.210000038,
2.14553E+14,Kusumi,Ground water,Cgwb,Odisha,Sambalpur,Kochinda,Manual,Kochinda,Kusumi,21.7647,84.5275,1995-01-07,2025-01-10,Dug well,Unconfined,10.5,HGZ,MANUAL-Water Level,m,2.369999886,,1.110000014,2.329999924,4.840000153,,0.129999995,2.210000038,2.460000038,,0.280000001,2.420000076,4.360000134,,1.00999999,1.870000005,5.03000021,,0.939999998,2.910000086,3.579999924,,1.080000043,1.029999971,4.840000153,,0.300000012,1.279999971,5.730000019,,0.680000007,0.730000019,4.96999979,,0.579999983,1.330000043,5.130000114,,0.689999998,1.029999971,,,1.649999976,2.339999914,4.519999981,,0.870000005,1.690000057,3.579999924,,,1.450000048,2.75,,0.349999994,1.25,2.650000095,,1.049999952,1.899999976,3.299999952,,0.75,,,,0.550000012,1.799999952,3.25,,0.899999976,1.629999995,3.279999971,,0.579999983,,4.829999924,,,1.629999995,4.480000019,,,3.680000067,7.070000172,,1.149999976,2.380000114,1.629999995,,0.730000019,1.830000043,3.729999781,6.980000019,1.179999948,,1.670000076,3.749999762,3.700000048,
2.11015E+14,Mochibahal,Ground water,Cgwb,Odisha,Sambalpur,Rairakhol,Manual,Rairakhol,Mochibahal,21.1708,84.1639,1995-01-07,2025-01-10,Dug well,Unconfined,8.94,HGZ,MANUAL-Water Level,m,4.75,,4.360000134,5.050000191,6.039999962,,0.939999998,4.050000191,6.360000134,,6.139999866,5.260000229,6.420000076,,2.119999886,2.190000057,5.210000038,,2.690000057,4.349999905,5.510000229,,1.940000057,3.74000001,6.039999962,,1.100000024,,4.889999866,,3.0,3.75999999,5.210000038,,0.74000001,3.910000086,5.159999847,,3.890000105,4.050000191,5.309999943,,5.760000229,5.550000191,6.369999886,,4.610000134,4.090000153,5.239999771,,,3.0,4.550000191,,2.549999952,2.450000048,4.25,,1.399999976,3.450000048,4.300000191,,3.650000095,4.349999905,,,3.700000048,3.650000095,5.599999905,,2.0,2.539999962,4.539999962,,1.940000057,,4.239999771,,1.50999999,1.940000057,3.74000001,,,4.340000153,3.569999933,,1.99000001,3.640000105,3.890000105,,1.440000057,2.440000057,3.889999866,5.400000095,1.690000057,,3.0,5.070000172,4.860000134,
2.1152E+14,Naktideol,Ground water,Cgwb,Odisha,Sambalpur,Naktideul,Manual,Naktideul,Naktideol,21.2556,84.5406,1995-01-07,2025-01-10,Dug well,Unconfined,9.45,HGZ,MANUAL-Water Level,m,6.340000153,,3.710000038,4.909999847,6.980000019,,1.879999995,4.929999828,5.010000229,,3.400000095,5.230000019,7.170000076,,2.0,3.609999895,4.610000134,,2.769999981,3.349999905,4.28000021,,1.809999943,4.170000076,6.980000019,,1.649999976,3.099999905,6.599999905,,2.599999905,4.989999771,6.650000095,,2.599999905,5.050000191,6.369999886,,2.589999914,5.159999847,6.329999924,,6.25,6.230000019,7.079999924,,3.299999952,4.880000114,8.199999809,,,3.849999905,6.150000095,,3.25,2.599999905,5.849999905,,3.150000095,5.150000095,6.25,,2.450000048,4.650000095,,,3.150000095,4.75,6.880000114,,3.200000048,5.0,6.900000095,,2.900000095,,6.599999905,,5.059999943,4.0,6.300000191,,,4.400000095,6.599999905,,4.599999905,4.949999809,6.050000191,,1.350000024,3.700000048,6.099999905,7.949999809,2.5,,4.820000172,6.630000114,6.429999828,
2.1273E+14,Nildungri,Ground water,Cgwb,Odisha,Sambalpur,Jujomura,Manual,Jujomura,Nildungri,21.4583,84.1111,1995-01-07,2025-01-10,Dug well,Unconfined,15.96,HGZ,MANUAL-Water Level,m,3.210000038,,2.180000067,4.090000153,3.380000114,,0.600000024,1.75999999,4.269999981,,1.399999976,3.50999999,4.96999979,,0.600000024,2.890000105,4.159999847,,2.059999943,3.049999952,4.570000172,,2.369999886,2.609999895,3.380000114,,0.569999993,1.450000048,3.25,,1.600000024,2.880000114,4.03000021,,0.550000012,3.339999914,4.239999771,,2.099999905,1.559999943,3.470000029,,2.960000038,4.480000019,4.619999886,,1.330000043,3.230000019,3.950000048,,,2.299999952,4.099999905,,2.650000095,2.150000095,3.75,,0.899999976,3.200000048,3.900000095,,2.400000095,4.150000095,,,2.549999952,3.349999905,4.650000095,,2.799999952,2.75,4.699999809,,0.600000024,,4.25,,,2.650000095,4.0,,,2.660000086,4.300000191,,3.200000048,4.099999905,4.5,,0.600000024,4.5,4.300000191,6.300000191,0.649999976,,3.920000076,5.949999809,5.679999828,
2.13755E+14,Rengali,Ground water,Cgwb,Odisha,Sambalpur,Dhankauda,Manual,Dhankauda,Rengali,21.6319,84.0494,1995-01-07,2025-01-10,Dug well,Unconfined,8.5,HGZ,MANUAL-Water Level,m,,,1.309999943,3.930000067,5.130000114,,0.579999983,3.789999962,5.289999962,,1.210000038,1.5,5.429999828,,0.680000007,1.529999971,6.179999828,,1.419999957,3.230000019,5.630000114,,0.839999974,3.710000038,5.130000114,,0.75999999,2.960000038,5.059999943,,0.600000024,1.75999999,4.949999809,,0.75999999,3.380000114,5.329999924,,1.25,2.869999886,5.269999981,,0.959999979,4.329999924,5.46999979,,1.730000019,2.539999962,4.659999847,,,1.399999976,4.300000191,,1.450000048,1.350000024,4.099999905,,1.149999976,2.849999905,4.550000191,,1.149999976,3.299999952,,,1.149999976,3.150000095,3.769999981,,1.350000024,2.460000038,5.559999943,,0.660000026,,5.409999847,,1.110000014,1.350000024,3.720000029,,,1.559999943,3.75999999,,1.360000014,3.960000038,3.75999999,,0.460000008,1.710000038,4.260000229,6.269999981,0.819999993,,3.670000076,5.590000153,5.400000095,
2.21135E+14,Alikera,Ground water,Cgwb,Odisha,Sundargarh,Subdega,Manual,Subdega,Alikera,22.1931,84.0181,1995-01-07,2025-01-10,Dug well,Unconfined,11.38,HGZ,MANUAL-Water Level,m,8.069999695,,7.809999943,6.949999809,6.409999847,,5.389999866,7.170000076,7.019999981,,8.090000153,6.159999847,9.210000038,,2.980000019,5.650000095,3.579999924,,4.059999943,4.960000038,5.460000038,,2.059999943,4.059999943,6.409999847,,1.980000019,3.400000095,5.889999866,,6.239999771,7.46999979,8.68999958,,5.789999962,7.889999866,4.960000038,,2.960000038,7.690000057,8.609999657,,7.480000019,7.960000038,8.739999771,,6.550000191,9.069999695,8.840000153,,,7.650000095,9.149999619,,6.349999905,6.949999809,8.649999619,,6.900000095,8.850000381,9.149999619,,6.75,8.5,,,6.900000095,8.100000381,10.01000023,,4.800000191,6.789999962,8.289999962,,6.489999771,,8.739999771,,5.989999771,6.789999962,8.090000153,,,7.489999771,7.840000153,,6.489999771,7.090000153,7.639999866,,7.789999962,8.239999771,8.640000343,9.190000534,7.840000153,,6.640000343,8.409999847,8.300000191,
2.1564E+14,Himgiri,Ground water,Cgwb,Odisha,Sundargarh,Hemgir,Manual,Hemgir,Himgiri,21.9444,83.7014,1995-01-07,2025-01-10,Dug well,Unconfined,17.9,HGZ,MANUAL-Water Level,m,6.389999866,,1.549999952,4.940000057,10.68999958,,1.429999948,4.599999905,8.75,,1.629999995,4.429999828,9.699999809,,1.00999999,2.230000019,4.380000114,,1.870000005,2.700000048,4.28000021,,0.910000026,3.130000114,10.68999958,,1.200000048,0.920000017,8.430000305,,0.850000024,2.0,5.400000095,,1.899999976,2.200000048,4.46999979,,3.390000105,3.180000067,6.099999905,,1.169999957,2.940000057,4.340000153,,1.019999981,5.420000076,10.44999981,,,7.900000095,9.050000191,,6.849999905,5.699999809,8.850000381,,5.349999905,7.349999905,9.350000381,,5.449999809,9.350000381,,,1.350000024,3.150000095,12.15999985,,1.600000024,1.649999976,3.049999952,,1.399999976,,6.0,,0.75,1.950000048,2.799999952,,,2.599999905,3.619999886,,1.549999952,2.900000095,2.599999905,,0.920000017,5.800000191,6.699999809,8.100000381,2.099999905,,1.929999948,2.529999971,2.21999979,
2.2091E+14,Karamdihi,Ground water,Cgwb,Odisha,Sundargarh,Sundargarh,Manual,Sundargarh,Karamdihi,22.1528,84.1039,1995-01-07,2025-01-10,Dug well,Unconfined,10.74,HGZ,MANUAL-Water Level,m,2.890000105,,3.039999962,4.179999828,5.679999828,,0.649999976,1.879999995,5.849999905,,2.349999905,3.819999933,6.070000172,,0.569999993,0.469999999,4.449999809,,0.50999999,2.309999943,4.96999979,,1.279999971,2.49000001,5.679999828,,0.850000024,0.819999993,5.449999809,,1.019999981,1.019999981,4.190000057,,0.99000001,2.289999962,4.769999981,,1.899999976,2.690000057,5.119999886,,2.140000105,3.720000029,5.659999847,,0.879999995,1.850000024,5.190000057,,,2.25,4.150000095,,1.399999976,2.0,4.449999809,,1.149999976,3.299999952,5.0,,0.75,3.349999905,,,1.25,2.950000048,3.460000038,,1.200000048,1.840000033,4.639999866,,1.139999986,,4.539999962,,0.970000029,1.710000038,3.819999933,,,2.339999914,4.539999962,,1.99000001,2.539999962,3.940000057,,1.24000001,2.619999886,4.170000076,6.940000057,1.24000001,,3.559999943,5.110000134,4.769999981,
2.2164E+14,Kinjrikela,Ground water,Cgwb,Odisha,Sundargarh,Balisankara,Manual,Balisankara,Kinjrikela,22.2778,83.9472,1995-01-07,2025-01-10,Dug well,Unconfined,8.12,HGZ,MANUAL-Water Level,m,3.49000001,,2.109999895,2.650000095,,,4.03000021,5.409999847,2.890000105,,3.430000067,3.210000038,5.789999962,,1.149999976,2.029999971,3.960000038,,2.049999952,2.150000095,2.75999999,,0.560000002,2.74000001,,,1.850000024,1.870000005,5.579999924,,1.700000048,3.130000114,4.579999924,,1.190000057,3.349999905,4.019999981,,1.529999971,2.839999914,4.28000021,,2.559999943,3.599999905,4.559999943,,1.350000024,3.029999971,4.050000191,,,3.299999952,4.800000191,,1.950000048,2.75,4.150000095,,1.649999976,3.650000095,4.550000191,,1.049999952,4.050000191,,,2.150000095,3.400000095,5.809999943,,1.200000048,2.150000095,3.650000095,,1.350000024,,4.599999905,,3.00999999,2.130000114,3.700000048,,,3.650000095,4.5,,2.549999952,3.049999952,3.950000048,,0.800000012,2.150000095,3.880000114,5.599999905,2.150000095,,2.78000021,4.380000114,4.160000324,
2.217E+14,Kuarmunda,Ground water,Cgwb,Odisha,Sundargarh,Kuanrmunda,Manual,Kuanrmunda,Kuarmunda,22.2833,84.7708,1995-01-07,2025-01-10,Dug well,Unconfined,11.07,HGZ,MANUAL-Water Level,m,5.150000095,,2.579999924,3.940000057,6.059999943,,0.930000007,4.059999943,5.940000057,,4.730000019,3.50999999,6.190000057,,4.699999809,2.630000114,6.199999809,,0.939999998,3.319999933,4.599999905,,1.629999995,2.430000067,6.179999828,,0.25,3.059999943,6.730000019,,0.819999993,2.609999895,6.5,,1.100000024,3.180000067,5.909999847,,2.599999905,4.960000038,7.170000076,,5.590000153,7.519999981,8.789999962,,2.440000057,2.329999924,4.599999905,,,1.700000048,3.849999905,,1.149999976,1.899999976,4.300000191,,1.049999952,2.75,4.0,,1.149999976,3.900000095,,,1.75,3.200000048,4.909999847,,1.100000024,2.400000095,4.5,,0.800000012,,3.900000095,,0.699999988,2.019999981,3.450000048,,,3.099999905,4.619999886,,2.0,2.650000095,3.25,,1.0,2.799999952,4.5,6.599999905,1.449999928,,2.909999847,3.909999847,3.670000076,
2.20658E+14,Lefripada,Ground water,Cgwb,Odisha,Sundargarh,Lephripara,Manual,Lephripara,Lefripada,22.1161,83.8194,1995-01-07,2025-01-10,Dug well,Unconfined,13,HGZ,MANUAL-Water Level,m,9.659999847,,9.56000042,8.890000343,10.22999954,,3.00999999,7.369999886,9.329999924,,4.059999943,8.229999542,10.18999958,,2.359999895,3.960000038,9.970000267,,2.779999971,7.389999866,10.06000042,,3.309999943,7.960000038,10.22999954,,2.140000105,7.570000172,10.06000042,,2.339999914,6.53000021,9.369999886,,2.420000076,7.010000229,5.190000057,,1.940000057,5.46999979,8.569999695,,8.319999695,7.349999905,9.420000076,,4.639999866,6.480000019,8.859999657,,,7.199999809,9.149999619,,2.650000095,5.349999905,8.949999809,,4.150000095,,9.649999619,,1.899999976,7.849999905,,,3.549999952,7.349999905,9.659999847,,7.199999809,7.360000134,9.760000229,,4.760000229,,9.659999847,,6.059999943,6.960000038,8.859999657,,,7.960000038,9.609999657,,7.210000038,8.260000229,9.359999657,,5.260000229,7.909999847,9.960000038,,7.039999962,,8.300000191,9.630000114,8.720000267,
2.20615E+14,Rangiamunda,Ground water,Cgwb,Odisha,Sundargarh,Tangarapali,Manual,Tangarapali,Rangiamunda,22.1042,83.9583,1995-01-07,2025-01-10,Dug well,Unconfined,7.4,HGZ,MANUAL-Water Level,m,2.400000095,,1.970000029,2.789999962,5.079999924,,0.49000001,,3.200000048,,3.49000001,2.119999886,5.130000114,,0.75,0.870000005,2.980000019,,0.200000003,1.429999948,3.410000086,,0.340000004,1.940000057,5.079999924,,0.330000013,1.299999952,4.989999771,,0.529999971,1.950000048,3.960000038,,1.159999967,2.970000029,3.220000029,,2.109999895,1.720000029,3.410000086,,2.279999971,1.929999948,3.25,,0.920000017,1.440000057,4.190000057,,,1.75,5.25,,2.049999952,1.549999952,6.050000191,,2.049999952,4.550000191,6.650000095,,1.350000024,7.150000095,,,6.099999905,6.349999905,6.71999979,,1.299999952,1.340000033,3.890000105,,4.090000153,,5.440000057,,0.959999979,0.810000002,2.619999886,,,1.99000001,3.650000095,,2.49000001,2.349999905,3.440000057,,0.209999993,0.99000001,2.890000105,5.789999962,1.420000076,,2.319999933,3.660000086,3.520000219,
2.2171E+14,Sabdega,Ground water,Cgwb,Odisha,Sundargarh,Subdega,Manual,Subdega,Sabdega,22.2861,84.0944,1995-01-07,2025-01-10,Dug well,Unconfined,8.5,HGZ,MANUAL-Water Level,m,2.710000038,,1.080000043,2.279999971,2.900000095,,1.24000001,2.420000076,2.630000114,,3.24000001,2.00999999,3.059999943,,1.590000033,1.830000043,4.150000095,,1.440000057,2.289999962,2.799999952,,0.980000019,2.339999914,2.900000095,,1.840000033,1.279999971,4.440000057,,1.059999943,1.960000038,2.890000105,,1.24000001,2.380000114,3.200000048,,3.369999886,2.400000095,3.960000038,,1.450000048,2.579999924,3.359999895,,1.090000033,2.359999895,2.289999962,,,1.700000048,2.650000095,,1.399999976,1.25,2.650000095,,0.649999976,1.950000048,2.349999905,,0.349999994,2.049999952,,,0.349999994,1.649999976,2.720000029,,0.699999988,0.639999986,2.839999914,,0.340000004,,2.839999914,,0.389999986,1.129999995,2.24000001,,,2.099999905,3.039999962,,1.74000001,1.840000033,3.289999962,,0.540000021,1.470000029,2.440000057,4.539999962,1.090000033,,2.069999933,2.559999943,2.25,
BLZ-009-OW,Arjuni,Ground water,Chhattisgarh gw,Chhattisgarh,Balodabazar,Balodabazar,Manual,Balodabazar,Arjuni,21.6872,82.0608,1973-11-01,2024-11-18,Dug well,Unconfined,10.75,HGZ,MANUAL-Water Level,m,4.25,10.35,2.63,3.65,5.05,10.7,0.76,3.08,5.03,10.5,2.45,4.25,4.8,10.75,0.7,2.92,4.56,10.65,0.98,3.2,4.6,9.8,1.0,3.4,4.55,10.0,1.2,3.1,4.75,9.95,1.85,3.0,4.9,9.9,1.95,3.75,5.0,10.1,1.9,6.6,8.3,10.75,1.75,4.25,6.0,10.75,1.95,2.35,4.2,7.35,0.85,2.3,2.87,7.95,0.75,2.25,2.8,4.75,0.85,2.2,3.5,6.0,1.0,1.85,4.5,7.02,1.7,1.9,4.6,7.2,,2.51,4.73,9.85,1.61,3.0,4.3,8.05,1.65,2.8,4.2,5.1,0.15,2.77,4.51,5.62,0.95,1.52,2.9,4.61,,1.61,2.93,3.66,0.46,3.07,3.18,6.43,0.7,2.46
BLZ-007-OW,Bhatapara,Ground water,Chhattisgarh gw,Chhattisgarh,Balodabazar,Bhatapara,Manual,Bhatapara,Bhatapara,21.7297,81.9472,1973-11-01,2024-11-18,Dug well,Unconfined,15.12,HGZ,MANUAL-Water Level,m,8.8,14.7,4.34,7.18,9.44,15.12,1.93,6.45,8.85,15.12,4.45,8.15,8.5,15.12,2.1,5.38,8.35,15.12,2.6,5.2,8.4,15.12,2.5,5.1,8.3,15.12,2.35,5.25,8.35,15.12,2.3,5.1,8.5,15.12,2.95,6.0,8.4,15.12,2.9,6.75,8.6,15.12,2.95,5.97,7.5,15.12,3.5,6.57,7.4,15.12,2.55,5.5,10.92,15.32,2.3,5.25,10.5,15.12,2.45,5.15,10.7,15.12,3.3,7.72,10.2,15.12,3.5,5.1,15.12,15.12,4.4,7.75,15.12,15.12,2.6,7.7,15.12,15.12,2.75,10.1,13.25,15.12,1.12,7.75,12.1,15.12,3.32,5.62,8.84,15.12,,7.02,15.12,15.12,6.72,7.45,10.9,15.12,5.68,12.42
BLZ-012-OW(A),Bitkuli,Ground water,Chhattisgarh gw,Chhattisgarh,Balodabazar,Balodabazar,Manual,Balodabazar,Bitkuli,21.6631,82.2317,1998-05-22,2024-11-18,Dug well,Unconfined,7.46,HGZ,MANUAL-Water Level,m,3.5,5.1,1.37,3.64,4.76,7.46,0.45,2.9,4.45,7.46,1.85,3.5,4.3,7.46,0.52,3.55,4.2,4.0,0.75,3.6,4.15,3.9,0.66,3.55,4.0,5.85,0.92,3.45,4.15,5.8,1.1,3.35,4.05,7.46,2.05,3.75,4.4,7.46,1.98,4.1,4.5,6.0,1.9,3.25,3.6,7.45,2.0,1.15,3.2,6.41,0.61,0.8,1.44,6.51,0.5,0.9,1.86,4.2,0.4,1.65,1.45,4.35,0.6,0.91,1.66,4.71,1.1,0.95,1.7,6.81,0.91,0.97,2.46,3.06,0.33,0.94,1.9,3.21,0.26,0.74,2.1,2.0,0.2,0.78,2.05,2.42,0.41,0.53,0.81,3.56,,0.54,0.9,2.61,0.23,0.93,0.98,3.45,0.31,0.88
BLZ-003-OW,Damakheda,Ground water,Chhattisgarh gw,Chhattisgarh,Balodabazar,Simga,Manual,Simga,Damakheda,21.7047,81.7703,1973-06-01,2024-11-18,Dug well,Unconfined,10.7,HGZ,MANUAL-Water Level,m,4.519999981,9.300000191,3.339999914,6.300000191,8.600000381,9.699999809,1.279999971,5.800000191,5.840000153,9.699999809,1.549999952,4.460000038,5.579999924,10.44999981,1.379999995,3.119999886,5.329999924,7.699999809,1.549999952,3.799999952,5.400000095,7.690000057,1.600000024,4.75,5.25,9.789999962,1.730000019,5.699999809,5.300000191,9.5,1.649999976,5.199999809,5.5,9.949999809,1.850000024,6.650000095,4.800000191,9.899999619,1.799999952,4.099999905,4.900000095,10.10000038,1.950000048,3.049999952,4.5,7.849999905,2.25,3.0,4.150000095,8.600000381,1.700000048,2.900000095,4.849999905,8.800000191,1.799999952,2.799999952,4.550000191,9.199999809,1.850000024,2.549999952,4.5,7.599999905,2.349999905,3.0,3.5,6.639999866,2.440000057,2.700000048,3.200000048,7.099999905,2.5,3.400000095,3.519999981,6.980000019,2.049999952,2.829999924,2.950000048,3.900000095,2.099999905,1.799999952,2.650000095,3.50999999,1.100000024,1.620000005,2.470000029,3.450000048,1.700000048,1.820000052,2.029999971,2.900000095,,2.039999962,2.599999905,2.680000067,2.019999981,2.630000114,2.690000057,3.380000114,2.440000057,2.910000086
BLZ-014-OW,Damru,Ground water,Chhattisgarh gw,Chhattisgarh,Balodabazar,Balodabazar,Manual,Balodabazar,Damru,21.725,82.2556,1986-05-07,2024-11-18,Dug well,Unconfined,10.85,HGZ,MANUAL-Water Level,m,4.050000191,6.900000095,1.799999952,3.380000114,5.550000191,10.85000038,0.649999976,2.450000048,5.179999828,10.85000038,1.879999995,3.579999924,5.099999905,10.85000038,0.550000012,3.5,4.949999809,10.35000038,0.680000007,3.539999962,4.900000095,10.85000038,0.529999971,3.5,4.849999905,10.85000038,1.100000024,2.819999933,4.699999809,10.85000038,0.75,2.5,4.5,10.85000038,1.299999952,2.150000095,4.800000191,10.85000038,1.0,3.25,4.78000021,10.85000038,1.100000024,2.970000029,3.75,10.85000038,1.5,2.700000048,3.400000095,10.81999969,1.25,1.5,3.0,10.85000038,1.100000024,1.799999952,3.200000048,10.85000038,0.949999988,1.899999976,3.5,10.85000038,1.299999952,1.950000048,3.650000095,9.0,1.450000048,1.850000024,3.599999905,9.5,1.559999943,1.970000029,3.720000029,9.630000114,1.399999976,1.929999948,3.700000048,9.539999962,0.75,0.939999998,2.450000048,6.949999809,0.699999988,0.980000019,2.5,7.019999981,1.519999981,1.019999981,1.460000038,6.710000038,,1.970000029,2.140000105,4.150000095,1.610000014,1.779999971,2.049999952,4.380000114,1.360000014,1.899999976
BLZ-019-OW,Katgi,Ground water,Chhattisgarh gw,Chhattisgarh,Balodabazar,Kasdol,Manual,Kasdol,Katgi,21.6581,82.5169,1974-03-01,2024-08-30,Dug well,Unconfined,8.55,HGZ,MANUAL-Water Level,m,2.900000095,4.380000114,3.599999905,2.799999952,6.480000019,8.550000191,1.600000024,2.599999905,3.339999914,7.800000191,2.450000048,2.700000048,4.909999847,7.099999905,1.350000024,2.150000095,3.799999952,5.800000191,1.049999952,2.549999952,3.599999905,5.699999809,1.200000048,2.049999952,3.099999905,6.050000191,1.5,2.450000048,3.0,5.949999809,1.549999952,2.349999905,2.950000048,6.150000095,2.0,2.599999905,3.400000095,6.5,1.669999957,3.900000095,4.0,6.349999905,1.149999976,2.849999905,3.400000095,6.0,1.5,3.0,3.200000048,5.550000191,1.899999976,2.700000048,2.559999943,5.5,1.600000024,1.950000048,2.5,5.449999809,1.649999976,2.200000048,2.099999905,5.349999905,2.099999905,2.5,2.630000114,5.619999886,2.150000095,2.25,2.619999886,7.5,1.950000048,2.549999952,3.299999952,7.699999809,1.850000024,2.519999981,3.849999905,7.53000021,1.899999976,2.309999943,3.099999905,5.150000095,1.200000048,1.820000052,3.25,6.050000191,1.980000019,2.029999971,2.420000076,6.119999886,,2.119999886,2.559999943,6.5,1.929999948,2.299999952,2.380000114,8.550000191,1.559999943,
BLZ-028-OW,Purgaon,Ground water,Chhattisgarh gw,Chhattisgarh,Balodabazar,Bilaigarh,Manual,Bilaigarh,Purgaon,21.6489,82.6431,1986-03-08,2024-11-08,Dug well,Unconfined,6.03,HGZ,MANUAL-Water Level,m,3.930000067,4.599999905,1.0,4.179999828,4.199999809,4.880000114,1.519999981,3.900000095,3.599999905,5.900000095,1.600000024,4.039999962,3.900000095,5.389999866,0.01,2.299999952,3.75,3.880000114,0.200000003,2.5,3.599999905,4.0,0.100000001,2.200000048,3.299999952,5.099999905,1.5,3.650000095,3.349999905,5.0,1.350000024,2.25,3.400000095,6.03000021,2.0,3.75,4.349999905,6.03000021,1.850000024,3.849999905,4.300000191,5.0,1.960000038,3.00999999,3.599999905,6.03000021,2.099999905,3.5,3.700000048,6.03000021,1.899999976,2.0,3.299999952,6.03000021,1.799999952,2.099999905,3.5,6.03000021,1.700000048,2.200000048,3.299999952,6.03000021,2.299999952,2.420000076,3.180000067,4.230000019,2.400000095,2.329999924,3.25,4.900000095,2.450000048,2.549999952,2.680000067,4.78000021,2.200000048,2.619999886,2.900000095,4.650000095,2.349999905,2.50999999,3.049999952,4.119999886,2.099999905,2.319999933,3.710000038,4.699999809,2.25,2.779999971,2.980000019,4.920000076,,2.369999886,3.019999981,4.989999771,2.130000114,2.670000076,2.950000048,6.03000021,1.980000019,2.809999943
BLZ-020-OW,Rawan,Ground water,Chhattisgarh gw,Chhattisgarh,Balodabazar,Kasdol,Manual,Kasdol,Rawan,21.3308,82.3669,1986-03-06,2024-11-08,Dug well,Unconfined,13.47,HGZ,MANUAL-Water Level,m,6.800000191,12.10000038,5.699999809,6.199999809,9.600000381,7.820000172,3.170000076,3.700000048,7.599999905,13.47000027,3.700000048,3.5,7.650000095,13.47000027,0.620000005,2.869999886,5.099999905,8.81099987,0.75,4.0,4.800000191,4.75,0.5,2.900000095,4.75,8.5,2.849999905,4.0,5.849999905,8.699999809,1.99000001,3.150000095,5.800000191,9.0,4.0,6.269999981,6.699999809,9.0,4.039999962,6.599999905,6.599999905,9.149999619,4.0,6.050000191,6.199999809,9.0,4.300000191,4.119999886,5.800000191,9.199999809,3.799999952,4.099999905,5.559999943,9.550000191,3.200000048,3.900000095,5.699999809,9.399999619,3.349999905,3.650000095,5.449999809,8.069999695,3.5,3.720000029,5.349999905,8.93999958,3.599999905,3.660000086,5.400000095,9.5,3.670000076,3.74000001,5.460000038,9.390000343,5.349999905,7.099999905,5.420000076,9.239999771,4.5,5.610000134,6.5,8.090000153,3.049999952,5.519999981,6.800000191,7.849999905,4.300000191,5.010000229,5.539999962,7.099999905,,4.71999979,5.760000229,11.47000027,3.00999999,4.840000153,5.130000114,11.57999992,2.859999895,4.650000095
BLZ-016-OW,Sandi,Ground water,Chhattisgarh gw,Chhattisgarh,Balodabazar,Palari,Manual,Palari,Sandi,21.4547,82.0697,1973-11-01,2024-11-18,Dug well,Unconfined,10.36,HGZ,MANUAL-Water Level,m,2.950000048,10.25,8.090000153,3.599999905,4.579999924,10.35999966,1.350000024,3.299999952,3.680000067,10.06000042,1.899999976,3.279999971,4.0,10.19999981,1.75,3.25999999,3.900000095,9.359999657,2.0,3.400000095,4.150000095,10.35999966,1.659999967,3.25,4.119999886,9.899999619,1.659999967,3.349999905,4.099999905,9.25,1.600000024,3.299999952,3.299999952,10.35999966,2.480000019,4.550000191,5.199999809,9.899999619,2.5,4.849999905,5.349999905,9.229999542,1.649999976,1.889999986,5.809999943,8.5,2.0,1.960000038,4.360000134,8.0,1.600000024,1.899999976,4.300000191,8.449999809,1.799999952,2.150000095,3.680000067,8.699999809,1.419999957,3.450000048,3.799999952,9.449999809,1.700000048,2.160000086,3.75999999,8.460000038,1.820000052,2.099999905,3.769999981,5.860000134,1.850000024,2.200000048,4.610000134,7.610000134,2.039999962,2.660000086,4.150000095,7.389999866,3.900000095,2.160000086,3.50999999,4.960000038,0.310000002,2.210000038,3.5,6.460000038,1.429999948,2.00999999,3.329999924,6.460000038,,1.730000019,3.710000038,5.400000095,0.430000007,2.819999933,3.789999962,5.460000038,0.519999981,2.410000086
BLZ-001-OW,Simga,Ground water,Chhattisgarh gw,Chhattisgarh,Balodabazar,Simga,Manual,Simga,Simga,21.6364,81.7208,1973-11-01,2024-11-18,Dug well,Unconfined,12.15,HGZ,MANUAL-Water Level,m,2.410000086,3.049999952,0.540000021,1.399999976,4.599999905,4.699999809,1.549999952,1.5,2.650000095,3.150000095,1.700000048,1.399999976,3.0,3.660000086,0.330000013,1.25,3.150000095,3.150000095,0.540000021,1.450000048,3.269999981,3.25,0.5,1.5,3.200000048,3.99000001,0.550000012,1.450000048,3.0,5.599999905,0.589999974,1.100000024,3.200000048,4.099999905,0.649999976,2.099999905,3.400000095,7.099999905,0.709999979,1.799999952,3.369999886,7.199999809,0.860000014,1.299999952,2.900000095,3.849999905,1.049999952,0.949999988,2.400000095,7.099999905,0.75,1.399999976,3.5,7.199999809,0.699999988,1.25,3.299999952,7.0,0.800000012,1.350000024,3.200000048,4.5,1.049999952,1.450000048,2.549999952,2.869999886,1.200000048,1.399999976,2.450000048,4.599999905,1.24000001,1.299999952,2.480000019,4.53000021,0.479999989,1.120000005,2.230000019,2.950000048,0.75,1.679999948,2.200000048,2.799999952,0.400000006,1.519999981,2.099999905,3.420000076,0.899999976,1.460000038,1.610000014,6.300000191,,1.379999995,0.819999993,2.099999905,0.319999993,1.549999952,1.669999957,3.849999905,0.449999988,1.299999952
GBN-009-OW,Dhawalpur,Ground water,Chhattisgarh gw,Chhattisgarh,Gariaband,Gariaband,Manual,Gariaband,Dhawalpur,20.3694,82.2528,1986-06-06,2024-09-03,Dug well,Unconfined,6.8,HGZ,MANUAL-Water Level,m,3.6,5.88,2.42,3.88,4.44,6.8,1.3,2.25,4.08,6.22,2.6,3.1,4.35,6.6,1.2,2.75,4.0,5.3,1.2,2.95,3.95,5.46,1.1,2.9,4.65,5.5,0.95,2.5,4.3,5.9,1.0,2.6,4.0,6.1,1.6,2.1,4.25,6.8,1.68,2.65,4.4,6.8,1.15,1.8,3.85,5.8,2.7,2.1,3.5,6.45,1.75,2.05,3.77,6.55,1.5,2.0,3.55,5.55,1.3,2.2,3.85,5.7,3.1,3.2,3.95,7.02,3.15,2.85,4.0,6.2,2.5,3.17,4.18,6.7,1.25,3.19,4.15,6.6,1.0,1.45,3.08,5.65,,1.32,3.86,5.2,2.1,1.9,3.15,5.4,,1.74,3.29,6.42,2.28,,3.54,6.7,,
GBN-015-OW,Dhruwagudi,Ground water,Chhattisgarh gw,Chhattisgarh,Gariaband,Mainpur,Manual,Mainpur,Dhurwagudi,19.9922,82.4292,1986-06-03,2024-08-29,Dug well,Unconfined,9.92,HGZ,MANUAL-Water Level,m,3.599999905,5.880000114,3.049999952,4.130000114,4.820000172,9.43999958,1.700000048,3.25,4.019999981,6.300000191,3.480000019,4.050000191,5.019999981,9.600000381,1.600000024,4.0,5.150000095,5.400000095,2.119999886,4.050000191,5.199999809,5.639999866,2.099999905,3.950000048,5.260000229,5.699999809,1.700000048,3.799999952,5.199999809,7.0,1.5,3.849999905,5.300000191,7.099999905,1.899999976,3.900000095,5.449999809,9.0,1.980000019,4.349999905,5.400000095,9.300000191,1.850000024,2.599999905,4.949999809,8.75,2.150000095,2.900000095,4.800000191,9.100000381,1.799999952,2.799999952,4.5,9.300000191,1.700000048,2.599999905,4.699999809,9.0,1.75,2.450000048,4.900000095,8.800000191,2.5,2.579999924,5.0,8.710000038,2.619999886,2.400000095,4.849999905,8.899999619,2.599999905,2.700000048,4.960000038,5.849999905,2.400000095,2.650000095,4.900000095,5.760000229,2.450000048,2.559999943,3.5,5.099999905,,3.140000105,3.829999924,5.170000076,1.980000019,2.920000076,3.839999914,5.650000095,,2.720000029,3.460000038,5.78000021,2.019999981,2.819999933,3.390000105,6.03000021,1.950000048,
GBN-002-OW,Fingeshwar,Ground water,Chhattisgarh gw,Chhattisgarh,Gariaband,Rajim,Manual,Rajim,Fingeshwar,20.9667,82.0333,1973-11-01,2024-09-03,Dug well,Unconfined,9.75,HGZ,MANUAL-Water Level,m,4.079999924,2.75,2.920000076,3.519999981,4.769999981,8.899999619,1.080000043,2.940000057,4.400000095,7.71999979,1.200000048,3.849999905,5.150000095,,1.0,2.74000001,5.099999905,3.150000095,1.279999971,2.880000114,5.150000095,4.599999905,1.25999999,2.809999943,5.199999809,5.0,1.100000024,3.930000067,5.349999905,5.099999905,1.350000024,5.050000191,5.25,2.400000095,1.549999952,2.200000048,5.300000191,5.099999905,1.600000024,2.849999905,5.449999809,6.150000095,1.399999976,2.599999905,4.699999809,5.949999809,1.950000048,2.549999952,4.300000191,6.349999905,1.649999976,2.400000095,4.400000095,6.480000019,1.399999976,2.450000048,4.5,6.699999809,1.700000048,2.299999952,4.800000191,6.599999905,1.850000024,1.899999976,4.0,6.25,1.799999952,1.850000024,4.050000191,6.650000095,1.919999957,2.25,4.150000095,6.559999943,1.75,2.279999971,4.099999905,4.400000095,0.949999988,1.440000057,4.25,4.320000172,0.600000024,2.619999886,4.320000172,4.579999924,0.819999993,2.819999933,3.0,5.019999981,,2.430000067,,4.880000114,0.680000007,,5.639999866,4.5,,
GBN-006-OW,Gariaband,Ground water,Chhattisgarh gw,Chhattisgarh,Gariaband,Gariaband,Manual,Gariaband,Gariaband,20.6153,82.0892,1973-11-01,2024-09-03,Dug well,Unconfined,11.27,HGZ,MANUAL-Water Level,m,6.199999809,11.27000046,2.329999924,5.989999771,6.960000038,11.27000046,1.059999943,5.150000095,6.269999981,11.27000046,1.25,6.0,7.150000095,11.27000046,1.0,4.599999905,7.0,9.770000458,1.149999976,4.75,7.130000114,10.77000046,1.100000024,4.699999809,5.849999905,10.5,1.25,4.429999828,5.800000191,10.26000023,1.25,4.5,5.900000095,10.89999962,2.420000076,2.799999952,5.949999809,11.0,2.329999924,3.25,6.0,11.27000046,1.970000029,2.589999914,5.349999905,6.820000172,3.730000019,2.75,5.199999809,7.699999809,3.200000048,3.400000095,5.46999979,7.900000095,2.900000095,3.25,5.300000191,9.5,2.799999952,3.099999905,5.400000095,9.600000381,4.269999981,4.400000095,5.599999905,8.819999695,4.349999905,4.150000095,5.769999981,8.75,3.5,4.440000057,5.809999943,6.269999981,2.369999886,4.5,5.849999905,8.350000381,2.970000029,3.819999933,6.099999905,5.369999886,,3.269999981,6.019999981,6.320000172,3.289999962,3.710000038,5.039999962,7.329999924,,3.519999981,3.170000076,5.670000076,2.670000076,,5.159999847,7.320000172,,
GBN-013-OW,Indagaon,Ground water,Chhattisgarh gw,Chhattisgarh,Gariaband,Mainpur,Manual,Mainpur,Indagaon,20.075,82.3708,1986-06-04,2024-08-29,Dug well,Unconfined,7.2,HGZ,MANUAL-Water Level,m,3.650000095,4.550000191,2.559999943,3.059999943,4.090000153,7.199999809,0.889999986,2.549999952,3.809999943,4.960000038,3.099999905,3.25,3.980000019,7.050000191,0.850000024,2.700000048,4.099999905,4.650000095,0.930000007,3.0,4.150000095,4.639999866,0.899999976,2.859999895,4.199999809,6.599999905,0.920000017,2.900000095,4.0,6.699999809,1.0,2.819999933,4.099999905,6.599999905,1.25,2.799999952,4.25,6.650000095,1.350000024,3.200000048,4.199999809,7.099999905,1.100000024,1.870000005,3.349999905,6.900000095,1.299999952,1.700000048,3.799999952,7.199999809,1.0,2.0,3.25,7.199999809,0.899999976,2.0,3.349999905,7.199999809,1.049999952,1.950000048,3.5,7.199999809,2.450000048,2.519999981,3.700000048,7.199999809,2.599999905,2.400000095,3.450000048,7.199999809,2.569999933,2.549999952,3.589999914,7.199999809,2.029999971,2.5,3.519999981,7.199999809,2.400000095,2.460000038,3.400000095,7.199999809,,2.119999886,3.700000048,7.199999809,2.039999962,2.380000114,3.5,4.25,,2.279999971,3.589999914,5.119999886,1.99000001,2.430000067,3.369999886,7.199999809,1.820000052,
GBN-011-OW,Jheriabahara,Ground water,Chhattisgarh gw,Chhattisgarh,Gariaband,Mainpur,Manual,Mainpur,Jheriabahra,20.2272,82.1944,1986-06-05,2024-09-03,Dug well,Unconfined,10.31,HGZ,MANUAL-Water Level,m,6.25,8.659999847,3.450000048,6.869999886,6.980000019,9.760000229,2.019999981,5.050000191,6.440000057,8.579999924,3.579999924,6.199999809,7.25,10.0,1.899999976,2.450000048,6.880000114,7.050000191,2.400000095,3.549999952,6.849999905,7.659999847,2.400000095,3.400000095,6.800000191,7.909999847,1.74000001,3.549999952,6.880000114,8.100000381,2.0,3.5,6.050000191,8.600000381,2.900000095,3.599999905,7.0,9.0,2.75,4.099999905,6.599999905,9.199999809,2.349999905,4.130000114,6.099999905,7.360000134,3.950000048,4.449999809,6.300000191,8.050000191,3.200000048,4.300000191,5.829999924,8.5,2.799999952,4.0,5.949999809,7.699999809,3.099999905,3.799999952,5.599999905,7.949999809,6.059999943,6.150000095,6.300000191,7.909999847,6.099999905,5.650000095,5.860000134,8.199999809,6.110000134,6.179999828,6.28000021,8.100000381,3.50999999,6.099999905,6.25,8.210000038,3.25,5.880000114,5.96999979,7.659999847,,4.820000172,5.760000229,7.519999981,3.24000001,5.059999943,5.150000095,9.56000042,,4.860000134,6.710000038,5.179999828,4.960000038,,5.670000076,6.099999905,,
GBN-008-OW,Joba,Ground water,Chhattisgarh gw,Chhattisgarh,Gariaband,Gariaband,Manual,Gariaband,Joba,20.4972,82.1375,1986-03-25,2024-09-03,Dug well,Unconfined,5.86,HGZ,MANUAL-Water Level,m,2.920000076,3.180000067,1.700000048,2.269999981,3.710000038,3.630000114,0.379999995,2.0,2.380000114,3.819999933,1.049999952,2.900000095,3.75,5.360000134,0.349999994,2.099999905,3.549999952,3.329999924,0.479999989,2.349999905,3.599999905,3.480000019,0.449999988,2.150000095,4.150000095,5.0,0.649999976,2.0,2.0,5.599999905,0.75,2.450000048,3.099999905,5.5,1.299999952,1.649999976,4.099999905,5.860000134,1.399999976,1.899999976,4.25,5.860000134,1.350000024,1.5,3.549999952,4.53000021,1.850000024,1.799999952,3.0,5.0,1.350000024,1.700000048,2.359999895,5.300000191,1.5,1.700000048,2.799999952,5.0,1.200000048,1.600000024,2.799999952,4.900000095,1.879999995,1.950000048,3.0,4.579999924,2.099999905,1.75,2.480000019,4.5,1.779999971,1.980000019,2.529999971,4.53000021,1.110000014,1.899999976,2.5,4.78000021,1.129999995,1.480000019,2.549999952,4.03000021,,1.860000014,2.680000067,4.119999886,0.879999995,1.559999943,1.980000019,5.0,,1.50999999,2.119999886,3.460000038,1.649999976,,2.730000019,4.179999828,,
GBN-010-OW(A),Mainpur,Ground water,Chhattisgarh gw,Chhattisgarh,Gariaband,Mainpur,Manual,Mainpur,Mainpur,20.2706,82.2508,1996-11-03,2024-09-03,Dug well,Unconfined,10.2,HGZ,MANUAL-Water Level,m,3.900000095,6.900000095,2.859999895,3.24000001,4.309999943,7.800000191,1.700000048,2.900000095,4.880000114,7.079999924,3.099999905,4.119999886,6.099999905,9.859999657,1.5,3.720000029,6.079999924,6.599999905,1.679999948,3.900000095,6.170000076,6.550000191,1.649999976,3.549999952,7.75,9.100000381,1.950000048,3.450000048,6.099999905,7.5,1.899999976,3.0,6.099999905,9.5,2.150000095,2.900000095,6.800000191,9.600000381,2.200000048,3.5,6.650000095,9.850000381,1.200000048,1.929999948,4.900000095,5.949999809,1.049999952,1.799999952,4.550000191,6.050000191,0.899999976,1.600000024,3.690000057,7.099999905,0.949999988,1.5,4.0,8.699999809,1.149999976,1.649999976,4.150000095,8.800000191,1.850000024,1.970000029,4.25,9.069999695,2.049999952,1.75999999,4.5,9.25,1.850000024,1.99000001,4.559999943,7.150000095,1.0,1.899999976,4.519999981,8.649999619,1.450000048,1.799999952,3.269999981,8.149999619,,2.690000057,5.050000191,7.980000019,1.25,2.700000048,4.199999809,8.449999809,,2.319999933,3.680000067,7.75,2.170000076,,3.680000067,9.039999962,,
GBN-003-OW,Pond,Ground water,Chhattisgarh gw,Chhattisgarh,Gariaband,Chhura,Manual,Chhura,Pond,20.7742,81.9517,1973-11-01,2024-09-03,Dug well,Unconfined,6.17,HGZ,MANUAL-Water Level,m,3.349999905,5.5,1.100000024,2.819999933,3.880000114,6.170000076,0.219999999,1.950000048,3.950000048,5.920000076,1.450000048,2.980000019,4.380000114,6.050000191,0.200000003,1.850000024,3.950000048,5.900000095,0.300000012,2.25,4.050000191,4.960000038,0.25,2.049999952,3.849999905,5.559999943,0.25,1.769999981,3.970000029,5.150000095,0.349999994,1.629999995,4.03000021,6.170000076,0.649999976,1.5,4.099999905,6.170000076,0.400000006,2.150000095,4.25,6.170000076,0.449999988,1.700000048,3.75,5.019999981,0.720000029,1.5,3.450000048,5.25,0.5,1.25,2.900000095,6.170000076,0.5,1.399999976,3.25,5.150000095,0.649999976,1.5,3.5,5.099999905,0.819999993,1.50999999,3.400000095,5.320000172,0.850000024,1.450000048,3.019999981,5.5,0.720000029,1.519999981,3.130000114,4.199999809,0.600000024,1.50999999,3.150000095,4.110000134,0.769999981,1.370000005,3.049999952,4.820000172,,1.519999981,3.25,4.730000019,0.949999988,2.180000067,1.919999957,3.869999886,,1.889999986,3.049999952,5.420000076,0.920000017,,3.210000038,3.720000029,,
GBN-001-OW,Rajim,Ground water,Chhattisgarh gw,Chhattisgarh,Gariaband,Rajim,Manual,Rajim,Rajim,20.9583,81.8833,1973-01-01,2024-09-03,Dug well,Unconfined,10.3,HGZ,MANUAL-Water Level,m,7.429999828,9.199999809,7.329999924,8.850000381,9.529999733,10.30000019,3.549999952,6.150000095,7.650000095,9.649999619,7.650000095,8.399999619,9.149999619,10.14999962,2.950000048,5.320000172,8.649999619,9.600000381,3.400000095,5.849999905,8.699999809,9.300000191,3.349999905,5.5,7.349999905,9.850000381,2.849999905,6.099999905,8.020000458,9.5,3.450000048,6.0,7.599999905,9.43999958,6.849999905,6.150000095,7.900000095,9.5,3.950000048,7.099999905,7.75,9.899999619,3.700000048,6.75,7.400000095,8.949999809,5.849999905,6.949999809,7.099999905,10.10000038,4.599999905,6.800000191,7.400000095,8.899999619,4.0,6.5,7.550000191,8.670000076,6.199999809,6.349999905,7.400000095,8.5,7.349999905,7.400000095,7.949999809,9.5,7.400000095,7.25,7.349999905,9.699999809,6.900000095,6.75,7.420000076,9.430000305,6.800000191,7.309999943,7.5,9.779999733,7.849999905,6.949999809,7.619999886,9.390000343,6.650000095,6.800000191,7.849999905,9.119999886,6.699999809,6.400000095,6.78000021,8.550000191,,6.050000191,7.050000191,9.289999962,5.320000172,,6.949999809,8.399999619,,
GBN-012-OW,Taurenga,Ground water,Chhattisgarh gw,Chhattisgarh,Gariaband,Mainpur,Manual,Mainpur,Taurenga,20.1686,82.2536,1986-06-04,2024-09-03,Dug well,Unconfined,10.53,HGZ,MANUAL-Water Level,m,3.849999905,6.650000095,3.049999952,3.980000019,4.269999981,,1.600000024,3.400000095,3.599999905,5.949999809,3.0,4.0,4.650000095,9.359999657,1.450000048,2.980000019,4.519999981,4.099999905,1.649999976,3.5,4.550000191,5.570000172,1.600000024,3.25,4.5,6.0,2.049999952,3.420000076,4.599999905,6.099999905,1.860000014,3.799999952,4.679999828,6.199999809,2.400000095,3.680000067,4.900000095,9.25,2.5,4.099999905,5.0,9.5,2.400000095,2.430000067,4.5,8.800000191,2.75,2.599999905,4.349999905,9.350000381,2.5,2.799999952,4.199999809,9.449999809,2.400000095,2.75,4.099999905,9.300000191,2.549999952,2.700000048,4.25,9.100000381,2.599999905,2.769999981,4.400000095,6.019999981,2.650000095,2.619999886,4.300000191,7.050000191,2.670000076,2.730000019,4.239999771,5.53000021,2.579999924,2.75,4.210000038,5.590000153,2.5,2.609999895,2.819999933,4.599999905,,2.480000019,2.779999971,4.480000019,2.299999952,2.900000095,3.220000029,5.050000191,,2.809999943,3.119999886,5.320000172,2.609999895,,3.119999886,5.670000076,,
